# problem=SEAS Benchmark BP5-QD
# code=Thrase
# modeler=B. A. Erickson
# date=2023/01/09
# element size=xx m
# location=on fault, z = 0.5 km
# Lz = 80 km
# t slip_y slip_z slip_rate_y slip_rate_z shear_stress state
0.0	0.0	0.0	1.0e-9	1.0e-9	13.273061180906112	13.273061180906112	8.146128035678238
6.6349145094533995e7	0.06635808252139876	6.62931820995859e-12	1.00034737050852e-9	9.98387490217203e-20	19.490035108454695	-4.6618774769147966e-11	8.146107480284591
2.0300334898212495e8	0.20327270087599175	2.026589676999485e-11	1.0049855697951286e-9	9.98888638400857e-20	19.489544856124866	1.5061813627485686e-6	8.145589862016374
3.011482046242373e8	0.3025756569535308	3.012116411784387e-11	1.0228032417687138e-9	1.0135633159491526e-19	19.487323182310433	7.654534047127293e-6	8.143407309819567
3.7588832686262363e8	0.38050060254532436	3.7834508288500446e-11	1.0719502680697949e-9	1.0598928948939507e-19	19.48124772763875	2.380831126911653e-5	8.137490840486706
4.334185085100298e8	0.4449022264573049	4.419685994823158e-11	1.1875038770681373e-9	1.1722245041780108e-19	19.468183426904492	5.9542388977127174e-5	8.124683372032028
4.760979102365386e8	0.49999233387204794	4.9631917852913506e-11	1.4397350679417347e-9	1.4196963776018374e-19	19.44465880053813	0.0001296072189663037	8.101162988319503
5.0484152612011904e8	0.5474843243898918	5.431369929911682e-11	1.9680915925752372e-9	1.939759520166575e-19	19.409422739832348	0.0002505817249200689	8.064593692876755
5.2270545801063013e8	0.5907960780467035	5.858233096974438e-11	3.148759991596483e-9	3.103398748406801e-19	19.362799631196612	0.0004456911648253002	8.013046574528394
5.3161950504511607e8	0.6270702315147167	6.215804375247749e-11	5.556656520454251e-9	5.478529807173451e-19	19.315392092873424	0.000696297618087811	7.95551040326957
5.356653079711779e8	0.6565154850891256	6.506177733450222e-11	9.991543053442357e-9	9.855386234181814e-19	19.275069497383825	0.0009661377195749251	7.900612425240377
5.376395736273851e8	0.6827000821910649	6.764514209309855e-11	1.8394910916444076e-8	1.815272626177654e-18	19.240721601165077	0.00125430761665038	7.847429543685471
5.386249261408267e8	0.7070276118769386	7.00464244208807e-11	3.456562089640047e-8	3.4126534929970775e-18	19.211684307822846	0.0015573826706284887	7.795752941753066
5.391208270196964e8	0.7302375148786945	7.233845251602942e-11	6.604488439905546e-8	6.523546346990319e-18	19.18716529198479	0.001872354448755504	7.745364804953529
5.393710011117221e8	0.7527653639089317	7.456410322556791e-11	1.2788668955494073e-7	1.2637350206704972e-17	19.16631367824273	0.002196894202160895	7.69601223198931
5.394971668684117e8	0.7748843929021568	7.675027215932239e-11	2.502875292113817e-7	2.474270453948441e-17	19.148316795034148	0.0025292968250667566	7.64743585184148
5.395606763649287e8	0.7967689904982059	7.891413603970238e-11	4.94040922767625e-7	4.8858046414426865e-17	19.13246635956842	0.002868292657859463	7.599404205321345
5.395925630526824e8	0.8185318994758186	8.106674394486865e-11	9.819644505306228e-7	9.714426974813995e-17	19.118183041056607	0.003212932469674767	7.551725467409232
5.396085255643969e8	0.8402461931458286	8.321522268911829e-11	1.962971697006416e-6	1.942484863550208e-16	19.10501547985822	0.003562499652287025	7.504249375113791
5.396164921220597e8	0.8619602028992538	8.536419913861937e-11	3.943189618165767e-6	3.9028354271270185e-16	19.09262430536603	0.003916467164690209	7.456860715112972
5.396204556040378e8	0.883704112043063	8.751646398792332e-11	7.954501765517294e-6	7.873848941181757e-16	19.08076254975897	0.004274416900926714	7.409477866056101
5.396224215905607e8	0.9054999707438796	8.967389290145993e-11	1.6107982972380755e-5	1.5943220313548154e-15	19.06925215320224	0.00463607728483455	7.362036823943615
5.396233938568282e8	0.927363195106294	9.183753013763454e-11	3.273551443240027e-5	3.2389129305362683e-15	19.057966525751905	0.0050012622886665865	7.314490170608092
5.396238732374157e8	0.9493034952854235	9.40076034363793e-11	6.674841233362099e-5	6.599163752959873e-15	19.046815428241764	0.0053698254741709585	7.266805457077493
5.396241089779481e8	0.9713367131478294	9.6184574674034e-11	0.000136558479052406	1.348247439614696e-14	19.035726127746408	0.005741814188445362	7.2189390007253555
5.396242246350219e8	0.993488614972356	9.836931854721658e-11	0.00028039497541507147	2.76196563779553e-14	19.024628723064673	0.006117499406717823	7.170826632556621
5.396242812747416e8	1.015807752765174	1.0056405459531484e-10	0.0005782219432292648	5.6745462059786444e-14	19.0134331136124	0.006497558889607528	7.122354044340583
5.39624308991081e8	1.0383921047166003	1.0277441825155357e-10	0.00119933833471565	1.1701217520078675e-13	19.001987709250265	0.006883483481178977	7.073295811205299
5.396243225767453e8	1.0614561717481532	1.0501500982208973e-10	0.002510780366527105	2.4271097085682355e-13	18.989988270237617	0.0072786379892902766	7.023163161146368
5.396243292808776e8	1.0854819255706407	1.0732173445167249e-10	0.005346453434071512	5.093012835451213e-13	18.976763416372112	0.007690652926706597	6.970860343783768
5.396243326258985e8	1.1113651006488794	1.0976020039461835e-10	0.011700108281386568	1.0883523291563166e-12	18.960840531343564	0.008133408960068613	6.9143251966777255
5.396243343126326e8	1.140343563328236	1.1240702934138857e-10	0.02622290029032038	2.346115007570559e-12	18.939178620411255	0.008624539472579996	6.850588744928611
5.3962433519818e8	1.1747616358249178	1.1539521784903053e-10	0.05908085113583232	4.962065841048879e-12	18.90520206411568	0.009196272162826036	6.773918237898889
5.396243357073675e8	1.2192246823311497	1.189524870899408e-10	0.12974758765179573	9.854503352474259e-12	18.846021356512225	0.009912565912261896	6.673026553917118
5.396243360245745e8	1.2777467413975383	1.2308907786770795e-10	0.2596329143737665	1.701862520544333e-11	18.747720433721817	0.010826234456113921	6.5377259736337106
5.396243362523956e8	1.3585573222709533	1.2785712337503272e-10	0.4767814226672183	2.516465272400433e-11	18.59086859969906	0.012060342733735312	6.348287023335598
5.396243364350169e8	1.4738423720093832	1.3303256884463067e-10	0.8214719430811178	3.0806827765919596e-11	18.347727486189452	0.013801418669235706	6.075635807168473
5.396243365857319e8	1.6322881724172982	1.3757560808784356e-10	1.3251572812937837	2.714646181827325e-11	17.998125989031685	0.016186139916529212	5.698870873014859
5.396243366821228e8	1.7826004103318327	1.3965115605798758e-10	1.8239394855507771	1.401021526046593e-11	17.663411501973414	0.01843475858224692	5.340011203614887
5.396243367654521e8	1.9592055897819944	1.4002252712768625e-10	2.458630978804556	-6.478526560259717e-12	17.295584390191202	0.021000582205192967	4.9147586690512055
5.396243368341861e8	2.1534609650843226	1.3870651509899397e-10	3.2423244176635158	-3.481457171082696e-11	16.938326937482138	0.023741680447006586	4.437563291333303
5.396243368948504e8	2.3778739473281822	1.3534618378213862e-10	4.2011718226605765	-7.89011223887682e-11	16.535031282860285	0.026826801883092454	3.8737758397230584
5.396243369337376e8	2.5555758098971855	1.3172957468989204e-10	4.954374683274635	-1.0291137578507613e-10	16.196463835048306	0.02915414421193341	3.420799902773992
5.39624336964487e8	2.7177751708038334	1.2875525090640716e-10	5.597992111586096	-8.008618988178197e-11	15.856100655997025	0.031111356142621626	3.0038041201125445
5.396243369891373e8	2.8620579584274664	1.2758502680259482e-10	6.102729859390571	-5.110761802676705e-12	15.514037793899142	0.03264736831759015	2.6303534289185366
5.39624337013048e8	3.013354130900034	1.2888961396077774e-10	6.5405171370262405	1.2276815116651175e-10	15.10544706828163	0.03400124447608722	2.2360468434408567
5.396243370365431e8	3.171264398523627	1.3367647500963984e-10	6.88443275459793	2.900058920620938e-10	14.619153608628228	0.03510306238809388	1.8210617221783376
5.396243370603448e8	3.338090871697678	1.4282959633905465e-10	7.109497292557999	4.807514455673588e-10	14.036643586251298	0.03589365006213404	1.3778067724611323
5.396243370835692e8	3.50419508556988	1.5614269032097222e-10	7.161954373310149	6.624231670879106e-10	13.385497554096222	0.03626121336402725	0.9291792510696262
5.396243371078358e8	3.676189764522818	1.7416266283459558e-10	6.963859212075055	8.131599665005656e-10	12.633500193180385	0.036143622655335474	0.4507266474559068
5.39624337134157e8	3.8530125195053597	1.9688276509924033e-10	6.425855529676775	8.987733188475393e-10	11.758478167139291	0.03540193536206446	-0.0688928336531237
5.396243371584264e8	4.0015114310921565	2.1897165689006854e-10	5.814983704945793	9.142758026485984e-10	10.921702968395987	0.03419831471441764	-0.5322125837691173
5.39624337186084e8	4.153904729880288	2.440925150135727e-10	5.2359852261529545	8.994122053920229e-10	9.982658174701694	0.03238250854261223	-1.0003575049451787
5.396243372181629e8	4.314087061474392	2.7251229257098394e-10	4.78513799948239	8.719016442424667e-10	9.026746439856158	0.030037010463768676	-1.367927519017694
5.396243372463402e8	4.445004236948546	2.9674446338322264e-10	4.5229890268401505	8.487373354641785e-10	8.417893431181643	0.028111126991731874	-1.5005973164722992
5.396243372761934e8	4.577014363400012	3.2180313623828133e-10	4.335095500434433	8.316656410352351e-10	8.040736277218784	0.026348549342376165	-1.5258580866231088
5.396243373109016e8	4.725203431282363	3.505055110229892e-10	4.22360026906994	8.24455298486139e-10	7.870416939448521	0.024503371255872024	-1.5111053633161118
5.396243373522427e8	4.8996950474144265	3.846827280225353e-10	4.24621778099636	8.314554418664142e-10	7.895239027652078	0.022281270033713035	-1.497514584275651
5.396243374019947e8	5.116066932863106	4.2659087125484e-10	4.489192039564025	8.551226738179321e-10	8.098377738710827	0.01929428895053578	-1.5101130031363035
5.396243374429415e8	5.306709451231629	4.6207201811185664e-10	4.842567042330139	8.768597151999804e-10	8.345766406266385	0.016504444753543315	-1.5410501779753385
5.396243374725392e8	5.454614971531233	4.881453449723587e-10	5.157005360240896	8.826442188952191e-10	8.54613445475917	0.014304396853337977	-1.570260850733546
5.396243374952679e8	5.574703307895717	5.081593881602268e-10	5.410505565282618	8.772867368758839e-10	8.698265123306427	0.012489049325074868	-1.5938425030217065
5.396243375174212e8	5.697310361682689	5.274881987082173e-10	5.658475050093708	8.673381873019604e-10	8.842147458352684	0.010569749444055376	-1.6161639524803393
5.396243375422308e8	5.841172892974179	5.488602840800139e-10	5.940363970143791	8.55734078953491e-10	9.005216288310244	0.008224971786206178	-1.639811973986366
5.396243375724466e8	6.026070937801588	5.745323305114563e-10	6.302899239596781	8.440519082331876e-10	9.219847476500213	0.005107263252647317	-1.6674562917272235
5.396243376052352e8	6.239675899511559	6.020290239223463e-10	6.733147152129745	8.328536376519154e-10	9.481281553222615	0.0014384421751576048	-1.6975391801907906
5.396243376256423e8	6.379966737814923	6.189195447997415e-10	7.017058543507318	8.21012751804581e-10	9.653941725123765	-0.0009248653909104853	-1.7164957434191501
5.396243376400595e8	6.482575721400849	6.306540903790961e-10	7.215939691928134	8.056525787144912e-10	9.771666021022781	-0.0025730826114087097	-1.7296116189152348
5.396243376534337e8	6.580268293664286	6.413007012454367e-10	7.390996865078534	7.856655640572845e-10	9.87087229763641	-0.004081605565443503	-1.7410964078306774
5.396243376673998e8	6.68467748167192	6.520979915001782e-10	7.557652766799511	7.59570351023382e-10	9.959776240825036	-0.005629763577845396	-1.7519301663871714
5.396243376794984e8	6.776894076946434	6.611274667238558e-10	7.683438372250105	7.322618685895042e-10	10.021188949988755	-0.006915723267849384	-1.760048261614926
5.39624337691031e8	6.8660964115274	6.694050705166055e-10	7.782641713543797	7.029314530885997e-10	10.063232780957136	-0.008078412513762501	-1.7664511033881656
5.396243377023244e8	6.9544316255507725	6.77176267821988e-10	7.85763004179246	6.734152655287621e-10	10.087714448748763	-0.009164259302905865	-1.7712893364496924
5.396243377143258e8	7.049091375003502	6.850772671297314e-10	7.9131728779680035	6.43651137249873e-10	10.096798232842168	-0.010272518635714638	-1.7748127659169506
5.396243377289346e8	7.165002373583399	6.942402784705242e-10	7.950123154392562	6.11571726543715e-10	10.08821632363177	-0.011565554957865123	-1.776968416827767
5.396243377483307e8	7.3193317575482775	7.057515366254263e-10	7.9558124550398865	5.769232392171185e-10	10.05212404178505	-0.013186377036896142	-1.776773400453491
5.396243377748412e8	7.529683587968169	7.205662022266793e-10	7.903970842298738	5.432268061663328e-10	9.973944891723946	-0.015213193179722941	-1.772431113764263
5.396243378096001e8	7.802235578671208	7.389553898975066e-10	7.768803537593865	5.17958561204938e-10	9.846170747836318	-0.017529385319833394	-1.762511520264562
5.3962433785311e8	8.13547825357944	7.611690686598161e-10	7.542084696562968	5.057303554362077e-10	9.673384924749982	-0.019906349753407552	-1.7469230091254881
5.3962433790666e8	8.531012785537662	7.881953417571114e-10	7.2269971496584535	5.051414572525356e-10	9.46295512382953	-0.02214225482898125	-1.7260498176031625
5.396243379713187e8	8.985638143206016	8.210090483097968e-10	6.835522706137582	5.09924424840282e-10	9.223417551709453	-0.02405596541051253	-1.7003580860110894
5.396243380465965e8	9.48333390907431	8.595062090140901e-10	6.390476516618981	5.11824139451724e-10	8.966218208529675	-0.025528888309178113	-1.6705472705743154
5.396243381304443e8	9.99923201944787	9.022042790428468e-10	5.919905824816651	5.052132002047302e-10	8.704137488125035	-0.02656003273997744	-1.6375025495556201
5.396243382197582e8	10.506768579476436	9.466770178318379e-10	5.450868604552755	4.893495715942015e-10	8.44966033614245	-0.027233894508800392	-1.6023113932405375
5.396243383142328e8	10.999696821247042	9.918374665334747e-10	4.990190798472617	4.657136595781407e-10	8.20525134532597	-0.02766764156611461	-1.564943408351275
5.396243384144318e8	11.47679938125028	1.0370508292213613e-9	4.539102211338683	4.3620056494566864e-10	7.971352569130666	-0.02794463129846664	-1.525050628818537
5.3962433852116e8	11.937358732410553	1.0818253969777994e-9	4.097869342946047	4.025945147507776e-10	7.748450799630696	-0.028118626889898902	-1.4821896058820545
5.396243386354762e8	12.380759355198327	1.1257542822440312e-9	3.666324334021973	3.661184640404577e-10	7.5371583427498265	-0.028225613258916152	-1.4357859671666464
5.39624338758761e8	12.80629437578358	1.1685116677895756e-9	3.24405721992294	3.27872890279136e-10	7.3382903669221164	-0.028292281928688243	-1.3850748454884472
5.396243388928401e8	13.213024605491775	1.2098045648230575e-9	2.830464714437191	2.8854859281713137e-10	7.152980864943892	-0.028341898306308833	-1.3290056896565534
5.39624339040149e8	13.599510972873315	1.2493313649288189e-9	2.424827192748722	2.487099978664884e-10	6.982916969387425	-0.028398831748108828	-1.2660991084562638
5.396243392039915e8	13.963449472891199	1.286745993872326e-9	2.0263457775372484	2.0876429667129526e-10	6.830705404196955	-0.02849318967397373	-1.194198049358592
5.396243393885214e8	14.300396137863402	1.3215130840486948e-9	1.635000406943134	1.689252990592236e-10	6.70076117981457	-0.028666965698772726	-1.1102084287122844
5.396243395973237e8	14.601003160116445	1.352589324574973e-9	1.2544408265672327	1.2981047403373676e-10	6.600780379538556	-0.028981059684548758	-1.010281347586896
5.39624339826669e8	14.846896156639524	1.3780435467985271e-9	0.8999555581741548	9.320207881729269e-11	6.542325134909142	-0.02950661755006748	-0.8927110473745798
5.396243400680479e8	15.025215391735804	1.3965097105606127e-9	0.5871516643847801	6.07828373434705e-11	6.533492300380807	-0.03030833128345931	-0.7574300552066164
5.396243403252783e8	15.140072381521588	1.4083950165881175e-9	0.3172528187880121	3.2818326945727575e-11	6.578867321097768	-0.03148533553975189	-0.5976319315639155
5.396243406235344e8	15.200128852179322	1.4146010385164393e-9	0.10748813532688149	1.1092671886878969e-11	6.69275147986	-0.03318771187200887	-0.3975078924762567
5.396243410470252e8	15.220057990928334	1.4166546098005311e-9	0.015067510085117227	1.5478546799426122e-12	6.9071488819801985	-0.03541809574926478	-0.14168659024285044
5.396243418183762e8	15.223697171291406	1.4170275524835894e-9	0.000983401284386048	1.0035716860166711e-13	7.200129308405515	-0.03783510386858686	0.15752729235708182
5.39624343269278e8	15.22407925696536	1.417066482940946e-9	4.150612094215707e-5	4.214377012949894e-15	7.475394239710845	-0.03994949548882618	0.457173499945451
5.396243459517184e8	15.22410675176811	1.417069271942803e-9	1.376063010535266e-6	1.3920836576638436e-16	7.701989441764333	-0.04167804867861059	0.7435914489590522
5.396243509283621e8	15.224108355609813	1.4170694340421404e-9	3.866125817834017e-8	3.900264289088786e-18	7.890802717820158	-0.04313259300281511	1.0218585190113194
5.396243602889229e8	15.224108436466643	1.417069442192538e-9	9.328728853524338e-10	9.387083507333292e-20	8.055411287691975	-0.04441514685774354	1.298339650299148
5.396243780643296e8	15.224108440025446	1.4170694425504387e-9	1.9699634069639443e-11	1.9783757217253504e-21	8.203928820630132	-0.045584114274648375	1.575786384807539
5.396244120197533e8	15.224108440164429	1.4170694425643874e-9	3.7281160751190605e-13	3.737341937852869e-23	8.341039577991033	-0.04667310078360582	1.8549571440930892
5.396244771565409e8	15.224108440169344	1.4170694425648802e-9	6.459297667311235e-15	6.463589943721254e-25	8.469680343729344	-0.04770334637966984	2.1359084750879007
5.396246025255928e8	15.224108440169505	1.4170694425648966e-9	1.0422219863113253e-16	1.0414294176679559e-26	8.591824819904794	-0.048689268775858226	2.418488748916071
5.396248445009568e8	15.224108440169505	1.4170694425648966e-9	1.586781840603837e-18	1.5831723958461557e-28	8.708865162949913	-0.04964113513437716	2.7025067702565027
5.39625312693372e8	15.224108440169505	1.4170694425648966e-9	2.3023107232304503e-20	2.294136970049128e-30	8.821820916552944	-0.050566534229359396	2.987791750947886
5.396262206223507e8	15.224108440169505	1.4170694425648966e-9	3.2073889394263295e-22	3.1917312423917317e-32	8.93146015784567	-0.051471234910616316	3.274206328401322
5.396279849822336e8	15.224108440169505	1.4170694425648966e-9	4.314609291606398e-24	4.288773347452597e-34	9.038375392295471	-0.05235972779921647	3.561646266679
5.396314203596473e8	15.224108440169505	1.4170694425648966e-9	5.629149689629762e-26	5.590132867567477e-36	9.143030950989534	-0.05323556204608188	3.8500300168809147
5.396381224283825e8	15.224108440169505	1.4170694425648966e-9	7.145523479310975e-28	7.088487544833332e-38	9.245803463556278	-0.05410164219770978	4.139312746705966
5.396512208297492e8	15.224108440169505	1.4170694425648966e-9	8.850548101368186e-30	8.772003854739729e-40	9.34698909638265	-0.05496025382529305	4.429436006062241
5.396768664080684e8	15.224108440169505	1.4170694425648966e-9	1.0718499065666507e-31	1.0612736598299788e-41	9.446838864678263	-0.0558133243473869	4.720374292860402
5.397271669193088e8	15.224108440169505	1.4170694425648966e-9	1.271385161915207e-33	1.2578308621021398e-43	9.545562575017094	-0.05666240794036826	5.012105082413918
5.398259928044591e8	15.224108440169505	1.4170694425648966e-9	1.4794422809932122e-35	1.4621455466602952e-45	9.643340097008156	-0.05750869997489084	5.3046033779247885
5.400204704699428e8	15.224108440169505	1.4170694425648966e-9	1.6916726697698448e-37	1.6704858467221138e-47	9.740334054911266	-0.0583529968562335	5.597837796944346
5.404038269813832e8	15.224108440169505	1.4170694425648966e-9	1.9032324890274778e-39	1.8781613412096658e-49	9.83672097036213	-0.05919568093674494	5.89180863638829
5.411607132012376e8	15.224108440169505	1.4170694425648966e-9	2.1109893667453985e-41	2.0818215197188327e-51	9.9327044702436	-0.06003627505734358	6.186496606613199
5.426573893104962e8	15.224108440169505	1.4170694425648966e-9	2.3151629880129473e-43	2.2811624921247166e-53	10.028575806337436	-0.06087285990362926	6.481879411943539
5.456215069544921e8	15.224108440169505	1.4170694425648966e-9	2.522503113002828e-45	2.483158626750286e-55	10.124823802111386	-0.061700827296274914	6.777946109408465
5.515000087151647e8	15.224108440169505	1.4170694425648966e-9	2.755481563270191e-47	2.71016016706701e-57	10.222328921587867	-0.06251018114675241	7.074658058881373
5.631722207892312e8	15.224108440169505	1.4170694425648966e-9	3.070938072993909e-49	3.0164380418770255e-59	10.322773771170567	-0.0632803756592796	7.37195182092426
5.863683722580137e8	15.224108440169505	1.4170694425648966e-9	3.612662155342422e-51	3.541869791260615e-61	10.42945336610105	-0.06396999444320592	7.669726169170953
6.324690522634603e8	15.224108440169505	1.4170694425648966e-9	4.8000851243241145e-53	4.691974086959657e-63	10.548862916741633	-0.06449626728370284	7.967757172697928
7.239391580796032e8	15.224108440169505	1.4170694425648966e-9	8.23871934700899e-55	8.007083476826008e-65	10.693825818459622	-0.0646956592621388	8.265560250961903
9.04346403134135e8	15.224108440169505	1.4170694425648966e-9	2.3821060552682857e-56	2.2914231647576657e-66	10.88937277800462	-0.06425188416018088	8.561962035390938
1.253765423756434e9	15.224108440169505	1.4170694425648966e-9	1.9337445291663422e-57	1.8245202747255965e-67	11.18234010734519	-0.0625885532272133	8.853784018024742
1.8956213152151854e9	15.224108440169505	1.4170694425648966e-9	1.0607200551306928e-57	9.675586666515774e-68	11.648752954986797	-0.05883950159634669	9.132258720627007
2.9406357015826516e9	15.224108440169505	1.4170694425648966e-9	1.1326753357182768e-56	9.808843292435344e-67	12.374693541532231	-0.052329864115477	9.380394215064884
4.434296009441741e9	15.224108440169505	1.4170694425648966e-9	5.983237485252385e-54	4.8376328590143794e-64	13.472372965415879	-0.043206566011045035	9.590470851392844
5.969812915232712e9	15.224108440169505	1.4170694425648966e-9	4.372783922729888e-50	3.3167716504379516e-60	14.792289398494894	-0.0346542774905003	9.734814911646371
7.225950004247949e9	15.224108440169505	1.4170694425648966e-9	3.3489252465372813e-46	2.422028824120688e-56	16.060478264802406	-0.028204569677385636	9.825187525495084
8.650281068668509e9	15.224108440169505	1.4170694425648966e-9	3.3125056550907064e-41	2.2797650980989692e-51	17.664530514725804	-0.02073070969813007	9.909056020906707
1.0235305289941816e10	15.224108440169505	1.4170694425648966e-9	2.6474252143004195e-35	1.7323336673824202e-45	19.5321986530332	-0.011211285824693749	9.986578315965344
1.190987830376e10	15.224108440169505	1.4170694425648966e-9	4.685186022618267e-29	2.919049242493359e-39	21.474112677889586	0.0003800263774612584	10.055769602171548
1.2730783333165943e10	15.224108440169505	1.4170694425648966e-9	5.206812028994046e-26	3.1724175369603684e-36	22.387359253658254	0.006480318433889572	10.082545628278428
1.302136558583827e10	15.224108440169505	1.4170694425648966e-9	8.716359208642704e-25	5.275259770927566e-35	22.534876239805037	0.008594883994274102	10.055877070309567
1.3207313013230152e10	15.224108440169505	1.4170694425648966e-9	7.28651503886478e-24	4.392266533223708e-34	22.4816084465351	0.009859052830546649	10.008143683021437
1.3392139521909184e10	15.224108440169505	1.4170694425648966e-9	6.782643003701819e-23	4.0724162671245305e-33	22.392991393366906	0.011074361761716969	9.953060654676944
1.3579326382229221e10	15.224108440169555	1.4170694425648994e-9	6.946620982467258e-22	4.154517358475049e-32	22.296790684248613	0.012277178969746488	9.895816091940956
1.3764512821889694e10	15.22410844017007	1.41706944256493e-9	7.323334572186151e-21	4.363147996340744e-31	22.200636034267028	0.013446640489592442	9.839078773471238
1.395005445138446e10	15.224108440175748	1.4170694425652682e-9	8.136174674920749e-20	4.828732035390833e-30	22.104612618733874	0.014606331992762924	9.782649898321939
1.4238826778196861e10	15.224108440450637	1.4170694425815094e-9	3.75138657047232e-18	2.2134543780447883e-28	21.957657531419436	0.01640383943424961	9.69668822925591
1.4766630821217642e10	15.22410880644329	1.4170694639880299e-9	5.051909502638049e-15	2.950046700836831e-25	21.705510539183273	0.019711099996372033	9.550425792578865
1.5273965660702202e10	15.224524602333561	1.4170935392030588e-9	5.704399048027012e-12	3.298789621419515e-22	21.49665730314768	0.0229911009459416	9.430493573050923
1.551245474285526e10	15.232106731515822	1.4175307712402821e-9	7.880874968603353e-11	4.5398957784451506e-21	21.417295546783315	0.024759601561732358	9.379717209649069
1.565473726237742e10	15.247926983302927	1.4184415290999056e-9	1.362219480565578e-10	7.837401109431018e-21	21.369717222596513	0.025914101745238626	9.344574528796342
1.5791211569417051e10	15.268082251779177	1.4196007989929066e-9	1.5545818138837578e-10	8.939080681837986e-21	21.311506896103772	0.02689820767693261	9.30638248574664
1.592655143648752e10	15.289647076029059	1.4208402577850932e-9	1.6232476304223494e-10	9.326763447686196e-21	21.24787325416326	0.02778268254743246	9.267529184812362
1.6065822891812408e10	15.312540734801926	1.4221553759800847e-9	1.661562697147631e-10	9.541591046864743e-21	21.18260260601982	0.028641335351656815	9.228655952216489
1.6195703224666052e10	15.334289626690005	1.4234039493773107e-9	1.6861254725242877e-10	9.676704998503203e-21	21.124222594425582	0.02941322404976966	9.19423734719497
1.6317828374423319e10	15.354986301241587	1.4245914966049842e-9	1.7021937694590436e-10	9.764755110874082e-21	21.07236137337315	0.03012624294552543	9.163868818101726
1.6462414380491392e10	15.379683720798532	1.4260077430183647e-9	1.712515906394337e-10	9.81640052933612e-21	21.01540476369268	0.03097506113819921	9.130759842865126
1.6728735308791227e10	15.425293916137552	1.42862057085828e-9	1.708188207778937e-10	9.779183178882318e-21	20.92481051185215	0.03259840401344349	9.078727944541056
1.6980063539373928e10	15.468399638679223	1.4310868831919827e-9	1.7685976057657165e-10	1.0111735164391805e-20	20.85925850644947	0.03441671852702228	9.039663058153238
1.7100549670636923e10	15.491109531097079	1.4323849402464474e-9	2.0344965165023687e-10	1.1624737307990745e-20	20.83528683842858	0.035738136406669015	9.019629218247958
1.7203739131411106e10	15.513494855804094	1.4336638595733829e-9	2.2883345095910733e-10	1.3073049286945337e-20	20.807284027662483	0.03683706184405567	8.997391282756213
1.730371301449303e10	15.537161174700445	1.4350159752713025e-9	2.4305896748443384e-10	1.388689223852307e-20	20.770841157905956	0.037713667837521676	8.972696264359497
1.740247981606742e10	15.561562933242612	1.4364102846458405e-9	2.502852880700991e-10	1.4301089423635692e-20	20.731047741402527	0.038446694383772274	8.947631247047038
1.7502726937420864e10	15.586863779173724	1.4378561691450457e-9	2.540552969927893e-10	1.4517861411946687e-20	20.690638699039248	0.0390987347328604	8.922955408463956
1.759421489817664e10	15.610190789348884	1.4391892744818949e-9	2.5564379007544274e-10	1.4611274940448628e-20	20.65534562122952	0.03963177134395949	8.901728007968538
1.7679191127162647e10	15.631933996393741	1.4404320505253046e-9	2.5594330959904644e-10	1.4629934020155178e-20	20.624556720817672	0.04009082998888041	8.88339410331052
1.7775875560524406e10	15.656670969778476	1.4418459540873623e-9	2.559608435278735e-10	1.4632458674497983e-20	20.592401302174245	0.04062152059442344	8.864312525334698
1.7899409573962776e10	15.688873476237088	1.4436866167611952e-9	2.721120651527701e-10	1.555356904638341e-20	20.557904171787378	0.04166915082811228	8.841439025286387
1.7977254940672993e10	15.711358149651529	1.4449716323845287e-9	3.0806192515423234e-10	1.7609240758943287e-20	20.537885605556205	0.042775038272428866	8.824057648868196
1.804982438513202e10	15.735042832408835	1.4463254141503112e-9	3.434129136815694e-10	1.9630102317511934e-20	20.511620191387387	0.04378169630458859	8.802985586322132
1.811896739190844e10	15.759696825596322	1.4477345090393686e-9	3.6822961134945614e-10	2.1045835838895675e-20	20.47809640257139	0.04456236597712595	8.77928428575479
1.8186044008393093e10	15.784994484340114	1.4491805678493058e-9	3.851190764576015e-10	2.2013902667317516e-20	20.44055326971847	0.045155706761463556	8.754474820766138
1.825177939964479e10	15.81073466544268	1.4506519674477605e-9	3.976555175660245e-10	2.2733240200336965e-20	20.40167044996722	0.04560525200203818	8.729572559541127
1.8310693678413944e10	15.83451058175208	1.4520112557890895e-9	4.107569366977241e-10	2.3482866615942793e-20	20.366793165865808	0.04596449811424084	8.707179598734792
1.8363191452622696e10	15.856738884755702	1.4532823343802468e-9	4.4175836935125254e-10	2.5262965452466226e-20	20.33720963514697	0.046510132482108994	8.686342302406235
1.8411056009780426e10	15.879299406391201	1.454572782922843e-9	5.068577406920442e-10	2.8995398241825134e-20	20.309731246697744	0.04742380978415212	8.663701962825206
1.845492884219393e10	15.903281121428414	1.4559448703273787e-9	5.882197666600278e-10	3.3658978134940625e-20	20.276932429037068	0.048393622299207455	8.636829244168597
1.849523972258056e10	15.928607266441572	1.457394131573213e-9	6.691838849640518e-10	3.829144327000789e-20	20.23600877201924	0.049201898579816515	8.605835929972894
1.853232529389305e10	15.955020674673023	1.4589058684292778e-9	7.631763255019439e-10	4.3687773030503967e-20	20.189466302761282	0.04995061121380819	8.571549402293034
1.8559407271568302e10	15.977426176541009	1.4601887676347385e-9	9.144769898557338e-10	5.2389841046407246e-20	20.15202589170716	0.050993586754547245	8.540759815896324
1.8579186941058968e10	15.99774365250321	1.4613532843278572e-9	1.1769589866809548e-9	6.74824282918575e-20	20.121423996957226	0.05252987709614603	8.510556614053218
1.859028365504211e10	16.012389063457423	1.4621934606345493e-9	1.5002385331193507e-9	8.611036659785497e-20	20.101619804586683	0.054081863767358414	8.487058649932994
1.859941427410532e10	16.028256656868518	1.4631048623347642e-9	2.0384339865965407e-9	1.171524389624219e-19	20.081598617734535	0.05613344570652725	8.459907487282742
1.8606952364769684e10	16.046642864749817	1.4641626044508685e-9	2.9523594838248957e-9	1.6997595076384225e-19	20.05758075804801	0.05873572203750035	8.426454425798548
1.8612771331198788e10	16.067660718753746	1.4653739061704711e-9	4.472600925635698e-9	2.580414047637957e-19	20.027015868670965	0.06177879031494724	8.386075538696947
1.8617218903360153e10	16.09272134609563	1.4668218528157113e-9	7.215287334423397e-9	4.174920714470388e-19	19.986142105996215	0.06536874070258322	8.335710940956616
1.8620443031507908e10	16.123196869924126	1.4685888196353621e-9	1.2685172557676506e-8	7.369497434846016e-19	19.931628613757233	0.06962752143792501	8.272245477118199
1.862231816463255e10	16.15439546315179	1.4704057994604311e-9	2.2402127437709872e-8	1.3084112227276086e-18	19.872557922876787	0.07385094933724899	8.205662643581658
1.862353896517357e10	16.192221824825975	1.4726243782897763e-9	4.459293241465997e-8	2.6276921479371705e-18	19.798881523742587	0.07878888766434214	8.12363969959394
1.8624146595710846e10	16.229666501400143	1.4748431605502236e-9	8.872997402007e-8	5.2899535102772744e-18	19.72546537026094	0.08347723615754418	8.041671709043328
1.8624457633826054e10	16.26846158837345	1.4771761810490402e-9	1.8379821884275997e-7	1.1158283302671781e-17	19.65040153736468	0.08808870982687886	7.956359327808461
1.8624603913613953e10	16.306303467267316	1.4795023067909026e-9	3.8230323098190806e-7	2.3843513496157412e-17	19.57924386664505	0.09230409049156799	7.873008985219671
1.862466646962232e10	16.33881403247948	1.4815639249157087e-9	7.353652215184982e-7	4.7528887219893515e-17	19.52066591156541	0.09563386456306222	7.8014070890446305
1.862469721122998e10	16.369397034644305	1.4835875693124292e-9	1.4003448918823037e-6	9.515854770713607e-17	19.468566175681566	0.09845282277170958	7.734112015523732
1.862471095379885e10	16.394387971172552	1.4853337479877843e-9	2.432273265035621e-6	1.7521993579994598e-16	19.428702055934288	0.10048875183176881	7.679191019549561
1.862472010720009e10	16.425604406051843	1.48769454091064e-9	5.031584753066112e-6	4.0159297825053414e-16	19.382835774649443	0.10266804958816461	7.610698314017904
1.8624724843649635e10	16.461362967219372	1.4907911609904656e-9	1.2201303834355157e-5	1.1557902249121023e-15	19.33592366424177	0.10466984565947413	7.532405608543796
1.8624726717713215e10	16.496084136840935	1.4944760665573972e-9	3.0385507044913632e-5	3.641152632298164e-15	19.29593764541398	0.10614164435955506	7.456551720493018
1.8624727425843384e10	16.528546166056554	1.498962827411023e-9	7.436227168489166e-5	1.1906544507321994e-14	19.263029484418873	0.10714637829873225	7.385766497833538
1.8624727709992275e10	16.560849406338278	1.5051397849918217e-9	0.000187495746164351	4.281900104767335e-14	19.23395816206699	0.10784464036035525	7.315432839752904
1.8624727819820946e10	16.592426430377305	1.5139880039477294e-9	0.000475361495089892	1.6258111245105226e-13	19.208427715357324	0.10828867534540382	7.246755764589341
1.862472786249128e10	16.623651317489628	1.5273793454529594e-9	0.0012141012667662287	6.461368803035045e-13	19.18529365644583	0.10854201903322826	7.1788839200503
1.8624727879207634e10	16.65510778069372	1.548751378658499e-9	0.0031426714479142553	2.684027133817539e-12	19.163256560978432	0.10864871648611685	7.110490953658337
1.86247278858827e10	16.688152917401627	1.5854857449413689e-9	0.008403326068880735	1.1892869326831194e-11	19.14004214846782	0.10863006249261868	7.038496463566239
1.8624727888629753e10	16.72567990449553	1.6563800722672418e-9	0.023833398428299787	5.807856527942787e-11	19.110331639984828	0.10846599854520131	6.956211010089832
1.862472788981008e10	16.772774876195793	1.8124327683349074e-9	0.06984508515837608	2.98264008368959e-10	19.060696582292458	0.10805824737343717	6.851321599105495
1.862472789036139e10	16.834970856313372	2.1637824073347508e-9	0.18211987490938825	1.280842761255641e-9	18.968915460985023	0.10725395662765891	6.709431273454018
1.8624727890678936e10	16.921500125425055	2.9300612107889664e-9	0.3990868308697662	4.2272989763215395e-9	18.808886779955124	0.10589426314848399	6.507880866808785
1.8624727890908558e10	17.05123454707204	4.602159296914264e-9	0.7801638109481067	1.1721879115656498e-8	18.53897379292375	0.10371668930951833	6.201852408369454
1.862472789108935e10	17.24119060606614	7.963134538170355e-9	1.3851009968180585	2.7888886339835428e-8	18.12138999257406	0.1004917047680551	5.750511914810564
1.8624727891213356e10	17.454382363026745	1.2723006988492554e-8	2.1177458698031817	5.120887029438389e-8	17.662180156924343	0.0962979647667103	5.239856880321541
1.8624727891309425e10	17.700245708185204	1.9024699629513798e-8	3.080474977286484	8.295675544285064e-8	17.194417129187578	0.09135933962322133	4.637673812743639
1.8624727891391193e10	18.00080859018691	2.75915959653829e-8	4.351717363647365	1.3103332845778028e-7	16.639166232307225	0.08796144733081714	3.880714386670849
1.8624727891448326e10	18.282580541701748	3.649459451261175e-8	5.560715018673947	1.8355591455756723e-7	16.095455447572938	0.08583816049423632	3.1592243684599004
1.862472789147858e10	18.46200159853492	4.2546189486367635e-8	6.313030686084678	2.1660776728264114e-7	15.731669627479029	0.08409475042410353	2.69630033303596
1.8624727891501987e10	18.61687035377129	4.788537639683582e-8	6.920062081313025	2.3822290662747497e-7	15.39555976094065	0.08149443401230046	2.2947330027297674
1.862472789152107e10	18.75346656639728	5.252437320715495e-8	7.3921500003972715	2.4604673938710733e-7	15.069806213493372	0.07781359058085968	1.9385703786589499
1.862472789153866e10	18.886873831104538	5.682204031939078e-8	7.770683784798522	2.404977550406125e-7	14.715364965728362	0.07289178474447379	1.5881872620065594
1.8624727891555004e10	19.016167843715944	6.061954934434354e-8	8.037811707860326	2.2208297776475882e-7	14.331768259589076	0.0671371914741381	1.245139812375188
1.8624727891570232e10	19.13973981760413	6.37927707720524e-8	8.17537363679027	1.9292715490239652e-7	13.925436524718641	0.06109635607472744	0.9124236729760199
1.862472789158471e10	19.258217281060602	6.632636591065818e-8	8.16634787090801	1.5580086161061626e-7	13.497209370661473	0.0551100813776885	0.5863645166759283
1.862472789159898e10	19.373770818252517	6.825453590398717e-8	7.999223548332531	1.1392897022234133e-7	13.03870368919062	0.049285930075723065	0.2580318535944803
1.8624727891613922e10	19.49101645646513	6.96258212828989e-8	7.684640388127646	7.019765783580796e-8	12.524951984044044	0.04355605603526046	-0.08936668477560308
1.8624727891629593e10	19.608378099887577	7.039808299817389e-8	7.292336992450725	2.9521860676083275e-8	11.95592621711834	0.03821501217343189	-0.4518648096101147
1.8624727891646553e10	19.728621586414846	7.058316961171545e-8	6.896950652460078	-6.258863159282568e-9	11.320326180890682	0.033406171101902325	-0.8280069102128941
1.862472789166327e10	19.84118694764083	7.023981578433989e-8	6.58252090540846	-3.3608559167743356e-8	10.698548348092807	0.029667059178348592	-1.1563241549892929
1.8624727891681763e10	19.960389668124865	6.939742836153398e-8	6.321454477308326	-5.6320579293885565e-8	10.06053234594274	0.02654595032000705	-1.428224135724894
1.8624727891703445e10	20.094885572332444	6.795622892087162e-8	6.101202995624984	-7.56297904169984e-8	9.451411567151332	0.02400781903704972	-1.5962819148997025
1.8624727891722992e10	20.212659831676017	6.634178331631383e-8	5.958096554470149	-8.916640922067827e-8	9.069177509274688	0.022541696559521023	-1.6454380485101265
1.8624727891742325e10	20.326824127483267	6.450414911336103e-8	5.861186143080427	-1.0072123244063654e-7	8.839204147953843	0.021665006532192273	-1.6506439196756622
1.8624727891764957e10	20.458751000412793	6.208759439160037e-8	5.806426828477279	-1.1247619757195514e-7	8.717315331908345	0.021160976941945155	-1.6412032938154952
1.8624727891793007e10	20.621685147255146	5.876160661860663e-8	5.831786328091006	-1.2418634036406462e-7	8.719380653234602	0.021049012044579433	-1.6321303950824002
1.862472789182862e10	20.832123755489132	5.414590855010257e-8	6.012912858356906	-1.3404002448012354e-7	8.874965705788647	0.021310256421472693	-1.6372609628108346
1.8624727891868214e10	21.077161589670315	4.8744706920795266e-8	6.392893985979968	-1.371296785565198e-7	9.170166929375632	0.021690169001319228	-1.6629877760542333
1.8624727891892944e10	21.23897731096463	4.539917752353142e-8	6.7013351494462965	-1.3231442035592538e-7	9.389575601151257	0.021895371963467646	-1.6858439994373007
1.8624727891910748e10	21.360404620801273	4.310729939330212e-8	6.936959928395634	-1.2456580159245984e-7	9.547843961900902	0.021967516618846942	-1.7034714777430697
1.8624727891926918e10	21.474287463111565	4.116452257760939e-8	7.1515212585432835	-1.1560657795353883e-7	9.686395276825955	0.02184567430820596	-1.719233062741447
1.862472789194413e10	21.599337925675623	3.926123727490217e-8	7.380465377589149	-1.055614747782012e-7	9.831127582201084	0.0214321871431525	-1.7352675853979183
1.86247278919647e10	21.75400515664791	3.7211839861008714e-8	7.661242890629137	-9.37837861922335e-8	10.008185555023807	0.0205530315462784	-1.7535338312562994
1.8624727891991207e10	21.96220403027365	3.492180105032648e-8	8.047635304376701	-7.894924594961588e-8	10.254641086545526	0.018894120599395058	-1.7766051757400423
1.8624727892017292e10	22.17746859630511	3.306003771627112e-8	8.462083408143027	-6.33683285405044e-8	10.521415643352306	0.016846236884319892	-1.7997197313037374
1.8624727892033337e10	22.31540202819043	3.2136483664347676e-8	8.727598638363302	-5.116349867897122e-8	10.690101455648922	0.015566668875460248	-1.8140787158012266
1.862472789204463e10	22.41497533831013	3.161801911043984e-8	8.910486861734837	-4.039457354278048e-8	10.802521938513145	0.014723210198354885	-1.8238950115972161
1.8624727892055313e10	22.51111877611087	3.124671764547671e-8	9.074871288816182	-2.8906872662580433e-8	10.899489500145968	0.013924552828578737	-1.8326482878905987
1.862472789206665e10	22.614953779532105	3.099287746084945e-8	9.23563230173231	-1.5666504797794715e-8	10.989460377291728	0.01307000679172841	-1.8410859625024798
1.8624727892076935e10	22.710619422212915	3.089832779712726e-8	9.365076953904016	-2.5425742050121784e-9	11.05663967544195	0.012331692369377863	-1.8477860622772257
1.8624727892086372e10	22.799482314610145	3.093407153914944e-8	9.466333621441173	1.0167311917339346e-8	11.103578591675308	0.011682922998122989	-1.8529768781625193
1.8624727892095676e10	22.88789433174382	3.1086663398390056e-8	9.54743754450351	2.256752237224485e-8	11.134962712294403	0.011028600823416616	-1.8570774157665022
1.8624727892104935e10	22.97659935018021	3.1349848006164663e-8	9.609353386180453	3.4101796322542296e-8	11.152097604790562	0.010325529807843199	-1.8601082304657435
1.862472789211538e10	23.077202666020664	3.176771238443992e-8	9.657822120757908	4.56663179815385e-8	11.15651605299113	0.009454813182481345	-1.862296957714715
1.8624727892128624e10	23.205397277747917	3.245684979845576e-8	9.690391581852966	5.791948149687072e-8	11.143533337028892	0.008242041852338008	-1.8633877089917914
1.862472789214673e10	23.380948628710048	3.362622992745563e-8	9.691641168687736	7.046769041151103e-8	11.10077175494039	0.006446639890650672	-1.8624054079274406
1.8624727892171566e10	23.62104791512101	3.552061396871977e-8	9.632385435217314	8.090164368738478e-8	11.011657025348264	0.00386517914502139	-1.8577869517325116
1.862472789220314e10	23.923132031042574	3.8170477213636897e-8	9.489500655451396	8.558483802804082e-8	10.87133971899079	0.000607492892976232	-1.8486624527869562
1.862472789224138e10	24.281685302674312	4.141365344057413e-8	9.258566500560518	8.291412442566375e-8	10.686216239730904	-0.003058264644580849	-1.8352006947814696
1.8624727892287136e10	24.698163759206015	4.500692898329379e-8	8.94275656605473	7.343278249297833e-8	10.463171312941036	-0.0068746804407211655	-1.817709693351133
1.8624727892341267e10	25.171613598298528	4.8600265580490506e-8	8.550948166832688	5.9159335635406475e-8	10.209428093207073	-0.010567511823868472	-1.7964874624424971
1.862472789240376e10	25.69182908723615	5.1784728157337484e-8	8.100132354871334	4.3058244234095865e-8	9.934273171901658	-0.013880201205351356	-1.77196059547819
1.862472789247344e10	26.23917361121828	5.423902189598902e-8	7.6139914763670395	2.7969003984251598e-8	9.64899045143634	-0.01665562920736777	-1.744746059687553
1.862472789254875e10	26.79359750856014	5.5853110730201725e-8	7.1144313651452356	1.5538702790948353e-8	9.363423633845862	-0.01888092051898273	-1.715420604521217
1.8624727892628014e10	27.33768941079823	5.6692228810823204e-8	6.619297263082242	6.199457208334181e-9	9.085753949394167	-0.02062429389109465	-1.6845486681303141
1.8624727892711357e10	27.868865832607053	5.6912032772702376e-8	6.131909475864453	-4.680645032014434e-10	8.816847531799944	-0.022001850897146333	-1.6519993954465189
1.8624727892799126e10	28.385795029660134	5.665678986540206e-8	5.653757493383309	-4.995515204704625e-9	8.557252295907837	-0.023099507450118253	-1.6175793903214157
1.862472789289167e10	28.887087499472848	5.6049142389325175e-8	5.186014588235448	-7.872406817030246e-9	8.3077153604603	-0.02397746565343593	-1.5810844812500964
1.8624727892989567e10	29.37208027563953	5.518885174821914e-8	4.728944844047054	-9.511230836440677e-9	8.068710727437526	-0.024680272919751247	-1.5422187919971275
1.86247278930936e10	29.840469937101762	5.4154470187004255e-8	4.2822780112005265	-1.0238302911564848e-8	7.840606342288403	-0.025242168236338052	-1.5005778576661835
1.862472789320473e10	30.291715052202417	5.300785023452548e-8	3.845768582235402	-1.0304946287856118e-8	7.623968391589564	-0.02569092286032958	-1.4556559151676578
1.8624727893324223e10	30.72533500174684	5.1796982689327573e-8	3.4188665286461806	-9.902011874210886e-9	7.419447251191464	-0.026051508599700336	-1.406763947140103
1.862472789345368e10	31.140424534284644	5.0560032738571776e-8	3.0010961411765296	-9.173248720499708e-9	7.228065103495744	-0.026348081202038385	-1.3529938662633458
1.862472789359532e10	31.535929312240263	4.9326921725918995e-8	2.5916190793724905	-8.22527209267365e-9	7.051179876882152	-0.026606546935400852	-1.2930452430897335
1.8624727893752064e10	31.90997574356812	4.812318452657447e-8	2.1896240564198974	-7.135595743583362e-9	6.890957954146764	-0.026857077753331283	-1.2250667705712754
1.8624727893927715e10	32.25910048436456	4.6974130244337966e-8	1.7947093065825872	-5.9610428996211745e-9	6.750982783139513	-0.02713842945418066	-1.146389723604681
1.862472789412646e10	32.576424487622745	4.591228589832388e-8	1.4084325576847196	-4.746755322995833e-9	6.637405154123634	-0.027504142949058345	-1.0533698320542666
1.8624727894349255e10	32.847968951249655	4.499142392652707e-8	1.0395034844272422	-3.5480677391241878e-9	6.560344734828057	-0.02802417962071155	-0.9425625799304594
1.8624727894584557e10	33.05278937610728	4.4288217209454683e-8	0.7110858264905243	-2.4576180178664956e-9	6.530866138954174	-0.028753155591575628	-0.8156923573374384
1.862472789483513e10	33.19345231285937	4.379895873337982e-8	0.4218208866952201	-1.4785716429783757e-9	6.553284654442912	-0.02978884886576844	-0.6665041066926765
1.8624727895108967e10	33.274225587627704	4.351387616021259e-8	0.1838540949284316	-6.545505872463139e-10	6.6353169024529635	-0.031239472944021882	-0.4868063459953962
1.8624727895466717e10	33.308238569708855	4.339210872624589e-8	0.03741019399138508	-1.3481731881604241e-10	6.806438946853611	-0.03325783528819835	-0.2524722468907785
1.862472789606472e10	33.316026320027156	4.3363983842840976e-8	0.0031572728197142856	-1.1435650549927982e-11	7.079644905668069	-0.035616485515212994	0.03492206102100395
1.8624727897225925e10	33.31703442562496	4.3360328561073385e-8	0.00014392406791566634	-5.229668244958549e-13	7.376210437014244	-0.037873412753539316	0.3444870873047889
1.8624727899345272e10	33.31711184371877	4.3360047019733245e-8	5.183533319133675e-6	-1.88852165685946e-14	7.620740698472311	-0.03968996426541722	0.635354551617351
1.8624727903270702e10	33.31711669857564	4.3360029319599353e-8	1.5448318184220064e-7	-5.641530850560953e-16	7.822322574064152	-0.04119752495489241	0.9160008937315421
1.8624727910613205e10	33.317116956479	4.3360028377198636e-8	3.9463202752346606e-9	-1.4441879525554918e-17	7.995009216714472	-0.04250429404335893	1.1926615881192886
1.8624727924513737e10	33.31711696842437	4.336002833345964e-8	8.748233132007992e-11	-3.207745096061568e-19	8.149041857019519	-0.0436827289790627	1.4695837699554397
1.862472795101331e10	33.31711696891169	4.336002833167189e-8	1.7225547052123668e-12	-6.327771687455298e-21	8.290141343625585	-0.0447727258731735	1.7480591384746031
1.862472800177034e10	33.31711696892955	4.3360028331606194e-8	3.081654186791737e-14	-1.134023083142429e-22	8.421788428810409	-0.04579869703722376	2.028328865836843
1.8624728099342377e10	33.31711696893015	4.336002833160399e-8	5.103400540577193e-16	-1.881158821974803e-24	8.546267807307238	-0.04677682504497991	2.310294816336615
1.8624728287455242e10	33.31711696893015	4.336002833160393e-8	7.939762904113864e-18	-2.931458011014192e-26	8.66515732752206	-0.04771839114325092	2.5937570157319385
1.862472865106284e10	33.31711696893015	4.336002833160393e-8	1.1732338185394608e-19	-4.338601438507127e-28	8.779604605257624	-0.04863168287985129	2.878540699745914
1.8624729355489384e10	33.31711696893015	4.336002833160393e-8	1.6605385582263663e-21	-6.150223957420876e-30	8.890460975226155	-0.049522901546824045	3.164489504866889
1.8624730723163994e10	33.31711696893015	4.336002833160393e-8	2.2649215206561778e-23	-8.401601973458213e-32	8.998384262507706	-0.05039688761352316	3.4514999940655913
1.8624733383914192e10	33.31711696893015	4.336002833160393e-8	2.9914897734168014e-25	-1.1113637231033163e-33	9.103883577312395	-0.0512574185815109	3.739484074136046
1.862473857028392e10	33.31711696893015	4.336002833160393e-8	3.840194569603403e-27	-1.4288135148962866e-35	9.207363934225647	-0.052107525073180096	4.028378217383069
1.862474869866064e10	33.31711696893015	4.336002833160393e-8	4.8048459597482466e-29	-1.7904288925397245e-37	9.309153235332424	-0.052949675496776406	4.318139136254834
1.8624768512594955e10	33.31711696893015	4.336002833160393e-8	5.874667534133028e-31	-2.1923453440636624e-39	9.409512697069836	-0.05378582621561343	4.608713884531448
1.862480734738773e10	33.31711696893015	4.336002833160393e-8	7.028735492367511e-33	-2.626955571387306e-41	9.508675894782563	-0.05461770326521557	4.900106789703
1.8624883582359196e10	33.31711696893015	4.336002833160393e-8	8.247878334623865e-35	-3.087208328104431e-43	9.606818835071643	-0.05544648612972664	5.192253268619016
1.862503350409771e10	33.31711696893015	4.336002833160393e-8	9.501817115513485e-37	-3.561899537796364e-45	9.704122966229257	-0.056273220221853666	5.485166236110227
1.8625328818932102e10	33.31711696893015	4.336002833160393e-8	1.0764042810915838e-38	-4.0410764975552686e-47	9.800751831372658	-0.05709840159137581	5.778819478719417
1.862591144755618e10	33.31711696893015	4.336002833160393e-8	1.201337716866517e-40	-4.516776288598121e-49	9.896889347129395	-0.05792187192190757	6.073187536746152
1.862706277490433e10	33.31711696893015	4.336002833160393e-8	1.3239072001314165e-42	-4.9848900028217815e-51	9.99278910572739	-0.05874239349309491	6.368264541760455
1.8629341305342354e10	33.31711696893015	4.336002833160393e-8	1.44651370172584e-44	-5.4541291619897065e-53	10.088842231645238	-0.059556548804618505	6.6640220820682385
1.863385734074544e10	33.31711696893015	4.336002833160393e-8	1.577827111998267e-46	-5.956981387286578e-55	10.185748010186366	-0.060356855041202175	6.960444410606728
1.8642819680538364e10	33.31711696893015	4.336002833160393e-8	1.7415920783155298e-48	-6.582168683166937e-57	10.284813167975564	-0.06112766381910079	7.25748143021543
1.86606241470156e10	33.31711696893015	4.336002833160393e-8	1.997087694860354e-50	-7.552080483392047e-59	10.388576812068614	-0.06183725401451449	7.5550491052049065
1.8696009955559116e10	33.31711696893015	4.336002833160393e-8	2.505899067113554e-52	-9.472589448414271e-61	10.50203567673288	-0.062422052370789995	7.852980245225537
1.8766282997788406e10	33.31711696893015	4.336002833160393e-8	3.8140270069784394e-54	-1.4384829807243197e-62	10.635063696049691	-0.06275587044840558	8.150925529364509
1.8905296364234512e10	33.31711696893015	4.336002833160393e-8	8.640971910891545e-56	-3.2397715074368065e-64	10.807038273862851	-0.06259206624121838	8.44803886262472
1.917703684702098e10	33.31711696893015	4.336002833160393e-8	4.3437200871386876e-57	-1.6078583230312373e-65	11.05505526849064	-0.06146718514113884	8.742182082452311
1.9689788256618214e10	33.31711696893015	4.336002833160393e-8	1.0050702580950107e-57	-3.629267684086073e-66	11.444023757016431	-0.05860911181248208	9.027374221818777
2.0571530179555138e10	33.31711696893015	4.336002833160393e-8	3.0569886359892765e-57	-1.0589495107471268e-65	12.060527529067521	-0.05316019708223058	9.289321847202059
2.1886234844100826e10	33.31711696893015	4.336002833160393e-8	3.1234337849776867e-55	-1.0212417612182464e-63	12.993017257690362	-0.04493907908746753	9.513418308178498
2.3525805378372128e10	33.31711696893015	4.336002833160393e-8	1.5846328888262362e-51	-4.861055321761874e-60	14.311544202235758	-0.0353411025222796	9.690291568522131
2.482126738604312e10	33.31711696893015	4.336002833160393e-8	8.881120727868792e-48	-2.6087634700348146e-56	15.54891832065173	-0.028438548001299333	9.792149221831034
2.6154195144299706e10	33.31711696893015	4.336002833160393e-8	2.714238832937193e-43	-7.668293711420242e-52	16.99714572589196	-0.02147757802424011	9.876764248591542
2.7708534912132515e10	33.31711696893015	4.336002833160393e-8	1.3767866479299854e-37	-3.735346271696502e-46	18.813281110249513	-0.012521965862291321	9.958267899181871
2.9325638085320766e10	33.31711696893015	4.336002833160393e-8	1.5655042788755276e-31	-4.085012459172081e-40	20.708845345537874	-0.0017037862709618806	10.029420718745001
3.061666880696798e10	33.31711696893015	4.336002833160393e-8	9.5796409557956e-27	-2.427152441314939e-35	22.181118991636346	0.007805406089164215	10.07843484017547
3.102275088817885e10	33.31711696893015	4.336002833160393e-8	3.734770237010068e-25	-9.379364608238558e-34	22.52669049139545	0.010844284148917607	10.069898913730928
3.1215371653459732e10	33.31711696893015	4.336002833160393e-8	3.071632510335733e-24	-7.68689317754164e-33	22.51027468914507	0.012169667856114532	10.028564581716145
3.140132090558271e10	33.31711696893015	4.336002833160393e-8	2.7949253918465176e-23	-6.97467467731557e-32	22.42898384309209	0.013387703801398015	9.974868446422763
3.159025915479129e10	33.31711696893015	4.3360028331603884e-8	2.857563587107674e-22	-7.112714056011223e-31	22.333181930452987	0.014591853489115219	9.917381455864279
3.177639777392604e10	33.31711696893037	4.336002833160336e-8	2.9902198524142933e-21	-7.425260995679041e-30	22.23667915138143	0.01575456769217409	9.86031759140513
3.1952359749754433e10	33.31711696893238	4.336002833159841e-8	2.882556575290204e-20	-7.141693643079243e-29	22.145395858403994	0.01683914299885086	9.806592732805871
3.2177156630523964e10	33.317116968972066	4.33600283315003e-8	5.524870951425136e-19	-1.3647599014777662e-27	22.029891403523813	0.01821592562927637	9.738882730415398
3.2607438853049065e10	33.317116982383546	4.336002829852277e-8	1.8322597077721659e-16	-4.501264274011897e-25	21.816967675154594	0.02085403822768511	9.614867403539384
3.3150918311830894e10	33.31714126710873	4.335996898005994e-8	3.381808930130914e-13	-8.253482122293534e-22	21.575814121094176	0.02425352570448842	9.47593893843366
3.3504796546536766e10	33.32007573640735	4.335283001886246e-8	3.6121432797688463e-11	-8.780884768869891e-20	21.444860807057218	0.026625544661563357	9.39903817077099
3.3673072491579163e10	33.33287561176606	4.3321737564126995e-8	1.1623898828355753e-10	-2.822552067343523e-19	21.39225714292386	0.027977627200392482	9.360917916253637
3.3810971643786106e10	33.35162021061756	4.327622743841932e-8	1.4937577693245105e-10	-3.6265849708422203e-19	21.339103683149325	0.029020699917472772	9.323983705576635
3.3948110262173965e10	33.37294545330131	4.322444810977143e-8	1.5989090408101056e-10	-3.8828378540920635e-19	21.276297165754876	0.029936987228199704	9.284713845883076
3.408187439326764e10	33.394672483530684	4.317167297422192e-8	1.6453425361553908e-10	-3.9976321408467033e-19	21.213070487745007	0.03076636658589232	9.246748144490205
3.4215992879628746e10	33.41695210035051	4.311752288923191e-8	1.675273089862221e-10	-4.073175061764129e-19	21.151425014020198	0.03156110552661024	9.210257120148293
3.4346896304427124e10	33.439024650358775	4.306383649644413e-8	1.6957991452091323e-10	-4.126153409129817e-19	21.09431329449658	0.03231595363086943	9.17671395236339
3.4470091823155716e10	33.459999355610144	4.301278786015591e-8	1.7081673610724323e-10	-4.15835911490146e-19	21.043946162374347	0.03302188995686558	9.14733001889857
3.4653948459533806e10	33.49148087361905	4.293612745740623e-8	1.7139016273126532e-10	-4.1746683615380846e-19	20.9757400227164	0.03409664420468161	9.107887591178182
3.4963789769290184e10	33.54441956202242	4.2807117999143404e-8	1.7082493436898307e-10	-4.165316058387651e-19	20.882016122892573	0.03604778323198173	9.05416025349868
3.51291371507483e10	33.57364448689219	4.273580706708153e-8	1.8912882646825395e-10	-4.619308667419508e-19	20.846058289144686	0.037546962080681916	9.029197182328954
3.523464230605809e10	33.595080500563526	4.2683416196999183e-8	2.1735022699200156e-10	-5.315108059892308e-19	20.822628723497225	0.03873612091872471	9.009043152610971
3.533687348722565e10	33.61841180715129	4.262633918263843e-8	2.371558353085508e-10	-5.803749036515276e-19	20.78955463307583	0.039714772387915175	8.985061397250389
3.543725380070024e10	33.64278367128753	4.2566674124574587e-8	2.4729969551714184e-10	-6.0564449926043685e-19	20.75039035754927	0.04050639396196513	8.959699893526203
3.553341651301016e10	33.66683247236336	4.250775324345554e-8	2.523342347606666e-10	-6.185112686917225e-19	20.71135153753736	0.04115999017926714	8.935565871599332
3.5629693554940094e10	33.69126543679602	4.244783135040196e-8	2.5490376128455733e-10	-6.255026621658062e-19	20.67325575015176	0.04174012163787371	8.912496135538229
3.572186655612425e10	33.71481234051557	4.239001789437384e-8	2.558036650366566e-10	-6.284073743073958e-19	20.6387767966821	0.04224285250024191	8.891870189531437
3.580579255160903e10	33.73628033655601	4.2337259346236804e-8	2.5570333961661047e-10	-6.286018053187829e-19	20.609560224855933	0.042679730560737615	8.87453808644278
3.592127665773006e10	33.76588721991936	4.226444188167437e-8	2.5898792197357027e-10	-6.374087863166202e-19	20.573815111061755	0.04338867426502615	8.852852644016632
3.601951763486431e10	33.79241125903211	4.219907035610267e-8	2.873240657461743e-10	-7.093305485104643e-19	20.54888306305387	0.04450623782512159	8.833781420711428
3.6093872930824265e10	33.8151783771598	4.214279672756289e-8	3.2528701958035957e-10	-8.047812653537982e-19	20.52698594737192	0.04558742445675879	8.814922474327815
3.616535199972579e10	33.83958616175285	4.2082373364681865e-8	3.5600468593872447e-10	-8.817534498271892e-19	20.496773421222862	0.046486535848581735	8.792234020242093
3.6233875839836914e10	33.86473267362947	4.202006622299223e-8	3.766990889597546e-10	-9.337240546642702e-19	20.460755018127067	0.04716595255679256	8.767716859507672
3.6298297792278915e10	33.88947170512105	4.195872192155524e-8	3.906588894740718e-10	-9.691155322726698e-19	20.42352679257423	0.04766040611483754	8.743552524185649
3.6361500715533424e10	33.914527647467885	4.189652665781881e-8	4.023144032837582e-10	-9.993520517242385e-19	20.38596880056364	0.048041770767406476	8.719613222122359
3.641959915653247e10	33.938356876368545	4.1837272985851126e-8	4.21291240289761e-10	-1.0490113613208212e-18	20.352228476729273	0.0484478590870391	8.69737664576187
3.6469310177497246e10	33.96029055156184	4.178255315003387e-8	4.679418497413762e-10	-1.1699320606706322e-18	20.324775541687337	0.04916678455108232	8.676380271549341
3.651508352382834e10	33.98334676777578	4.172478173105134e-8	5.432888362671083e-10	-1.364029129619559e-18	20.295805650104946	0.050138688604890895	8.652054623986766
3.65570128481806e10	34.007807857974086	4.1663266494454496e-8	6.243662194781377e-10	-1.5724656179776303e-18	20.25953051709204	0.05102714346608337	8.623419587539109
3.659554181420566e10	34.033383385183996	4.15987657396461e-8	7.05339996498284e-10	-1.7814361340787424e-18	20.215993630306777	0.0517494726343574	8.591235686826382
3.663020037192688e10	34.0596007640833	4.15323864895646e-8	8.249075901879341e-10	-2.0958235030490477e-18	20.170192837440403	0.05262196734603903	8.556410570484648
3.665276087790456e10	34.08006875324382	4.148014889544426e-8	1.0155565506260941e-9	-2.605603765077517e-18	20.13772642160027	0.05384817516101551	8.52731294100652
3.66682606772925e10	34.09776303093485	4.143447934716092e-8	1.306618073800777e-9	-3.3951811882637877e-18	20.112246335477757	0.05541514559707137	8.500093713350802
3.667825675993213e10	34.11259758887964	4.139566884567634e-8	1.7075175372452246e-9	-4.49969584537063e-18	20.093005810025467	0.05716200241097442	8.475587067831984
3.668662139191359e10	34.12937241432768	4.135106922305335e-8	2.382948603715809e-9	-6.393360003006654e-18	20.071759391197737	0.05944283085620467	8.446078471807576
3.669343192812949e10	34.14901193225339	4.1297793183953e-8	3.5301919597366123e-9	-9.68336559835667e-18	20.044906320380655	0.06226118389707617	8.409441192644849
3.669879391200242e10	34.17264155696633	4.12320722555617e-8	5.5823861004058965e-9	-1.5746631915320104e-17	20.008489077690548	0.06566546501126898	8.363032754241326
3.6702425315587906e10	34.198185537249465	4.1158865703504556e-8	9.013549199863696e-9	-2.6250820442516614e-17	19.964801922855408	0.0692765606180515	8.31081125495547
3.670515867394715e10	34.230985705975094	4.106117837127022e-8	1.6432673167061477e-8	-5.009815133756829e-17	19.90427658740439	0.07378507668950444	8.241692309638712
3.670665024209965e10	34.26341574149219	4.0959747317787974e-8	2.9601995815756872e-8	-9.506654540137263e-17	19.841784120955346	0.07809004787168979	8.17192771433333
3.670761391336441e10	34.30362727686354	4.0825744573263503e-8	6.156135323321268e-8	-2.1338966870192427e-16	19.762861636775575	0.08322874166398818	8.084303143988897
3.670804145090639e10	34.33962577537178	4.069562173476323e-8	1.1972863832742973e-7	-4.525122607951412e-16	19.69237067046854	0.0876240977008145	8.00530087399394
3.670827591856596e10	34.37957383881269	4.053543959442062e-8	2.552145063350532e-7	-1.0904019020886627e-15	19.61566785560249	0.09223722343408636	7.9173643070518676
3.670837698102004e10	34.4153926796603	4.0371137626333985e-8	5.150123494706666e-7	-2.5506265609247817e-15	19.549208430732428	0.09608634031005409	7.838457487435737
3.670842291795092e10	34.447611546307286	4.019736199722329e-8	9.951037733158002e-7	-5.874936217810381e-15	19.492243811731022	0.09924146842680193	7.767518338425295
3.6708443991951744e10	34.4753644192609	4.001729942419555e-8	1.8031066450488842e-6	-1.2903099886868555e-14	19.446015749284847	0.10167007236539055	7.70647958300509
3.670845504276544e10	34.501706285817875	3.9807126821413146e-8	3.260140427918675e-6	-2.9059004430464603e-14	19.405090726649043	0.10369067647905082	7.648623100690933
3.6708462189286064e10	34.53545668716559	3.945176605572892e-8	7.277436957745677e-6	-9.054164419663256e-14	19.357320419226006	0.10585728292478705	7.574628297319657
3.6708465426358826e10	34.57104033434594	3.890681616010758e-8	1.7919961033670987e-5	-3.3630628041139717e-13	19.31273818499708	0.10764156669358349	7.496786502693176
3.670846667963315e10	34.60517086435429	3.8103265185281326e-8	4.4681407720036425e-5	-1.307871674854521e-12	19.275227363808348	0.10891249747139317	7.422280885395768
3.670846715416118e10	34.63717032136795	3.692116814353217e-8	0.00010937257815648902	-5.038995421912436e-12	19.244187401171338	0.1097637948240988	7.352548415959342
3.6708467345251366e10	34.66913804884148	3.5033461568885424e-8	0.0002759267255596118	-2.0567835066776275e-11	19.216534500160186	0.11033910410827019	7.2829783927191505
3.670846741937778e10	34.70053284392297	3.201335712116956e-8	0.0007007413678404044	-8.548745112857972e-11	19.1919760552855	0.11068621933755823	7.214717625662976
3.670846744827402e10	34.73175854482021	2.7067872554715144e-8	0.0017955674256828569	-3.620102227238225e-10	19.169365763575037	0.11086026326991355	7.146845097417394
3.670846745966939e10	34.76360966966623	1.8665261383585692e-8	0.004687354833712637	-1.5815921623706149e-9	19.147151839205073	0.11089654755612197	7.077556665475509
3.670846746427892e10	34.798006045420365	3.243921090455619e-9	0.012792103133889912	-7.398646354187339e-9	19.122166914803792	0.1108010377396878	7.002477689744129
3.6708467466203514e10	34.83855312231232	-2.8567366120878078e-8	0.036970673275485276	-3.7657196369737214e-8	19.086709209944765	0.11052309489218418	6.91312423161144
3.670846746706117e10	34.89160501440781	-1.0218827286511862e-7	0.10621219013981475	-1.8872800264925568e-7	19.022064652727956	0.10991578198843627	6.793849097205571
3.670846746748327e10	34.96145467182243	-2.6284213691836494e-7	0.2546615033622392	-7.159970154229046e-7	18.90714971044813	0.10884658340046062	6.632979568426583
3.670846746775636e10	35.06298980711937	-6.172828672452973e-7	0.5299392417773684	-2.1888481910604736e-6	18.70820930784422	0.10708851497353604	6.395048216441613
3.670846746796431e10	35.21597770288173	-1.3771359297391732e-6	0.996967376225791	-5.722811340431004e-6	18.380718977427684	0.1043632922519334	6.032950215002087
3.670846746812093e10	35.419119190280284	-2.7193864306762417e-6	1.660273138049922	-1.2268669902485753e-5	17.9318255012087	0.10064449892222692	5.549093930273182
3.670846746823196e10	35.644663262945095	-4.529604594126227e-6	2.4759731512704906	-2.115008367448978e-5	17.46822979041915	0.09564816458151075	5.005054238737097
3.6708467468321495e10	35.91146501253108	-6.933657988228113e-6	3.5654921349563202	-3.3784043006730956e-5	16.97537457205656	0.09105174972215845	4.343518772827632
3.6708467468393875e10	36.213767641564026	-9.963184548397322e-6	4.857745657045955	-5.1337412837776104e-5	16.40809312970797	0.08816396000437729	3.575970357959032
3.670846746843864e10	36.45358011354931	-1.2594150345460206e-5	5.881895404317757	-6.668648546163663e-5	15.936738959024048	0.08618537117697603	2.959715426827232
3.670846746846609e10	36.62459198581559	-1.4562844762912773e-5	6.583195177069938	-7.65312613254005e-5	15.581120980280481	0.0840256415986271	2.5175584891889793
3.670846746848671e10	36.76588756843981	-1.6200866613532374e-5	7.112626513499862	-8.172831580850718e-5	15.262969463237916	0.0810118599540063	2.1503887331972855
3.670846746850517e10	36.90136636232915	-1.772512948988962e-5	7.549176605430099	-8.259344419323798e-5	14.925715272321135	0.07672387408268438	1.7961877341573411
3.670846746852227e10	37.033405284454105	-1.9112524091090878e-5	7.884748781174906	-7.894963477225145e-5	14.558576021250737	0.07132558159169596	1.4480944489276009
3.670846746853812e10	37.16023645281558	-2.030842901376939e-5	8.100881564338875	-7.124766156712621e-5	14.16574834638957	0.06533892255009205	1.1097767026551169
3.670846746855301e10	37.28186016157534	-2.129345390580384e-5	8.181211220338742	-6.024225252493452e-5	13.749856777751212	0.05921515902318473	0.7796985917724062
3.670846746856731e10	37.398260249600945	-2.20611523245324e-5	8.109046424725435	-4.704315121484352e-5	13.313084552695365	0.05325940998397304	0.45557556872140065
3.6708467468581764e10	37.51397644617962	-2.263662413346408e-5	7.879365911752348	-3.255780183247657e-5	12.835618488351408	0.047419033697319236	0.12144792228267212
3.6708467468597e10	37.63147492696422	-2.302023395724578e-5	7.523131080304382	-1.8036567952734798e-5	12.29915394452562	0.04174960442324665	-0.23303189586618378
3.6708467468612946e10	37.74826808379345	-2.320098740636596e-5	7.12679606644581	-5.060005209225401e-6	11.711387976172524	0.036610212650282255	-0.5978207331592283
3.670846746863002e10	37.866524765224646	-2.3189075419764503e-5	6.757787077440565	5.988982135541762e-6	11.071392514394098	0.03213950777641849	-0.9628443461108005
3.6708467468647026e10	37.97882685557097	-2.3012250533487425e-5	6.471098984158805	1.4431949154564608e-5	10.451754369355776	0.028681607923222597	-1.2691781929141603
3.670846746866685e10	38.10456423201689	-2.2649979169116024e-5	6.224944155677061	2.1713265164890642e-5	9.808227424853193	0.025717771796823056	-1.5090061033710025
3.670846746868832e10	38.23601379183437	-2.2118929955151013e-5	6.033485335781047	2.7503193735569888e-5	9.27488762606837	0.023569715862113285	-1.6240456719922647
3.670846746870716e10	38.34844659201628	-2.156102547992169e-5	5.913106546280497	3.164406417022506e-5	8.96570719204167	0.022389581226785787	-1.649980064122751
3.670846746872738e10	38.46714698767215	-2.0880609423392928e-5	5.830752128937686	3.554206239956526e-5	8.7778892104727	0.021661777952182434	-1.6476187068117158
3.67084674687518e10	38.60902454246423	-1.9961944449047822e-5	5.800322393422904	3.955358388940741e-5	8.70031781332873	0.021308453254684733	-1.6367025425360189
3.670846746878229e10	38.78665756324087	-1.8694213096303604e-5	5.872946117416199	4.3381657971917826e-5	8.75595329261521	0.02135896779315571	-1.6314248747440077
3.670846746882189e10	39.02394681097209	-1.6912348809181026e-5	6.145334860337613	4.618984963149824e-5	8.982459369874654	0.02174247515114258	-1.6454703283395846
3.6708467468854904e10	39.23246104368712	-1.538161808505867e-5	6.506320254842949	4.607202303443319e-5	9.252854957274202	0.022059942586682636	-1.671316130820517
3.6708467468877174e10	39.38045725361284	-1.4376534961352649e-5	6.793499821556452	4.3896615535856045e-5	9.452536591850539	0.022236633002258078	-1.6927476349017405
3.670846746889393e10	39.49611021041184	-1.366356931637733e-5	7.015958318040264	4.1112291528375444e-5	9.599444063295245	0.022250610183034463	-1.7093366784699426
3.6708467468910164e10	39.61180045926018	-1.3021089859128713e-5	7.231400498358383	3.797800065574525e-5	9.73714199780543	0.022038817808758004	-1.7249417924343433
3.6708467468928345e10	39.74557558706468	-1.2362687170696152e-5	7.474885866526051	3.440817701650926e-5	9.890584857998228	0.02148141104059394	-1.741580089193264
3.6708467468950714e10	39.9163153818221	-1.1640652884254884e-5	7.786293240558857	3.013829793124397e-5	10.087557421304759	0.020364954920594525	-1.761216861005236
3.6708467468979675e10	40.14788126519644	-1.0847422986463379e-5	8.222599841475194	2.4638922537734146e-5	10.367227193401199	0.018348514757771234	-1.7865087697696038
3.670846746900075e10	40.32485387021746	-1.0374116690197784e-5	8.565743329522887	2.00788722201928e-5	10.587766287541946	0.016639360560524678	-1.8053447873024302
3.6708467469014824e10	40.44714808207953	-1.011803748937818e-5	8.79822931250701	1.6117112140607213e-5	10.733971016482577	0.015544011268099223	-1.817873239156441
3.670846746902572e10	40.54396762248623	-9.962158478557487e-6	8.971877859850752	1.241776195470296e-5	10.83917889380647	0.014734041741837369	-1.8271737322229984
3.670846746903647e10	40.64118710790202	-9.850089177829291e-6	9.132801500304389	8.402574836761037e-6	10.932457477891866	0.013923022807023008	-1.8357032745155686
3.670846746904789e10	40.74635873465034	-9.780278245909092e-6	9.288454842347262	3.7524288029957333e-6	11.01747002778118	0.013069792009494822	-1.8438273363491757
3.670846746905758e10	40.836989690746364	-9.764486547891715e-6	9.403989680938349	-5.390541336318023e-7	11.075255932929771	0.01238546507270329	-1.8497847215532408
3.670846746906694e10	40.925676856768135	-9.789647029074698e-6	9.49785944973003	-4.823276787588903e-6	11.11640043529625	0.0117363946248145	-1.8545779127676247
3.6708467469076164e10	41.01367811975565	-9.853168792692955e-6	9.571421573065841	-8.901468879915495e-6	11.14224586895157	0.01106725211794941	-1.858264504807288
3.670846746908566e10	41.10493390062642	-9.956414678621737e-6	9.627901638472622	-1.2754143780104539e-5	11.154775379249692	0.010316451155864954	-1.8609713876443723
3.670846746909691e10	41.21358888202707	-1.0123012049802482e-5	9.671408554398214	-1.6732746288344292e-5	11.153749236166199	0.009338998572348985	-1.8628209716489375
3.670846746911165e10	41.35642011508211	-1.0402195560056916e-5	9.69511864092158	-2.0948199217649552e-5	11.131765980474064	0.007938710779683781	-1.8633091120756495
3.670846746913208e10	41.55423155251877	-1.0874989332400816e-5	9.67807581629537	-2.5065754767016368e-5	11.073843364465212	0.005859547296788944	-1.8611847526813907
3.670846746915944e10	41.81790439431392	-1.1606805794030829e-5	9.589932889881482	-2.800919970390674e-5	10.965774979475704	0.0029909191205042917	-1.8549534467551212
3.6708467469193375e10	42.140509666869384	-1.2576619414216712e-5	9.415035535900108	-2.8711503462525423e-5	10.808393060547282	-0.0004588520908533868	-1.844217624713233
3.67084674692342e10	42.519768917274206	-1.3719813888379218e-5	9.15272580950328	-2.6932714821471067e-5	10.608794293920063	-0.004224916429921049	-1.8292634343735563
3.670846746928293e10	42.957375140201115	-1.494187731471253e-5	8.807952359901599	-2.305153035890278e-5	10.37373642029727	-0.008045018926958195	-1.8103819309477567
3.670846746934016e10	43.449416274534606	-1.6113174609063573e-5	8.392427123271876	-1.7895055079179293e-5	10.111100359936962	-0.011641782098208039	-1.7879060108524187
3.67084674694054e10	43.98168782704265	-1.7099966373544267e-5	7.9262021329101335	-1.2498664922459972e-5	9.83112302114845	-0.014784495422020011	-1.7623416070590157
3.670846746947742e10	44.53440857738454	-1.7819164078033597e-5	7.432303675540528	-7.692037115593952e-6	9.544378698330299	-0.017373676921209058	-1.7342630884944217
3.670846746955412e10	45.08528991938497	-1.825544355153575e-5	6.9339585501831325	-3.89140387329319e-6	9.261643023171452	-0.01942205527731816	-1.7043966381976103
3.6708467469634766e10	45.624365351466125	-1.844927910381737e-5	6.441848262382732	-1.0938548835292672e-6	8.987341472432014	-0.021032073951267504	-1.6729660021681867
3.670846746971961e10	46.150220402737844	-1.845285841190177e-5	5.957925403163247	8.684938002364708e-7	8.721880683810163	-0.02231064487239741	-1.63978153820005
3.6708467469809e10	46.6613010802315	-1.8312199533093583e-5	5.483724722267431	2.1713484304861927e-6	8.465998141951026	-0.02333263129719401	-1.6046603977983205
3.6708467469903366e10	47.15668122042422	-1.8065753798388682e-5	5.019894353490336	2.9713681687497713e-6	8.2202483091692	-0.02415207162878374	-1.567354200881616
3.6708467470003365e10	47.635706591852795	-1.774447575095277e-5	4.566614155472243	3.3964375945389383e-6	7.985128973939176	-0.024808895806151903	-1.5275391759878827
3.670846747010982e10	48.09790391599635	-1.7372769643331592e-5	4.123704159644998	3.54688867850707e-6	7.76111875763295	-0.025334485916032008	-1.484786063634477
3.6708467470223755e10	48.54278464213107	-1.6969719030073383e-5	3.690788621761632	3.4997100564828107e-6	7.54879333163408	-0.02575539965367309	-1.438529371418732
3.670846747034659e10	48.96973677946891	-1.655022265502474e-5	3.2673372958393294	3.3132140783491478e-6	7.348918414178435	-0.026096114476772726	-1.388011400497264
3.670846747048013e10	49.377863467123184	-1.6126036991311846e-5	2.852707309559649	3.0310495387760916e-6	7.162593783665365	-0.026381214360779812	-1.3321968284314203
3.670846747062677e10	49.765764975819934	-1.5706735943774853e-5	2.4461644619111436	2.685430499166616e-6	6.991466243684762	-0.02663770531463783	-1.269631331025154
3.67084674707897e10	50.131130957402384	-1.530075142549421e-5	2.046973443915362	2.2997322581098383e-6	6.838107498785611	-0.026898222669637487	-1.198212778618731
3.670846747097317e10	50.46983824131741	-1.4916880336209266e-5	1.654845382105483	1.8909003250760574e-6	6.706742312912219	-0.02720620494743681	-1.1148630422812154
3.670846747118075e10	50.77271542047109	-1.4568449595322148e-5	1.2733007061875539	1.4746550102266706e-6	6.604928398737776	-0.027621403804620973	-1.0157817672211338
3.670846747140898e10	51.02155035727336	-1.4278563554472629e-5	0.917337197425089	1.0754795844330513e-6	6.54414314966855	-0.02821116771836033	-0.8992211368198036
3.670846747164873e10	51.20271678394007	-1.4064916352042494e-5	0.603448871055425	7.165271325204711e-7	6.532585656752396	-0.029036238201095247	-0.7655245025880743
3.670846747190501e10	51.32099075197336	-1.3923564470877912e-5	0.330701799606196	3.9841951809445216e-7	6.57481710398654	-0.030202902171304617	-0.6071766276428079
3.6708467472199135e10	51.383679447292764	-1.3847530805139456e-5	0.11658794391696803	1.4260141438327268e-7	6.684009228835841	-0.03185211611916792	-0.4101193408090115
3.670846747261226e10	51.40523462510079	-1.3821055945489185e-5	0.017132283241055223	2.114400081683557e-8	6.89280465219796	-0.03401720141433693	-0.1569018559948932
3.67084674733778e10	51.40930505626924	-1.3816024863111227e-5	0.001087875937233737	1.3478635667084464e-9	7.190170009029863	-0.03642348442371269	0.14724342608236538
3.670846747481028e10	51.40972112817102	-1.3815508884099797e-5	4.551863550612477e-5	5.655724450727512e-11	7.4685507423121535	-0.038507503075170875	0.4490702657145504
3.670846747744734e10	51.409750828778634	-1.3815471953434422e-5	1.5181558725145938e-6	1.890944040849413e-12	7.696454774229075	-0.040200211639176676	0.73579280267966
3.67084674822644e10	51.4097525672179	-1.381546978673779e-5	4.466121929983036e-8	5.574823826212313e-14	7.884184603072221	-0.04160841868600155	1.0110600511915908
3.670846749139396e10	51.40975265849667	-1.381546967273489e-5	1.0845978614281134e-9	1.3565518905576594e-15	8.049600036049164	-0.042863773613606916	1.2875155366341358
3.670846750872494e10	51.40975266253742	-1.3815469667678363e-5	2.302971672398127e-11	2.885779402952732e-17	8.19868777647978	-0.044007147659911795	1.5648809406297015
3.670846754182302e10	51.409752662696015	-1.3815469667479545e-5	4.37844568419165e-13	5.496121044898846e-19	8.33622362035576	-0.0450718381666703	1.843956447061305
3.6708467605292015e10	51.40975266270165	-1.3815469667472468e-5	7.618988024505225e-15	9.579908698675024e-21	8.46518023951635	-0.04607872552543691	2.124782085756074
3.6708467727418755e10	51.409752662701834	-1.3815469667472237e-5	1.2340016315963443e-16	1.5541104688137523e-22	8.587575717970346	-0.047042145684040894	2.4072412692502443
3.670846796301171e10	51.409752662701834	-1.3815469667472234e-5	1.8867077827212784e-18	2.379870332895542e-24	8.704796984951862	-0.04797202153782588	2.6910858699297053
3.670846841873774e10	51.409752662701834	-1.3815469667472234e-5	2.747210933946157e-20	3.4706320056760854e-26	8.817910066111303	-0.048876088888640735	2.976226592331329
3.670846930215169e10	51.409752662701834	-1.3815469667472234e-5	3.840748930653243e-22	4.8594764299181205e-28	8.927674965924474	-0.04975988613126784	3.2624854847692855
3.670847101827064e10	51.409752662701834	-1.3815469667472234e-5	5.184107626601199e-24	6.568959344138659e-30	9.034695348717356	-0.050627864607794705	3.5497710494640233
3.670847435842682e10	51.409752662701834	-1.3815469667472234e-5	6.786445712634757e-26	8.612083604475869e-32	9.139436981146481	-0.05148348385689853	3.837993511431727
3.67084808717039e10	51.409752662701834	-1.3815469667472234e-5	8.645598380040656e-28	1.0987539322607203e-33	9.242275339261688	-0.0523295563632231	4.127094982945037
3.670849359897818e10	51.409752662701834	-1.3815469667472234e-5	1.0737932720032178e-29	1.3666692003808644e-35	9.343534341783972	-0.053168533032102734	4.4170890705075845
3.670851850882943e10	51.409752662701834	-1.3815469667472234e-5	1.3041999236032032e-31	1.6623524065867167e-37	9.443443246107485	-0.0540021093691831	4.707883629460119
3.670856734623438e10	51.409752662701834	-1.3815469667472234e-5	1.5518120186339325e-33	1.9808604592436585e-39	9.542212526982361	-0.054831803006963616	4.999453433836514
3.67086632755224e10	51.409752662701834	-1.3815469667472234e-5	1.8104856588270558e-35	2.3144395832723105e-41	9.64003871363068	-0.05565892043142343	5.291820485287166
3.670885199499688e10	51.409752662701834	-1.3815469667472234e-5	2.075564200437473e-37	2.657189798225496e-43	9.737074037803644	-0.05648415658272014	5.584922310808479
3.670922387139057e10	51.409752662701834	-1.3815469667472234e-5	2.3413742865851695e-39	3.001864498347917e-45	9.833491606519068	-0.05730786965730248	5.878751166382938
3.670995788972531e10	51.409752662701834	-1.3815469667472234e-5	2.6032410676647113e-41	3.3424341462584055e-47	9.92949910271674	-0.05812966105202214	6.173308004943087
3.6711409047272705e10	51.409752662701834	-1.3815469667472234e-5	2.860622626156092e-43	3.678100091586498e-49	10.02538484554723	-0.05894770034037112	6.468579965132996
3.671428180570662e10	51.409752662701834	-1.3815469667472234e-5	3.123783588004891e-45	4.021868754885417e-51	10.121606882033156	-0.05975736762673043	6.764499953443093
3.671997740689039e10	51.409752662701834	-1.3815469667472234e-5	3.417724601002634e-47	4.405589805461127e-53	10.219034014484102	-0.0605490925927032	7.061072866651135
3.673128361508308e10	51.409752662701834	-1.3815469667472234e-5	3.810242416160646e-49	4.915968831078792e-55	10.319299081632018	-0.06130297038596628	7.358242231564763
3.6753746342196144e10	51.409752662701834	-1.3815469667472234e-5	4.47434181414028e-51	5.774480353583874e-57	10.425588426700223	-0.061978813376901566	7.655895581676655
3.679838378631189e10	51.409752662701834	-1.3815469667472234e-5	5.907009183525942e-53	7.616527398088807e-59	10.544198574207009	-0.062496413693528215	7.953838496732149
3.688694480109522e10	51.409752662701834	-1.3815469667472234e-5	9.987433208075984e-55	1.2835808336958885e-60	10.68753653532034	-0.06269709611043453	8.251583058106235
3.7061641229360695e10	51.409752662701834	-1.3815469667472234e-5	2.79697628629101e-56	3.566638803621609e-62	10.879838106806723	-0.0622737173252348	8.547988425761508
3.7400350264414276e10	51.409752662701834	-1.3815469667472234e-5	2.1289456536492643e-57	2.671037735072571e-63	11.166599956861411	-0.060664169425636134	8.840032529535602
3.8024724608694305e10	51.409752662701834	-1.3815469667472234e-5	1.0399145347387686e-57	1.2660189155155096e-63	11.622450134339125	-0.05701044012997598	9.119340738920847
3.904830501462874e10	51.409752662701834	-1.3815469667472234e-5	9.411318087834078e-57	1.0927299037041928e-62	12.333633005550872	-0.05060358538239327	9.369185704931521
4.05193550843926e10	51.409752662701834	-1.3815469667472234e-5	4.0013191236310454e-54	4.3646057473656196e-60	13.408895894932222	-0.0415287326137763	9.581026141097144
4.207298444419331e10	51.409752662701834	-1.3815469667472234e-5	2.89689633392728e-50	2.9829558510630534e-56	14.732974726196495	-0.032728534810917566	9.729530623642626
4.332770562321183e10	51.409752662701834	-1.3815469667472234e-5	2.0488437736704634e-46	2.0266843846830856e-52	15.991379902854057	-0.026159702189945986	9.82080800669391
4.4736387330203926e10	51.409752662701834	-1.3815469667472234e-5	1.6899237822386826e-41	1.6067458663569104e-47	17.571256666748845	-0.018651236993509627	9.90460302832393
4.6317950270000244e10	51.409752662701834	-1.3815469667472234e-5	1.2888162684365623e-35	1.1771714086624494e-41	19.434123550706808	-0.009061954992936553	9.982700013679834
4.798400210599651e10	51.409752662701834	-1.3815469667472234e-5	2.1438404676207122e-29	1.8824462476764318e-35	21.369574551382563	0.0025618357491415627	10.052136932897664
4.887075916915946e10	51.409752662701834	-1.3815469667472234e-5	4.157274954296545e-26	3.5781021432552483e-32	22.362449709416502	0.009212620474485008	10.082310874072187
4.917662049677284e10	51.409752662701834	-1.3815469667472234e-5	7.798148997620061e-25	6.6686654804027945e-31	22.53505740663261	0.011452163288779845	10.057813000937594
4.936271070589641e10	51.409752662701834	-1.3815469667472234e-5	6.465496519989993e-24	5.5115425672691955e-30	22.485637193755487	0.012704875500978843	10.010860353769791
4.954727545097926e10	51.409752662701834	-1.3815469667472234e-5	5.973651091276459e-23	5.078549126279827e-29	22.3979176227675	0.01390054739324954	9.956026467319358
4.973511997790713e10	51.40975266270186	-1.3815469667472198e-5	6.149656667158339e-22	5.215094693099649e-28	22.301507720864926	0.015088286354777738	9.898609373141257
4.992166840968225e10	51.40975266270234	-1.3815469667471804e-5	6.580917152135637e-21	5.567548535279536e-27	22.204656220146695	0.016246659028439508	9.841447937926475
5.010239468741507e10	51.409752662707085	-1.3815469667467782e-5	6.851795287069119e-20	5.78293084041084e-26	22.111087597298116	0.017356649235967508	9.786450113290858
5.037088764873086e10	51.409752662881985	-1.381546966732057e-5	2.3975552785228662e-18	2.0163814106424605e-24	21.974144733550737	0.018998543005277087	9.706309596576228
5.086361664804271e10	51.409752805410605	-1.3815469548089689e-5	1.9621790583313876e-15	1.639966761459291e-21	21.73630312009258	0.022028745974871696	9.56819267416325
5.138988453642758e10	51.40996311181456	-1.3815294734876378e-5	2.911308851683982e-12	2.4179371084104384e-18	21.514904036598615	0.02536007114163299	9.441041871980843
5.165409058732057e10	51.41602634686918	-1.3810269273717454e-5	6.635643200413237e-11	5.496197492533929e-17	21.424350779981218	0.027243049980906483	9.384923159816509
5.1801099593090195e10	51.431022468639895	-1.379785377058368e-5	1.3122094094254784e-10	1.0861402903185582e-16	21.376694002122953	0.028433603962139783	9.349543670791672
5.193827673150297e10	51.45088533454894	-1.3781413693648014e-5	1.5394805677494874e-10	1.274233001183925e-16	21.319734927103106	0.0294264243331824	9.311573432217582
5.2074200091637405e10	51.47240850279443	-1.3763596345154407e-5	1.6166289717850209e-10	1.3385238124565847e-16	21.256187181009444	0.03030847529464049	9.272544616379331
5.2213155410645935e10	51.49517664551914	-1.3744739754317138e-5	1.6572056098844483e-10	1.3729343460244564e-16	21.19086751703319	0.03115468719366397	9.233565514524928
5.234157392961711e10	51.51663078292968	-1.3726959806085412e-5	1.6826750819734975e-10	1.3949923240854163e-16	21.132752508697344	0.03190670921240473	9.199265494276966
5.2467852102056305e10	51.537997674961865	-1.3709239739070588e-5	1.7002589077945922e-10	1.410511894772921e-16	21.078685932516898	0.03263105682505244	9.167576480392427
5.260192362329492e10	51.560875267081975	-1.3690256049637523e-5	1.711123793814198e-10	1.4201945914321355e-16	21.025225421390623	0.033401358203186744	9.136461887805556
5.282877560064036e10	51.59973680452507	-1.3657991091148386e-5	1.7114176927886566e-10	1.421382828958276e-16	20.945262074375343	0.03474543884660205	9.090413043616573
5.3113732824442764e10	51.64845435079491	-1.3617509731937671e-5	1.736459185517042e-10	1.4439278135960713e-16	20.866153653601977	0.03665814687783452	9.044388324646137
5.3248730283613815e10	51.673244419321826	-1.3596879391484902e-5	1.9848325923184704e-10	1.653203688335973e-16	20.838981535903123	0.038058136966860785	9.022931374191726
5.335240463466994e10	51.69527098421946	-1.3578522811013473e-5	2.252611225464666e-10	1.8781235513020061e-16	20.812733671861146	0.03918472003365198	9.001420262277644
5.345293335233074e10	51.71880333367396	-1.3558895691033632e-5	2.412031323065267e-10	2.0124347449682823e-16	20.77734248512335	0.04008401023077764	8.97695025451272
5.355256549337048e10	51.74328377133634	-1.3538463236807786e-5	2.493206383062414e-10	2.0817515064536301e-16	20.737542445153032	0.04082892751833891	8.951677929027676
5.365245319370916e10	51.76841995803011	-1.3517465421402937e-5	2.534994806725351e-10	2.1187492074776611e-16	20.697157016534767	0.04147847141401618	8.926930866631698
5.374338458350453e10	51.791566372426345	-1.3498109437499797e-5	2.5534130710905816e-10	2.1364170003677132e-16	20.66177486809037	0.042005872002444676	8.905605158987695
5.383197246480458e10	51.81421648877407	-1.3479148335674506e-5	2.55832759551393e-10	2.1426688130656167e-16	20.629329536355648	0.04247753585118367	8.886255113603353
5.3920300347159996e10	51.836805717966236	-1.3460222891708464e-5	2.5568062134376624e-10	2.1427599111198305e-16	20.59943066388454	0.04294155743225094	8.868532166088306
5.404544776372129e10	51.869139925410124	-1.3433105424340243e-5	2.660217106922649e-10	2.2337410584302357e-16	20.563047683383083	0.04386229360249142	8.84541596851924
5.41283986800934e10	51.89245142620642	-1.3413502156063146e-5	2.9990218584524544e-10	2.5255502025312063e-16	20.542332311372697	0.04497107557715536	8.827963051339225
5.420184511126478e10	51.91586585487795	-1.339376519298702e-5	3.368251840441468e-10	2.841349506775597e-16	20.517761866336265	0.04601030505363087	8.807655193484733
5.427180022318436e10	51.94042454179573	-1.3373038160385507e-5	3.6372399396745885e-10	3.071021382327342e-16	20.485401445592267	0.04682637821245037	8.784304376015665
5.433982220979299e10	51.9658230655644	-1.3351585446441346e-5	3.8198819578451186e-10	3.227655758905455e-16	20.44812831265191	0.047445933389590585	8.759433702296104
5.440520138310641e10	51.99123612937506	-1.3330102845969814e-5	3.949082640618938e-10	3.340075928316064e-16	20.409752554727028	0.04790347636499647	8.734759930186447
5.446454910241452e10	52.015001830410014	-1.3309988736396187e-5	4.0666396116920995e-10	3.444545361262166e-16	20.374538902657072	0.048248598443056005	8.712273118349621
5.451993577901477e10	52.038102201658845	-1.3290396834442847e-5	4.3242508644830293e-10	3.6735684482697154e-16	20.342973309152832	0.04872879807622472	8.690722615779656
5.45686086216e10	52.06041402089507	-1.3271401335250659e-5	4.909167560308958e-10	4.1887505716839006e-16	20.315740705047382	0.0495740471213983	8.668795309453436
5.461310631566758e10	52.08397132467312	-1.3251260375771758e-5	5.703700163770608e-10	4.885226323657186e-16	20.284674553465358	0.05054579621448992	8.643002916286234
5.465421588385036e10	52.1090717441191	-1.3229729783572255e-5	6.514983596286489e-10	5.596077825192488e-16	20.245357435538075	0.05138093122532946	8.612787238131986
5.469159853107748e10	52.13493978544413	-1.3207477527999164e-5	7.371730277879963e-10	6.352637812188802e-16	20.200178752538	0.0520862905933717	8.579620617050127
5.472196180456961e10	52.15909780934956	-1.3186594882196658e-5	8.760475456888655e-10	7.604206666188864e-16	20.158963753310253	0.053061637237958266	8.546915831553568
5.4743063914512856e10	52.17972893151822	-1.316859168292617e-5	1.1120695189820453e-9	9.76352140609832e-16	20.1272951501064	0.05449530152231071	8.516779834293352
5.47554370005436e10	52.19514217998162	-1.3154980137006521e-5	1.4163432965189025e-9	1.2588564801197922e-15	20.105942511244713	0.056025589621435785	8.492447026960704
5.476488739566179e10	52.21051864734959	-1.3141211493933472e-5	1.8928802528321228e-9	1.7081628675960896e-15	20.0863868709071	0.057947884783145935	8.4665082520108
5.477274276207934e10	52.22816651719516	-1.3125134163545857e-5	2.696924531254537e-9	2.4806833523353313e-15	20.063667877576087	0.06041000597765526	8.434835255039474
5.477896860751956e10	52.248614876509976	-1.3106107797083457e-5	4.0471213064759205e-9	3.809644546903601e-15	20.03464789742285	0.0633600356762626	8.396014650493555
5.478383149360334e10	52.273369458774255	-1.3082461477039183e-5	6.505458430763726e-9	6.307406967504548e-15	19.995089266637287	0.06691018754947319	8.346710554546522
5.478716438714091e10	52.30115949955148	-1.3055042709668094e-5	1.090160094124507e-8	1.0950042116692127e-14	19.946165145730824	0.07080586549751805	8.289258920098652
5.478941075482831e10	52.33362065839771	-1.3021678221413785e-5	1.969813911522448e-8	2.07379688140452e-14	19.885214777337275	0.0752209176799831	8.220329371617455
5.479074359665889e10	52.369276152051214	-1.2983030719449368e-5	3.762060188406189e-8	4.203170846818265e-14	19.815924346009616	0.07989751587796702	8.143244062728984
5.479149414824643e10	52.40893873571039	-1.2936958116259716e-5	7.765918833032014e-8	9.40535271678502e-14	19.737959032737002	0.08489504031507832	8.056557802112776
5.479184046146818e10	52.44617725053673	-1.2889697266101226e-5	1.553627823267176e-7	2.0724189934667541e-13	19.665415650669935	0.08936126138496304	7.974719969071147
5.479201869969146e10	52.48551828022962	-1.2833772954555451e-5	3.30053501734767e-7	5.025831817342114e-13	19.590652848407935	0.09380422138616852	7.888079808964506
5.479209329762952e10	52.51922234617635	-1.2778513960741518e-5	6.447947210623748e-7	1.1441633312750327e-12	19.529050446887688	0.09732514257366295	7.813839209359516
5.479212978752899e10	52.55139822261031	-1.2715860462521423e-5	1.2582007516949134e-6	2.70302811683659e-12	19.473288931245783	0.1003665323022025	7.74302187529148
5.47921452479814e10	52.576632903731	-1.2656408661476379e-5	2.1801517471453554e-6	5.6473529609946196e-12	19.43222907308192	0.1024875937647708	7.687549618006331
5.4792154935504906e10	52.605374767744706	-1.2571977845258326e-5	4.210187931983486e-6	1.4050468157917281e-11	19.388834185468205	0.10459110390728568	7.624461680674302
5.4792160583705376e10	52.640618408385215	-1.2430529013562537e-5	9.917644970193081e-6	4.7816845586034914e-11	19.340895278962343	0.10671347373092996	7.547259257400371
5.479216291834014e10	52.6756724551048	-1.2221050430210911e-5	2.4537936402055504e-5	1.8065179690396512e-10	19.298925897925166	0.10835863655258625	7.470649168579829
5.479216381875651e10	52.70926720940354	-1.1909472887032174e-5	6.121767262808973e-5	7.079834473052214e-10	19.263620469458296	0.10956244004630863	7.397384716129292
5.4792164165035324e10	52.741529453081206	-1.1434832211727705e-5	0.00015277753945485992	2.821464300657095e-9	19.23365322662469	0.11045412457067205	7.327155721057582
5.479216430042376e10	52.773175764305925	-1.0684302926637198e-5	0.0003854403968900467	1.1552942691752477e-8	19.20736654383044	0.11117025188649467	7.258376613855034
5.479216435307705e10	52.804318109095426	-9.478580627029148e-6	0.000977550056246865	4.801304422827801e-8	19.183844833289562	0.11183346740261954	7.1907850527200985
5.479216437372507e10	52.835445575553116	-7.492569461345543e-6	0.0025025539091295943	2.0324984185773365e-7	19.161903602749682	0.11259821740367572	7.123297361657395
5.4792164381945526e10	52.86750956851636	-4.081848927348565e-6	0.006539145438297259	8.894740608487844e-7	19.139802691097067	0.11368553713299366	7.053800053397868
5.4792164385317764e10	52.90267272090937	2.2762901995471984e-6	0.017829525632786527	4.1510059268665e-6	19.113785307814545	0.11547456110509927	6.977429209013773
5.479216438675903e10	52.94473397202885	1.5476715317684045e-5	0.050308957285095345	2.031639480740456e-5	19.07481262908076	0.11854971154411409	6.885298264207017
5.479216438743627e10	53.0003785385794	4.5534809723227536e-5	0.13581358043682226	9.241000008743417e-5	19.002765044619743	0.12338694675479017	6.761074303577842
5.479216438780111e10	53.075835428782355	0.0001109903038726541	0.30964780683728793	0.00032454210351952334	18.874716873166427	0.12947917628277286	6.588744191297599
5.4792164388052414e10	53.18771196209382	0.0002551744485108885	0.6246525149848688	0.0009458423964345199	18.65337924259476	0.13652774192686512	6.328839529768258
5.479216438824863e10	53.35580590209844	0.0005587547192625997	1.1476378521516357	0.0023812831381661934	18.29378414808813	0.1438692622648654	5.934096680620666
5.479216438838991e10	53.561975223882854	0.001043278073582365	1.8326885764501357	0.004753708048643188	17.844695596277155	0.14901070366938873	5.446126514566761
5.4792164388492485e10	53.78979147885417	0.0016770376784291628	2.683032519866895	0.007880314215573067	17.39406153626286	0.150042004413389	4.898353947910166
5.479216438857721e10	54.06150571094402	0.0025181374159981293	3.809772100187862	0.012406112515440462	16.900011048348325	0.15164359554324877	4.2265816379196
5.47921643886447e10	54.35961752024443	0.003543019826205581	5.087333134577123	0.018401365499853564	16.34267868940359	0.15464399515158656	3.473275391472917
5.479216438868369e10	54.57543290057201	0.004348732033625584	6.005181861740713	0.023038978209104152	15.919786555793657	0.15581416517131857	2.9218495181027775
5.479216438870972e10	54.7403296408404	0.00498909520656935	6.67349416619661	0.026083733875400653	15.577141317326927	0.15464050966404233	2.4979063638529495
5.4792164388729485e10	54.87716646707869	0.005520928084498605	7.175835767974418	0.027568388926344733	15.268547267976864	0.15099380564363477	2.1440914038659136
5.479216438874727e10	55.008490682688695	0.006013882955921479	7.5875984096085345	0.02764537874517962	14.941497726309628	0.14450196727535836	1.8021708508522734
5.4792164388763626e10	55.13523320018459	0.006457090611000304	7.899517846180666	0.026318659671225826	14.590194198139251	0.13537451275550902	1.4691168138614057
5.479216438877894e10	55.25767644934817	0.006841414706011647	8.100526073856532	0.02373987954109788	14.213535984479087	0.12415321823614794	1.1432667596596908
5.479216438879355e10	55.37668459727417	0.007162900969224688	8.174062916787777	0.02010857782283334	13.810051567478332	0.11140202038345157	0.8207537104640976
5.479216438880799e10	55.49441139413469	0.00742196579777182	8.096349909768973	0.015645706714550806	13.37157151440065	0.0974750591622184	0.4929636083220233
5.479216438882191e10	55.60582740376181	0.007607616535985337	7.873030667220286	0.010990010024374934	12.915017238610552	0.08356114759173065	0.17091687546185635
5.4792164388836006e10	55.71464733998746	0.007730278892586435	7.546199896577688	0.006474520597368554	12.42339255672281	0.06979590398015972	-0.1576167172853187
5.479216438885091e10	55.82432482486473	0.007794894071215223	7.174455509006131	0.002319643574620666	11.878729538942174	0.056369951746994613	-0.5014613481271563
5.479216438886652e10	55.93346704855363	0.007802352109674352	6.825326529893031	-0.0012295677452936328	11.293508079697325	0.04410128511656022	-0.8456028518724464
5.4792164388883194e10	56.044729351141406	0.007755999036660452	6.526721705975018	-0.004196629369703577	10.67441856603913	0.033210979086200125	-1.1706401556883355
5.479216438889983e10	56.151412720181646	0.007666481062838377	6.300678824441057	-0.006454636128764061	10.099383612592284	0.0244770603292182	-1.4165851375266507
5.479216438891902e10	56.270317491618115	0.0075229922358556476	6.106485569074084	-0.00841337845787349	9.543332398416716	0.016618466935097397	-1.5795405506824112
5.479216438893821e10	56.38596958428729	0.007346398721039	5.963233146178468	-0.009956958039455075	9.138572284503745	0.010632883888294042	-1.6412723732808363
5.4792164388956795e10	56.4957573340238	0.007149271431340909	5.866004880712752	-0.011244462974209841	8.889127147819217	0.006261544544320496	-1.6521220650595019
5.479216438897635e10	56.609752719646664	0.0069175934629338185	5.8089286264642	-0.012440043015777329	8.75131463746576	0.002941761333303174	-1.645687528405978
5.4792164388999794e10	56.74571908769646	0.006611336073660095	5.805455976220748	-0.013651110829584265	8.709976195241815	0.0004363510860340387	-1.6358611783835662
5.479216438902907e10	56.916711570705225	0.006194285793313227	5.902865048404146	-0.01478782862939545	8.785851456433285	-0.000857028430483454	-1.633202656365376
5.479216438906682e10	57.144268697084314	0.0056189033416536825	6.188081016548784	-0.015573983661190872	9.015238027198372	-0.0002981313501998244	-1.6487118630355246
5.479216438909497e10	57.32273363444638	0.005179822871141077	6.50205184031616	-0.01549326947612937	9.247781451486254	0.0014033735546301568	-1.6709835266936643
5.479216438911533e10	57.45774486793573	0.004869879439034277	6.763697565251046	-0.014860603929305551	9.430538569520401	0.003355071215156598	-1.6903807517329863
5.479216438913192e10	57.57178278450387	0.004630345330561481	6.983808249016944	-0.013970842830077962	9.57741795395598	0.0052467245813269635	-1.7068119348389952
5.479216438914794e10	57.68539770922278	0.0044145857129298674	7.196407494942675	-0.01294420610995264	9.714427267593443	0.00699339331468465	-1.7223405232726177
5.479216438916439e10	57.80557973992963	0.004210604328156703	7.415794966999199	-0.011856990268913096	9.853106391547591	0.008473311026360019	-1.7375734759924975
5.479216438918365e10	57.95097176194594	0.003994241940413948	7.680029167451436	-0.010610986190120148	10.019681249232555	0.00974719470883267	-1.7546473156017057
5.479216438920808e10	58.142868195569555	0.00375396114067564	8.036466303458432	-0.009062776875081974	10.246531218273937	0.010775816386549352	-1.775892528031515
5.479216438923254e10	58.34414924869116	0.0035518460546559243	8.423502140400574	-0.0074230328957039645	10.495224012677319	0.011462639891703121	-1.7975114766836713
5.479216438924824e10	58.47846624047438	0.003445049660101829	8.682979872915451	-0.0061222812308396315	10.660943028853445	0.012155852290671617	-1.8115740252852366
5.479216438925956e10	58.57780490514192	0.003382214824313551	8.867676525998435	-0.004944887603176812	10.77611123348661	0.013010826121933033	-1.821524252608837
5.479216438927028e10	58.673879913813764	0.003335895502324664	9.035026094608579	-0.0036661583603308447	10.876841849348217	0.014007700085167978	-1.8305040341094354
5.479216438928085e10	58.77029188760966	0.0033042648892715686	9.188685607320464	-0.002295323410651523	10.965291693903488	0.015063963316795641	-1.8386669290709448
5.479216438929129e10	58.86693009058452	0.0032878785554796715	9.32540526956925	-0.0008229571348297415	11.039423253568977	0.0162354524170043	-1.8458488468717378
5.479216438930079e10	58.95602061265327	0.003286825666154646	9.433143682862854	0.0006115686444113547	11.092852127533071	0.01741942255199552	-1.8514718453746624
5.4792164389310135e10	59.044440298048116	0.0032992023570279283	9.52075500106548	0.0020370678988922003	11.130600926483659	0.018549348331548195	-1.8560152475156868
5.479216438931933e10	59.13225968721462	0.0033241424257892216	9.588435130069332	0.003373774973461887	11.153424423167543	0.01946653653264797	-1.859462469235624
5.4792164389328514e10	59.22061711664033	0.0033608340385174245	9.638150406248831	0.00458852754316624	11.163176834413356	0.020097721919233074	-1.8618808440359755
5.479216438933893e10	59.321151461228496	0.003415014656880278	9.674555711401306	0.005789596973281473	11.160686969200619	0.02044755207786633	-1.8634513598128257
5.479216438935217e10	59.4494685269431	0.0035003543385254605	9.694195343481406	0.00704506098664723	11.140781966307237	0.020385424408095345	-1.8638797458005598
5.47921643893703e10	59.62525537065521	0.003640325366414887	9.681447301305328	0.008304987090057748	11.091146303938878	0.019560494610527234	-1.8622018826596092
5.479216438939515e10	59.86502856559908	0.0038606718839233555	9.608633240915188	0.009305698223105187	10.996222850787355	0.01746574698547562	-1.856953619079985
5.479216438942664e10	60.16530516453773	0.00416166741241611	9.45577625293405	0.009674444119764352	10.852623023779792	0.013911503951749418	-1.847410022712679
5.4792164389464676e10	60.52069341293209	0.00452413061743046	9.219659583187159	0.009262603946555606	10.666696525265401	0.00912863294772814	-1.833751473052306
5.479216438951018e10	60.93308241499831	0.004921644088335428	8.902712943515604	0.008137940695028741	10.444420875195227	0.0035143796039858416	-1.816212905160048
5.479216438956396e10	61.401372555315426	0.005316151268997764	8.51296354257467	0.006519575165025811	10.192448463090535	-0.002400723843982298	-1.795042507960756
5.479216438962597e10	61.91540860382749	0.005663673260444181	8.066448865095948	0.004724095412022287	9.919669652548102	-0.008041119160827021	-1.7706345910777497
5.479216438969516e10	62.4567422282738	0.005930356251741917	7.585141360090602	0.0030501267744757117	9.636659443338011	-0.012968960701908842	-1.7435451113553695
5.479216438976995e10	63.00536361095877	0.006104320634925487	7.09053142470654	0.001673210592151786	9.353298218313888	-0.01700350671045796	-1.714356685860901
5.479216438984874e10	63.544405259088286	0.0061928841891097895	6.599807339596266	0.000637872252927705	9.077543890760047	-0.020171337741209893	-1.6836131204518796
5.479216438993161e10	64.07107490008097	0.006212992803904206	6.116407943672874	-0.00010187934158499653	8.810380109166296	-0.022637973798587434	-1.6511959112698888
5.479216439001895e10	64.584239524057	0.006180430475954116	5.64161123449873	-0.0006046009745713619	8.552246882186786	-0.024550342791052893	-1.6168972611806036
5.479216439011111e10	65.08236286432995	0.00610866150841997	5.176711806238488	-0.0009238086750280057	8.303953023987539	-0.026023158760443463	-1.5805183479372937
5.479216439020867e10	65.56495426828846	0.006008639641235081	4.721802076260244	-0.0011049585294135738	8.065874707145078	-0.027149306432254834	-1.5417435642825557
5.479216439031242e10	66.03139272392148	0.00588911595394269	4.27690178493997	-0.0011840020430120962	7.838526343140053	-0.028001754804798377	-1.5001860516213976
5.4792164390423294e10	66.48109841056646	0.005756992892939459	3.8417960635329256	-0.001188855662683941	7.6224832531214375	-0.02864006245559847	-1.455337801521785
5.479216439054252e10	66.91335738389938	0.0056177096860113565	3.416158470860775	-0.0011408715315253935	7.418498339987515	-0.02911461622750412	-1.406530402960745
5.47921643906718e10	67.32756405925895	0.005475453177967692	2.999211110662846	-0.0010561167482326767	7.227446982660219	-0.029470511176809027	-1.3528157033330113
5.479216439081319e10	67.72215674404038	0.00533376795055673	2.590625016045355	-0.0009466470888768932	7.05091430499963	-0.029750039985001694	-1.2929574843933087
5.479216439096976e10	68.09568186581369	0.005195396174429439	2.1891526332207283	-0.0008210868995508442	6.8908731500670015	-0.029997668212044668	-1.2250394001044471
5.47921643911451e10	68.44417782831609	0.005063404074106665	1.7949373556308856	-0.0006859850356885439	6.751110253807134	-0.030264043876868044	-1.1464909781271255
5.479216439134342e10	68.76094471655331	0.004941453197332402	1.4093883878118054	-0.0005464464108199288	6.637672020709466	-0.03061449473460186	-1.0536714978359376
5.479216439156552e10	69.03195095344903	0.004835735905694203	1.0413816170823917	-0.00040883096428043935	6.56063373368827	-0.031130861878003933	-0.9432419100885456
5.4792164391799484e10	69.236238103792	0.004755074619572338	0.7143381498534788	-0.0002838941665835115	6.530896283015728	-0.03187665811691349	-0.8171707288754042
5.479216439204959e10	69.37744135291705	0.00469860520112248	0.42492376153681183	-0.00017123065441460684	6.55266883550528	-0.03296276985108448	-0.6684288707348969
5.4792164392322395e10	69.45873979795346	0.004665622486439754	0.18662607105969492	-7.636123030798454e-5	6.633676299483433	-0.03449849335141806	-0.48957580796375827
5.479216439267764e10	69.49325124574034	0.004651423301147367	0.038594861454161536	-1.5983211508965208e-5	6.802983866258025	-0.03664240208915954	-0.25646002709550164
5.479216439326864e10	69.50124393901683	0.004648106319697233	0.003309465573263862	-1.3773505190160287e-6	7.074552082033598	-0.039162347796987414	0.02979361959230953
5.479216439441703e10	69.5022919447444	0.00464766970154344	0.00015210004743131429	-6.349850229608528e-8	7.371523624108228	-0.041595222660692106	0.33933488653896204
5.479216439651366e10	69.50237300287215	0.004647635834661281	5.502174111379356e-6	-2.3029398776609535e-9	7.616881667666213	-0.04355759481223529	0.6303957103499462
5.479216440039668e10	69.50237810549162	0.004647633697516008	1.6448316234302694e-7	-6.900128510542596e-11	7.819083791064237	-0.045184902572391474	0.9111519749671589
5.479216440765693e10	69.50237837728619	0.004647633583429956	4.215413650126964e-9	-1.7720241970333355e-12	7.992149257489679	-0.046593466354871056	1.187791043345485
5.479216442139788e10	69.50237838991106	0.004647633578120049	9.372734762386787e-11	-3.947501667510225e-14	8.146431418490216	-0.04786232382806369	1.4646452138472517
5.479216444758618e10	69.50237839042745	0.004647633577902456	1.850641103753893e-12	-7.808268142558676e-16	8.287701032669794	-0.04903491670372343	1.7430294157024018
5.479216449774145e10	69.50237839044642	0.0046476335778944415	3.3178706016405994e-14	-1.402267705206231e-17	8.419481594956302	-0.05013793728016184	2.023227827987433
5.47921645941099e10	69.50237839044705	0.004647633577894171	5.510363224935034e-16	-2.3327173201066243e-19	8.544032356492131	-0.05118863101615046	2.3050555982151177
5.479216477985498e10	69.50237839044705	0.004647633577894164	8.594608846621803e-18	-3.644155617881822e-21	8.662976941727472	-0.0521995543123644	2.5883922300423903
5.4792165138744415e10	69.50237839044705	0.004647633577894164	1.273491766202299e-19	-5.408035848192982e-23	8.777454102859771	-0.05317957306178734	2.873028061089245
5.479216583385221e10	69.50237839044705	0.004647633577894164	1.8067897802384233e-21	-7.684427646633683e-25	8.888335057583255	-0.054135547270867425	3.1588462126207553
5.479216718311362e10	69.50237839044705	0.004647633577894164	2.4697181164757218e-23	-1.0519687340209811e-26	8.996278180406854	-0.05507270342842597	3.445739014313952
5.479216980758835e10	69.50237839044705	0.004647633577894164	3.2678517795699077e-25	-1.3940005573125521e-28	9.101796954406701	-0.05599515427483743	3.733625802960979
5.4792174921741684e10	69.50237839044705	0.004647633577894164	4.2032958657042e-27	-1.795689611748583e-30	9.205284880403703	-0.056906067118393834	4.022407511317872
5.479218490583586e10	69.50237839044705	0.004647633577894164	5.270580983218692e-29	-2.2549541254056973e-32	9.307071652402648	-0.05780811849570711	4.312041637968154
5.47922044336748e10	69.50237839044705	0.004647633577894164	6.455976062375537e-31	-2.7661616860520853e-34	9.407431360474426	-0.0587035340466233	4.602509550551411
5.4792242694737175e10	69.50237839044705	0.004647633577894164	7.74065347518599e-33	-3.321460949970704e-36	9.506584375529748	-0.059594061205839995	4.893775571234545
5.479231779079708e10	69.50237839044705	0.004647633577894164	9.09877909674112e-35	-3.909943813876151e-38	9.604722771429444	-0.06048112893964273	5.185821253410624
5.479246542937566e10	69.50237839044705	0.004647633577894164	1.0501877340109492e-36	-4.519497476016095e-40	9.702014788193175	-0.06136577076998057	5.478620062287199
5.479275614827946e10	69.50237839044705	0.004647633577894164	1.192210893602971e-38	-5.1381999720207926e-42	9.79862280166035	-0.062248565104408855	5.772142693550836
5.47933296484411e10	69.50237839044705	0.004647633577894164	1.3325103003372869e-40	-5.751212278475824e-44	9.894748611372485	-0.06312961718038987	6.066421419994499
5.479446263626148e10	69.50237839044705	0.004647633577894164	1.4707880805798994e-42	-6.3571096393675044e-46	9.990625610754002	-0.06400763327500025	6.361396137630387
5.479670443382939e10	69.50237839044705	0.004647633577894164	1.6091540675981536e-44	-6.964741343373615e-48	10.086646823387333	-0.06487939916142801	6.657059830544643
5.480114663292357e10	69.50237839044705	0.004647633577894164	1.757306644806629e-46	-7.615591359089776e-50	10.183497147245795	-0.06573762219419191	6.953384687652501
5.480995992080499e10	69.50237839044705	0.004647633577894164	1.9415590630857414e-48	-8.422759962122164e-52	10.282458640528581	-0.06656702454753455	7.250310891812819
5.4827464694968216e10	69.50237839044705	0.004647633577894164	2.226264468453637e-50	-9.663277900669046e-54	10.386034987062182	-0.06733670640801231	7.547778429727992
5.486224746832131e10	69.50237839044705	0.004647633577894164	2.7883776860850535e-52	-1.209863724467855e-55	10.499133138231606	-0.06798454330926493	7.845613155548884
5.49313082823745e10	69.50237839044705	0.004647633577894164	4.2215638598901833e-54	-1.827645966631508e-57	10.631449693933497	-0.06838724679755553	8.14346414101063
5.506793671459318e10	69.50237839044705	0.004647633577894164	9.440851745387522e-56	-4.0635005032432215e-59	10.802050502739668	-0.06830378441744234	8.440550676425872
5.533507488979625e10	69.50237839044705	0.004647633577894164	4.6207026212948833e-57	-1.96390224729961e-60	11.04738925241734	-0.06728081993030033	8.734728239114945
5.583980260306424e10	69.50237839044705	0.004647633577894164	1.0157211858951404e-57	-4.212869637438076e-61	11.431575468005555	-0.06456031367926884	9.020211330187834
5.671048401255738e10	69.50237839044705	0.004647633577894164	2.850384400966458e-57	-1.1346265375265459e-60	12.040913864941196	-0.05929099481865694	9.28292096871848
