# problem=SEAS Benchmark BP5-QD
# code=Thrase
# modeler=B. A. Erickson
# date=2023/01/09
# element size=xx m
# location=on fault, z = 0.0 km
# Lz = 80 km
# t slip_y slip_z slip_rate_y slip_rate_z shear_stress state
0.0	0.0	0.0	1.0e-9	1.0e-9	13.273061180906112	13.273061180906112	8.146128035678238
6.6349145094533995e7	0.06635049125281157	6.6265695844733694e-12	1.0000576795228522e-9	9.975366958703241e-20	13.273112538947874	1.2365928056400403e-7	8.146124343863605
2.0300334898212495e8	0.2030654329303504	2.023092960540223e-11	1.001280563406093e-9	9.940510933282956e-20	13.274086389409415	-1.9580261728630683e-6	8.145980890456782
3.011482046242373e8	0.3015307679292607	2.9990490107644267e-11	1.0065039089560112e-9	9.959959629783814e-20	13.27806922270449	-1.1820355378126178e-5	8.145275840852428
3.7588832686262363e8	0.377190857661804	3.746777950468668e-11	1.020812751297322e-9	1.0074790177795508e-19	13.288779142005687	-3.7718219314137096e-5	8.143307436156187
4.334185085100298e8	0.4366777180103866	4.333172120807065e-11	1.0523474235329526e-9	1.0360114880125411e-19	13.311985401219026	-9.552904502511581e-5	8.139136748891467
4.760979102365386e8	0.48267561833590544	4.785456346872926e-11	1.112225662120869e-9	1.0920915012703053e-19	13.35491553766764	-0.0002124003179567568	8.131968099958977
5.0484152612011904e8	0.5158499646429873	5.1107593008990625e-11	1.2104733629980021e-9	1.1851018354985196e-19	13.422510596593515	-0.00042283859100017564	8.122122603684677
5.2270545801063013e8	0.5386052160697781	5.3331980502821016e-11	1.3600021911392615e-9	1.3268903164202772e-19	13.519357904144822	-0.0007756979289733796	8.110803708226971
5.3161950504511607e8	0.5514256549506139	5.458080480013863e-11	1.5431451933532463e-9	1.500199096661976e-19	13.629253166975154	-0.0012400230816453327	8.101342194332751
5.356653079711779e8	0.5580067737874598	5.5219622307977785e-11	1.735430371231583e-9	1.6814549445993127e-19	13.73553014836721	-0.0017444294873769047	8.09494475644484
5.376395736273851e8	0.5616094373191189	5.5568170373973924e-11	1.940101315538757e-9	1.8736835802819606e-19	13.839564994295838	-0.002283038821825793	8.090696591686884
5.386249261408267e8	0.5636153552289499	5.576161369912946e-11	2.158736077417763e-9	2.078166591978558e-19	13.941505220320344	-0.002847111690499958	8.08796085993378
5.391208270196964e8	0.5647367562157211	5.5869416343236e-11	2.393338953826387e-9	2.296841734720355e-19	14.041590130162234	-0.003429983512855851	8.086246695492878
5.393710011117221e8	0.565363172706302	5.5929448886476356e-11	2.6464176764318063e-9	2.531902175418945e-19	14.140170718294794	-0.004027110622592208	8.085196893608696
5.394971668684117e8	0.5657121731940065	5.596279220408219e-11	2.92089489405985e-9	2.7859287014612197e-19	14.237638207260026	-0.00463559020749395	8.084565909591422
5.395606763649287e8	0.5659059571336604	5.598124915680842e-11	3.2199768333221315e-9	3.0616753144232877e-19	14.334349829130627	-0.005253547064413126	8.08419251742503
5.395925630526824e8	0.566013173010447	5.599142951413005e-11	3.547110959899536e-9	3.3622961320574987e-19	14.430603335034117	-0.005879759381461409	8.083974421920459
5.396085255643969e8	0.566072285228694	5.5997024662052326e-11	3.9059842150249735e-9	3.690575653633685e-19	14.526631635309121	-0.006513410296231873	8.083848434613582
5.396164921220597e8	0.5661047683361177	5.600008922686455e-11	4.300572264143002e-9	4.0498537474595123e-19	14.622613777361103	-0.007153969395881053	8.083776340105574
5.396204556040378e8	0.5661225613361365	5.60017621394391e-11	4.7351470827884556e-9	4.443195937312317e-19	14.718675031777359	-0.007801034196025022	8.083735425285647
5.396224215905607e8	0.5661322793027856	5.60026724474188e-11	5.214418500289166e-9	4.873759032180063e-19	14.814916158320592	-0.00845439996653287	8.083712371715219
5.396233938568282e8	0.5661375721116878	5.6003166191185614e-11	5.743570850299648e-9	5.344505442473908e-19	14.911412514720435	-0.009113957700003028	8.083699465377483
5.396238732374157e8	0.5661404468845848	5.600343308730406e-11	6.328298793094078e-9	5.857820911404512e-19	15.00821452075106	-0.009779621868273214	8.083692282146227
5.396241089779481e8	0.5661420047287079	5.600357689065161e-11	6.9751849104367824e-9	6.415101092958408e-19	15.105398051863924	-0.010451620430769854	8.083688304116393
5.396242246350219e8	0.5661428473156259	5.600365410986857e-11	7.692013747102494e-9	7.015985765586575e-19	15.203079858402226	-0.011130561676291994	8.083686110456783
5.396242812747416e8	0.5661433024832042	5.6003695432175963e-11	8.488539906502498e-9	7.657361254870797e-19	15.30147252651114	-0.011817782173857691	8.083684904719775
5.39624308991081e8	0.5661435483951507	5.6003717472999666e-11	9.37817932996191e-9	8.330973855619631e-19	15.400998353943173	-0.01251610919781661	8.08368424307616
5.396243225767453e8	0.5661436816789727	5.600372920422933e-11	1.0382376039495827e-8	9.02133278688907e-19	15.502576903251986	-0.01323183635929279	8.083683879379985
5.396243292808776e8	0.5661437546173244	5.600373545523341e-11	1.15415560233609e-8	9.700477043200148e-19	15.608269867813823	-0.013979189194184343	8.083683677767258
5.396243326258985e8	0.5661437952064592	5.600373879370346e-11	1.29322004983913e-8	1.0311653467116412e-18	15.721873738081221	-0.014784270429219638	8.083683564210572
5.396243343126326e8	0.5661438182678641	5.6003740568346074e-11	1.468053594388774e-8	1.0731304481847005e-18	15.848495891364788	-0.015681324974052863	8.08368349893772
5.3962433519818e8	0.5661438321506505	5.600374152314961e-11	1.7046856270800358e-8	1.074290259857723e-18	15.99772957438752	-0.016734113800014418	8.083683459187133
5.396243357073675e8	0.566143841597886	5.600374205669356e-11	2.063512385838885e-8	9.980039752790887e-19	16.188495480110365	-0.018070139760395197	8.083683431809046
5.396243360245745e8	0.5661438489252018	5.6003742346427236e-11	2.646517646750668e-8	7.835563188187627e-19	16.4369940784324	-0.01980164486955347	8.08368341030287
5.396243362523956e8	0.5661438559883866	5.600374247698138e-11	3.721756467320472e-8	2.610618606442028e-19	16.777487935786773	-0.022179925534284665	8.083683389301385
5.396243364350169e8	0.566143864542995	5.6003742421224623e-11	6.038599298469971e-8	-1.1663655412695055e-18	17.26081278776371	-0.02559743129944264	8.083683363545855
5.396243365857319e8	0.5661438771254106	5.600374198539175e-11	1.1727492383232856e-7	-5.62218265264553e-18	17.923663214623986	-0.030394024251612233	8.083683325272217
5.396243366821228e8	0.5661438926297103	5.6003741051143345e-11	2.2101113759159755e-7	-1.5728887965137795e-17	18.556415180887818	-0.035119124101420394	8.083683277834794
5.396243367654521e8	0.5661439198090082	5.600373869184383e-11	4.801511345691662e-7	-4.8440608817700936e-17	19.330918400934266	-0.04108841914500878	8.08368319446705
5.396243368341861e8	0.5661439726172003	5.600373236766627e-11	1.2082245564927642e-6	-1.6222850371724334e-16	20.25202406959184	-0.04802084094530514	8.083683032413154
5.396243368948504e8	0.5661441044623516	5.600371227706278e-11	3.7175835650600574e-6	-6.113321277009337e-16	21.37411235271138	-0.056108153919581016	8.083682628148644
5.396243369337376e8	0.5661443367597565	5.600367189171304e-11	9.19785033681914e-6	-1.6548608518511977e-15	22.278659837408753	-0.0625109120438754	8.083681916717197
5.39624336964487e8	0.5661447727598373	5.6003591780845237e-11	2.0978362181033626e-5	-3.890727607055514e-15	23.10202281120667	-0.06827588103182193	8.083680582915617
5.396243369891373e8	0.5661455284308557	5.600345209071106e-11	4.3251423138526594e-5	-7.93708583724147e-15	23.824593728294026	-0.07327603006757256	8.083678273487745
5.39624337013048e8	0.5661470596850505	5.6003176624414067e-11	9.111015345308748e-5	-1.6071835864323348e-14	24.568682516761186	-0.0783767837650963	8.083673598200706
5.396243370365431e8	0.5661502647793458	5.600262995091194e-11	0.00019544827961980247	-3.2362962888199064e-14	25.33097977146771	-0.08357636480972014	8.083663821612166
5.396243370603448e8	0.5661573619336322	5.600150765457913e-11	0.00043299429298286065	-6.5887781537648e-14	26.125471455255514	-0.08901073614868249	8.08364219456858
5.396243370835692e8	0.5661726865762038	5.5999295578076135e-11	0.0009571624132820514	-1.3245525195044994e-13	26.917786666994346	-0.09451402345466124	8.08359554736064
5.396243371078358e8	0.5662092319342674	5.599452261800886e-11	0.002241753541850396	-2.800498978776502e-13	27.76790066664182	-0.10057231852733965	8.083484458249343
5.39624337134157e8	0.5663079010376959	5.5982969707680135e-11	0.005848677013862901	-6.522187570673681e-13	28.72660065426621	-0.10750584101679159	8.083185075471922
5.396243371584264e8	0.5665401712816065	5.595863303356339e-11	0.014680661574577071	-1.4669946663217768e-12	29.649307150168156	-0.11411180213122113	8.082481722247678
5.39624337186084e8	0.5672711682341747	5.5890873595397316e-11	0.04339736014021003	-3.811448420678933e-12	30.745414282045758	-0.12182906805852894	8.080272700725951
5.396243372181629e8	0.5700839343782018	5.5664950796870814e-11	0.15458599066501477	-1.1702364116112793e-11	32.07004368813028	-0.13123677037179418	8.071787015700304
5.396243372463402e8	0.5778426520991738	5.511708380937427e-11	0.4383748634975983	-2.953065148978912e-11	33.253663062463524	-0.14003320428756647	8.048364037352874
5.396243372761934e8	0.5994265598467139	5.37416040980505e-11	1.0676670658804308	-6.560100689930478e-11	34.43844495729989	-0.14946537232571774	7.982912622075579
5.396243373109016e8	0.6546641502837527	5.047402892283317e-11	2.1601168947110803	-1.247307104169869e-10	35.56263936265252	-0.1593221077690221	7.814289648636827
5.396243373522427e8	0.7743345745924329	4.370424885461278e-11	3.6371390143033193	-2.0316852651374365e-10	36.41130880388491	-0.16774772517826975	7.446854876435678
5.396243374019947e8	0.999204790093401	3.1253356696227705e-11	5.3906380446883775	-2.9680350350640593e-10	36.75009000426744	-0.17171588950180292	6.753719587668076
5.396243374429415e8	1.2486863618968835	1.7595148058076493e-11	6.7908731790989645	-3.687929087311261e-10	36.56206036102066	-0.1693991367942171	5.983066373544918
5.396243374725392e8	1.4644871872106224	6.040549140869609e-12	7.78887899969081	-4.092965468183713e-10	36.1967508170503	-0.16423548124789591	5.31571266303104
5.396243374952679e8	1.6500988041209044	-3.493074797604296e-12	8.541155897958424	-4.2766025182978905e-10	35.78718465081944	-0.15814436439323018	4.741338055558451
5.396243375174212e8	1.8472898610904755	-1.307072944865743e-11	9.258654018557902	-4.3565136360397573e-10	35.28104766997271	-0.1505179416075089	4.130836726338507
5.396243375422308e8	2.0868125520089773	-2.3907627576673696e-11	10.04880525111432	-4.368050772013594e-10	34.59649720086732	-0.14014956257101294	3.3889669555130237
5.396243375724466e8	2.404924118866302	-3.703273055234683e-11	11.008372815962167	-4.30742653423292e-10	33.61038888058642	-0.12502590626779223	2.4033103573221752
5.396243376052352e8	2.7831391912515464	-5.0911544132114865e-11	12.064761041152826	-4.12860213144278e-10	32.36579521155014	-0.10544565948679485	1.2312502611635223
5.396243376256423e8	3.0360663212369534	-5.907284874597301e-11	12.720118611020785	-3.8228316427594387e-10	31.494170765710678	-0.09129654865555285	0.44847536653334497
5.396243376400595e8	3.2226389486287235	-6.42922985210627e-11	13.154482899765208	-3.3773293798520924e-10	30.820603093482724	-0.08018267716405614	-0.12553302852145992
5.396243376534337e8	3.400960531178764	-6.841148898914119e-11	13.497924300473173	-2.745209503252621e-10	30.14384645227507	-0.06910152494044547	-0.6633880376305422
5.396243376673998e8	3.5912329636994316	-7.163427127619936e-11	13.71460808585971	-1.816660037897776e-10	29.383616610886065	-0.05683832326660206	-1.1983098714137328
5.396243376794984e8	3.757099791838216	-7.32067588525943e-11	13.653875299540232	-7.404027260663314e-11	28.694660412227137	-0.045719830653341155	-1.5780110251974269
5.39624337691031e8	3.9127282415933644	-7.337890302418238e-11	13.285785518442946	4.5677788224917375e-11	28.045432803864266	-0.03499997927519296	-1.8058171393256164
5.396243377023244e8	4.0596097166472225	-7.219478835974983e-11	12.703503796622273	1.6264379481085936e-10	27.45737117948599	-0.024816493765045917	-1.90423473246571
5.396243377143258e8	4.207949594314794	-6.956268718007819e-11	12.017758447033867	2.7299933498562776e-10	26.91025351209683	-0.014657652992091397	-1.9307897894197037
5.396243377289346e8	4.37774801901627	-6.474009659820989e-11	11.246424148545241	3.8295681273177715e-10	26.35519385316308	-0.003333988972482016	-1.9217135427692404
5.396243377483307e8	4.587394256406139	-5.617478815178231e-11	10.405344418766894	4.945878544204415e-10	25.776017921677308	0.010104662017363408	-1.8929263353683925
5.396243377748412e8	4.851229823590829	-4.153511545014203e-11	9.546560367217232	6.029160865718408e-10	25.194159878878075	0.02613869491572593	-1.8540444448699507
5.396243378096001e8	5.1685014992197	-1.882010735986148e-11	8.758387653700002	6.96955331384098e-10	24.662339487341264	0.04417802084057628	-1.8132050033454632
5.3962433785311e8	5.533906433595298	1.3209509904510191e-11	8.079368398119865	7.68836617813502e-10	24.203695080272674	0.0634198122849125	-1.7749166944841046
5.3962433790666e8	5.94983840384342	5.578461799856617e-11	7.486115671520418	8.153055837788617e-10	23.80138440075988	0.08356991308770992	-1.739466623042383
5.396243379713187e8	6.415657935824767	1.0927488283415535e-10	6.944313881185033	8.340676699994263e-10	23.43183279787852	0.1042406981653509	-1.7055479295070355
5.396243380465965e8	6.918529736878249	1.7188651457925047e-10	6.4308499835884705	8.252622675074866e-10	23.079343144980683	0.12462296403650357	-1.6717683848480132
5.396243381304443e8	7.436589876297837	2.3987407962218215e-10	5.936450713049654	7.936229758406489e-10	22.737727464207737	0.14376762180949665	-1.637221858098826
5.396243382197582e8	7.9453600888310785	3.0873320811910353e-10	5.464040657046357	7.468630749877473e-10	22.40916075333739	0.16089853492466702	-1.601792592893367
5.396243383142328e8	8.439718182204157	3.7669104827580906e-10	5.008009177221574	6.912957406991198e-10	22.089784007757586	0.17606123602254303	-1.5647932954618315
5.396243384144318e8	8.918974203348851	4.429391808344568e-10	4.5644515407071795	6.311589556870282e-10	21.776735262385884	0.18943696614276417	-1.5255947204579372
5.3962433852116e8	9.38269209880523	5.069733184569086e-10	4.131697049459862	5.692933937184057e-10	21.468560242550865	0.20119408807988007	-1.4836556377828067
5.396243386354762e8	9.830466243542743	5.684767568788129e-10	3.7089395912712964	5.075265187561842e-10	21.164264958617977	0.21148842268621923	-1.438395663449129
5.39624338758761e8	10.26181342700337	6.272490531794112e-10	3.2956463791062935	4.4696272178582607e-10	20.86286449080886	0.22046520008858386	-1.3891002479433232
5.396243388928401e8	10.676086315624003	6.831614975575342e-10	2.891312880645491	3.8823142976351017e-10	20.563122069720563	0.22826067642045786	-1.3348215655352031
5.39624339040149e8	11.072260344606638	7.360903095852989e-10	2.495460684395123	3.316958501128719e-10	20.26338209147309	0.23500158078754282	-1.274256680051342
5.396243392039915e8	11.448650360410282	7.858863287850541e-10	2.1077093338203348	2.7748901350873816e-10	19.961307051446724	0.24080519620118304	-1.2055559975882901
5.396243393885214e8	11.801744271685877	8.321723404344715e-10	1.7287474059505146	2.2569070845868087e-10	19.65402816182643	0.24576986728886804	-1.1261846411643908
5.396243395973237e8	12.123481685861082	8.740249463572966e-10	1.3633770307818935	1.767875420014502e-10	19.339644345074902	0.2499527742237639	-1.0333237215621693
5.39624339826669e8	12.396509191271372	9.093513211600201e-10	1.028211861198693	1.327776653555508e-10	19.023618107429172	0.2533239744929863	-0.9268880268521416
5.396243400680479e8	12.608645182805153	9.367293291826662e-10	0.739789391866989	9.544561630087541e-11	18.710351318180102	0.25591128588751394	-0.8091871151714121
5.396243403252783e8	12.766406102267036	9.570999011202514e-10	0.4977431022316047	6.434833085286376e-11	18.384013792187645	0.25787407818018776	-0.6776633845985085
5.396243406235344e8	12.883040203408857	9.722118649936096e-10	0.29903112339293436	3.885404129394882e-11	18.014149699257928	0.25925696059442754	-0.5220354727127199
5.396243410470252e8	12.97384261645076	9.840492573898896e-10	0.15143719526284993	1.981274651968317e-11	17.588605349416014	0.2597528564014691	-0.3188370666376246
5.396243418183762e8	13.049902181124576	9.940363118419769e-10	0.06517412678701004	8.58768793811108e-12	17.15749351339599	0.2593011255072574	-0.04761089589671493
5.39624343269278e8	13.110303012170846	1.0020176162907482e-9	0.02749304604405819	3.643808398347045e-12	16.791182702605653	0.25843275607090815	0.25441268441366005
5.396243459517184e8	13.158559841655105	1.0084290638478829e-9	0.012219444214515658	1.627444789735628e-12	16.490149530005112	0.2575039190450002	0.5554990417005041
5.396243509283621e8	13.199323230953901	1.013869040487529e-9	0.005698045879336721	7.619950659243873e-13	16.231699084309483	0.2566029551191505	0.8501144865505029
5.396243602889229e8	13.235614866883651	1.0187312235993686e-9	0.0027366451544194683	3.67383920019387e-13	15.998772413892482	0.255731808733708	1.1410569320914181
5.396243780643296e8	13.269020191955764	1.0232231729767118e-9	0.001338513834184367	1.8031624131485678e-13	15.782144138900094	0.2548817680759075	1.4302876644839455
5.396244120197533e8	13.300420751737661	1.027460828004392e-9	0.0006625945101752883	8.95710064399687e-14	15.576667988685415	0.2540452766313857	1.7187370766349273
5.396244771565409e8	13.330361986952735	1.0315158556398453e-9	0.00033071211228874806	4.486050124502728e-14	15.379173960619099	0.2532164471944048	2.00690594063023
5.396246025255928e8	13.359207077685825	1.03543493810115e-9	0.00016601334037205317	2.2596920746920896e-14	15.187566588262712	0.2523907430003121	2.2950979511525986
5.396248445009568e8	13.387209727802995	1.039252676053012e-9	8.367133686302953e-5	1.1424770219613833e-14	15.000394631826978	0.2515646672544671	2.583505273989638
5.39625312693372e8	13.414553968422323	1.0429926010752847e-9	4.228773416572622e-5	5.793371016077266e-15	14.816614591577249	0.2507354884738546	2.872255507524099
5.396262206223507e8	13.441377127794206	1.0466732878902819e-9	2.1412225324811036e-5	2.94335431282619e-15	14.635454567514671	0.2499010396271206	3.161435365320581
5.396279849822336e8	13.467784184401923	1.0503094012127924e-9	1.0854793199187223e-5	1.49711772453258e-15	14.456329447267976	0.24905956344942923	3.4511064275581615
5.396314203596473e8	13.49385654657092	1.053911088483378e-9	5.5064210890142785e-6	7.620062748638002e-16	14.278789867785619	0.24820961254203264	3.7413094653655565
5.396381224283825e8	13.519660028251193	1.0574878950655727e-9	2.79392455351051e-6	3.8798282484095546e-16	14.102474166172627	0.2473499002938345	4.032090358969184
5.396512208297492e8	13.545245073294057	1.0610464789460968e-9	1.4175334587039058e-6	1.9751738544349909e-16	13.927111788611796	0.2464793558583874	4.323458275998696
5.396768664080684e8	13.570654333364235	1.064592947456638e-9	7.189651345539365e-7	1.0052968633344536e-16	13.752475889594578	0.24559688963519075	4.615438809446873
5.397271669193088e8	13.595922500211667	1.0681316434126713e-9	3.6445929308125396e-7	5.1136045891624516e-17	13.578389064023469	0.2447013578619158	4.908048269918786
5.398259928044591e8	13.621077801853346	1.0716676172364597e-9	1.8462742721941638e-7	2.59970366241404e-17	13.404719368745674	0.24379138459001612	5.20129125589683
5.400204704699428e8	13.646143314251786	1.075203210620697e-9	9.34585856391006e-8	1.3209214904530922e-17	13.231381439449933	0.24286502565615328	5.495158652378199
5.404038269813832e8	13.671141772570078	1.078741840795103e-9	4.7269665427316186e-8	6.703769632168543e-18	13.0583214948374	0.24191898192538694	5.789666667985303
5.411607132012376e8	13.69609303523667	1.0822871362586529e-9	2.3889497487715224e-8	3.4003722112873264e-18	12.885569785771338	0.24094745730780495	6.084805177427084
5.426573893104962e8	13.721018248254914	1.0858411452166387e-9	1.2066353714924989e-8	1.7235241340935634e-18	12.71328016977344	0.23993953273164645	6.3805523259108785
5.456215069544921e8	13.74594574656338	1.089409033746388e-9	6.093541173212868e-9	8.73677048934045e-19	12.541824514323636	0.23887399317712818	6.676883774469904
5.515000087151647e8	13.770916574122623	1.0929959298751647e-9	3.079660171905161e-9	4.43132701805864e-19	12.372023069189396	0.23770925192746037	6.973722517094819
5.631722207892312e8	13.796002014114276	1.0966111024113071e-9	1.560698200015344e-9	2.253252336388996e-19	12.20555674038512	0.23636298872336667	7.270918776841931
5.863683722580137e8	13.821337287747431	1.1002732959854646e-9	7.961509521120053e-10	1.1520997983066175e-19	12.045792128220938	0.23467160178899624	7.5681893317508795
6.324690522634603e8	13.847186172160807	1.1040175926280065e-9	4.1199461688821343e-10	5.969810982740008e-20	11.899412238215646	0.23231002024308486	7.8649321769295435
7.239391580796032e8	13.874082260604524	1.1079123114677732e-9	2.195975678919992e-10	3.1761529333949407e-20	11.779429736075286	0.22863457255867578	8.15986909011455
9.04346403134135e8	13.903132752793539	1.1121014872456155e-9	1.2416431423985351e-10	1.783103405783904e-20	11.710270622226133	0.2223884940817976	8.450110597967967
1.253765423756434e9	13.936684967139096	1.1168809723078002e-9	7.8587211468802e-11	1.108330488434162e-20	11.733484742163554	0.2112301136156228	8.728615630755368
1.8956213152151854e9	13.979626521251703	1.1228324297440346e-9	6.038789462829436e-11	8.213070743055568e-21	11.900040311300458	0.1914441089601999	8.977908161764732
2.9406357015826516e9	14.041106046352981	1.1309514792534956e-9	5.980081630020289e-11	7.665380231377612e-21	12.211248601671954	0.15943463909526587	9.164097504099425
4.434296009441741e9	14.13920643176481	1.1430008875869108e-9	7.310828616872075e-11	8.635843928983442e-21	12.564104305810218	0.11341568953942933	9.252197513040391
5.969812915232712e9	14.26679895603698	1.157456877730258e-9	9.394609830900276e-11	1.024963889849935e-20	12.781944625671173	0.06615909341135214	9.23305736113783
7.225950004247949e9	14.39660356111492	1.1711783971894597e-9	1.1243407189092237e-10	1.1545250584871183e-20	12.85706417622903	0.028671976752190652	9.172335867024696
8.650281068668509e9	14.568238128373276	1.1882440947914597e-9	1.2666967538904128e-10	1.2222131093575643e-20	12.84688967494705	-0.010198337810210215	9.096881469489633
1.0235305289941816e10	14.772178281271863	1.2073141805986433e-9	1.2853683332990726e-10	1.166346979548133e-20	12.78411830046933	-0.047406942066006076	9.051443017749406
1.190987830376e10	14.983103575936843	1.2258851932711803e-9	1.23139776691349e-10	1.0507380194286977e-20	12.737337042644157	-0.08258263625285671	9.049105054034426
1.2730783333165943e10	15.083208050898682	1.2343005771874445e-9	1.209859327174153e-10	1.0014972166372585e-20	12.72965182283221	-0.0994110957928828	9.055031114073774
1.302136558583827e10	15.118441910665739	1.2371995431890626e-9	1.2203997529106577e-10	9.98035461413682e-21	12.740742790275007	-0.10635915565104713	9.056746360486056
1.3207313013230152e10	15.141337499064303	1.2390650285459769e-9	1.2438926535122032e-10	1.0090847831638722e-20	12.759178768361323	-0.11138667262162937	9.056665994847807
1.3392139521909184e10	15.16460303844415	1.2409461508656656e-9	1.2744986656650627e-10	1.0265763063088142e-20	12.780516051566522	-0.1162918486901151	9.055166818633904
1.3579326382229221e10	15.188783187185289	1.2428864610485573e-9	1.3095746393365796e-10	1.0474658268809792e-20	12.802135640056846	-0.12106091510957827	9.05213159028013
1.3764512821889694e10	15.21337693112655	1.2448466335809197e-9	1.3468614189305778e-10	1.0699031547945787e-20	12.822316459512635	-0.1255762719560288	9.047680698051147
1.395005445138446e10	15.238725118094033	1.2468535599587541e-9	1.3856199306059387e-10	1.0931784383085583e-20	12.840552303009545	-0.1299462391496832	9.04189582669595
1.4238826778196861e10	15.279613882326199	1.250061538751171e-9	1.4460377633349338e-10	1.1286750386046797e-20	12.863719520194195	-0.1365474717888264	9.030667751744938
1.4766630821217642e10	15.358644879371662	1.2561754984694248e-9	1.5448454306123231e-10	1.1846671621032567e-20	12.886883462854414	-0.1479155536371992	9.005762976112061
1.5273965660702202e10	15.438830313440501	1.2622783236347127e-9	1.6106138969837983e-10	1.2162917882042527e-20	12.886639813361526	-0.15785173661003984	8.98128086001141
1.551245474285526e10	15.47754486351866	1.2651914556306433e-9	1.6388206767496275e-10	1.2281871111772074e-20	12.885829208259494	-0.16290257330250982	8.970849465857249
1.565473726237742e10	15.501075285276587	1.2669505453183815e-9	1.6713613561280846e-10	1.2467182922946096e-20	12.894098706537505	-0.16690184151664014	8.964563730334275
1.5791211569417051e10	15.524170849426811	1.2686683497736257e-9	1.7147495709803914e-10	1.2722158343476284e-20	12.907680757795362	-0.17102669923073535	8.957898092411575
1.592655143648752e10	15.547709867738265	1.2704108963780621e-9	1.7645837256657188e-10	1.3041958388719538e-20	12.922983730119284	-0.17501924422095952	8.950406894198398
1.6065822891812408e10	15.57266657522203	1.2722505087516507e-9	1.8197846043419723e-10	1.339573385625621e-20	12.93849768488839	-0.17889228455975423	8.941714378007024
1.6195703224666052e10	15.59664643623051	1.2740140584619436e-9	1.872949803289204e-10	1.3744697834806864e-20	12.951692598053043	-0.18220164905815658	8.932750176817903
1.6317828374423319e10	15.619825628420303	1.2757131311580235e-9	1.9228903507151972e-10	1.4072145839200118e-20	12.96231630860403	-0.1850211445018264	8.923660420181463
1.6462414380491392e10	15.648044100690278	1.2777744322431169e-9	1.9798894957530834e-10	1.4436442700974355e-20	12.971972691464046	-0.18805550329439238	8.912258759538407
1.6728735308791227e10	15.702040943587296	1.2816992444292235e-9	2.071511015826792e-10	1.5007339812634088e-20	12.980008188405392	-0.19293493387869168	8.89041876863703
1.6980063539373928e10	15.754965324331499	1.2855217913562158e-9	2.1381899114953359e-10	1.5389083052236293e-20	12.977675712147061	-0.19704717369726185	8.87042415855055
1.7100549670636923e10	15.780954091909907	1.2873916164844082e-9	2.1790706229120844e-10	1.5649306660409025e-20	12.980494822848371	-0.19986089319791353	8.861245204088094
1.7203739131411106e10	15.803698086906635	1.2890230195586478e-9	2.2318674304206562e-10	1.5988252639385323e-20	12.989873779480703	-0.2030275129575396	8.853128781213682
1.730371301449303e10	15.826324583340526	1.2906413313162937e-9	2.296426023020312e-10	1.6405439341444275e-20	13.003198277712343	-0.20627521402514118	8.844632397882275
1.740247981606742e10	15.84935813668406	1.2922851588604136e-9	2.368955456353573e-10	1.6898929896643618e-20	13.01798934304486	-0.20935912770156748	8.835414100736992
1.7502726937420864e10	15.873499511380244	1.2940046213322097e-9	2.4481100952249397e-10	1.7426778815805477e-20	13.03290678899404	-0.21219566435782264	8.82514661957361
1.759421489817664e10	15.896237678103192	1.2956239754394984e-9	2.5228395098914423e-10	1.7954262814451577e-20	13.045428403535553	-0.21440430096206245	8.814998320015603
1.7679191127162647e10	15.917971920479296	1.2971694019488973e-9	2.5923909521468256e-10	1.8414291552018943e-20	13.055460661442467	-0.21608549443923677	8.804980936612539
1.7775875560524406e10	15.943411208903761	1.2989764250044518e-9	2.6694402768906093e-10	1.8939911407114355e-20	13.064416227795604	-0.21764132865123778	8.793034582537874
1.7899409573962776e10	15.976988982903356	1.3013570819743775e-9	2.76882164927908e-10	1.960734382131881e-20	13.073885591835833	-0.21965342626049036	8.777184068275748
1.7977254940672993e10	15.998841128204035	1.3029033928847344e-9	2.849501210359058e-10	2.0164183135717204e-20	13.084324295380824	-0.22174963274352463	8.76675221409455
1.804982438513202e10	16.01986708909199	1.3043896550537408e-9	2.949394546326974e-10	2.084477030682265e-20	13.100239960061955	-0.22436388704104807	8.756318727836753
1.811896739190844e10	16.04065520972298	1.3058576598738756e-9	3.067206396726352e-10	2.165436270612576e-20	13.11997938365478	-0.2270684621035203	8.745369177695093
1.8186044008393093e10	16.06166646393701	1.3073414465763073e-9	3.200600866532353e-10	2.2585594924299192e-20	13.141726903166969	-0.22959929495474687	8.73353734843354
1.825177939964479e10	16.083180570930924	1.3088597602133499e-9	3.3476454544523784e-10	2.3643628321609826e-20	13.16412095466525	-0.2317844378737434	8.720611801962697
1.8310693678413944e10	16.103324439742387	1.3102818764819167e-9	3.4931381999852407e-10	2.46674414730796e-20	13.184546132290976	-0.23340085228497234	8.707812863497212
1.8363191452622696e10	16.122039718177298	1.3116040730656511e-9	3.641211800984551e-10	2.5733069308655394e-20	13.204492548043262	-0.23483771534836415	8.695343550143575
1.8411056009780426e10	16.139857993297756	1.3128635034611568e-9	3.8119734691490094e-10	2.694047509104135e-20	13.2284060431531	-0.2367785851350134	8.682855590604053
1.845492884219393e10	16.157017192925288	1.314076786118739e-9	4.020072026348003e-10	2.8417662161843383e-20	13.258766332794849	-0.23932250352499232	8.6700316268616
1.849523972258056e10	16.17370585266767	1.3152570734687333e-9	4.2707523562937677e-10	3.022116644505344e-20	13.295261478443834	-0.2421490360581244	8.656567055558153
1.853232529389305e10	16.19007446238698	1.3164151028364102e-9	4.570546698718797e-10	3.236812830422055e-20	13.337560339330636	-0.24510624413029894	8.642220211923659
1.8559407271568302e10	16.202831138231883	1.3173190016025128e-9	4.866766010054557e-10	3.45033863491384e-20	13.378551641925227	-0.24804596645422491	8.630114595503057
1.8579186941058968e10	16.21274587335537	1.318022285603016e-9	5.179078068013645e-10	3.6797407382322864e-20	13.421946298951255	-0.25154017189118527	8.619979617143514
1.859028365504211e10	16.218626514373913	1.3184402591239779e-9	5.434553194089305e-10	3.8666478599502764e-20	13.45768218984604	-0.25473128535546197	8.61355882178936
1.859941427410532e10	16.22371880672736	1.318802916892535e-9	5.740077548663439e-10	4.090508088471465e-20	13.500370172561404	-0.25883111277803333	8.607656836577654
1.8606952364769684e10	16.228180557002393	1.3191213780633703e-9	6.127323479654692e-10	4.379015891536889e-20	13.553648408374968	-0.26416676538432377	8.60212796263461
1.8612771331198788e10	16.231874855886936	1.3193857606528404e-9	6.610616215221589e-10	4.74027407458149e-20	13.617972523846746	-0.27070444606184524	8.597200337331948
1.8617218903360153e10	16.234942242466236	1.3196061118109463e-9	7.243590416185747e-10	5.216091565266591e-20	13.69790044883878	-0.27879087851344897	8.592773363601745
1.8620443031507908e10	16.23740021672015	1.319783615505915e-9	8.100217113222947e-10	5.870577876961682e-20	13.798203820183218	-0.28876898549497465	8.588915834538813
1.862231816463255e10	16.239000902084463	1.319900054319662e-9	9.084075091417419e-10	6.636681733296238e-20	13.903207493811479	-0.2989442533392717	8.586192293342862
1.862353896517357e10	16.240181240297826	1.3199867873779647e-9	1.043783534448381e-9	7.730584189308179e-20	14.032505480895239	-0.31107789099468414	8.58402813580063
1.8624146595710846e10	16.240855806964806	1.3200370950456336e-9	1.1974996406087281e-9	9.025190150178531e-20	14.161947294339129	-0.32275618644675724	8.582703639104096
1.8624457633826054e10	16.24125268875399	1.3200673541904688e-9	1.3809176191541418e-9	1.0695128381399047e-19	14.297420761993166	-0.33438313241432344	8.581878963803348
1.8624603913613953e10	16.241467627026047	1.3200842797422696e-9	1.5877884778176506e-9	1.2800226760182855e-19	14.431027882844674	-0.34514953594456194	8.581410712448982
1.862466646962232e10	16.241572508897967	1.320092927872461e-9	1.79193366888519e-9	1.523742292735986e-19	14.547428146936383	-0.35379195772670297	8.581173641823701
1.862469721122998e10	16.24163052849304	1.3200980169130677e-9	2.0106985604708145e-9	1.8383580401443818e-19	14.658809539455277	-0.3612729628898039	8.581038745275746
1.862471095379885e10	16.24165939314971	1.320100755055353e-9	2.21215313344215e-9	2.197175705867151e-19	14.751533941301872	-0.36683330630617833	8.580970125922974
1.862472010720009e10	16.2416807604957	1.3201030080552915e-9	2.497379267796739e-9	2.8524260828008587e-19	14.869806597509111	-0.37303324206759597	8.580918333187482
1.8624724843649635e10	16.24169333496847	1.3201045831387887e-9	2.8778441713777986e-9	4.093657420198215e-19	15.008747503503585	-0.3791318107046984	8.580887212859107
1.8624726717713215e10	16.24169906353466	1.320105503051583e-9	3.312109253217693e-9	6.259673193240111e-19	15.14705390487434	-0.3841059617022815	8.580872752508794
1.8624727425843384e10	16.24170154792935	1.3201060453923495e-9	3.78596360470519e-9	9.964570384552584e-19	15.279091156116024	-0.38801984591668637	8.580866375648744
1.8624727709992275e10	16.2417026877505	1.3201064009443822e-9	4.3331026927720754e-9	1.6789522860638666e-18	15.41273506767861	-0.391323145822002	8.580863408378965
1.8624727819820946e10	16.241703191638674	1.320106636640141e-9	4.951913110910753e-9	2.9323019659727953e-18	15.545173771558169	-0.3940887923998612	8.580862080322047
1.862472786249128e10	16.241703415324892	1.320106798795644e-9	5.657434806349927e-9	5.2667264145908464e-18	15.677529378330249	-0.3964658005884663	8.580861484433637
1.8624727879207634e10	16.241703515509595	1.3201069143355294e-9	6.475676773670639e-9	9.704580195748041e-18	15.811921257372362	-0.39857781384540963	8.580861215035023
1.86247278858827e10	16.241703561431745	1.3201070007739335e-9	7.46749282781071e-9	1.8520741126726286e-17	15.953834524564556	-0.400555359816299	8.580861090508169
1.8624727888629753e10	16.2417035833921	1.3201070705418538e-9	8.780346679390371e-9	3.739455475590108e-17	16.115248907311027	-0.4025583143884484	8.58086103048686
1.862472788981008e10	16.24170359467424	1.3201071331995463e-9	1.0748510447999208e-8	8.009543814229e-17	16.316974529528736	-0.4047760632928635	8.580860999405084
1.862472789036139e10	16.241703601317266	1.3201071967583886e-9	1.4002365849827773e-8	1.713882563803083e-16	16.580909197531227	-0.4073706510681047	8.580860980950439
1.8624727890678936e10	16.241703606557355	1.3201072760599962e-9	2.0160922445936184e-8	3.683766113389689e-16	16.944837456893353	-0.4107043390182004	8.580860966268247
1.8624727890908558e10	16.241703612524923	1.3201074071197759e-9	3.471199137656617e-8	8.845336228931627e-16	17.487357356912597	-0.41555279788089394	8.580860949410013
1.862472789108935e10	16.241703621754077	1.3201076821527652e-9	7.684910390942872e-8	2.5695942935189665e-15	18.280574145691943	-0.4229834833545288	8.580860923170476
1.8624727891213356e10	16.241703636785576	1.3201082454286242e-9	1.9181108305008303e-7	7.838158459961846e-15	19.189837199424048	-0.43525766505226576	8.580860880376518
1.8624727891309425e10	16.241703669840703	1.3201097621176914e-9	6.044527484496431e-7	3.007915421031202e-14	20.32577311254623	-0.4578181335701726	8.580860786970165
1.8624727891391193e10	16.24170377927761	1.3201158376813342e-9	2.7069952817863204e-6	1.5986580288592004e-13	21.814278800832923	-0.4831138879043266	8.580860481082626
1.8624727891448326e10	16.241704115119802	1.3201370077869034e-9	1.1433877795506613e-5	7.483708998019641e-13	23.248497083763922	-0.5026741797747135	8.580859549556326
1.862472789147858e10	16.241704678008556	1.320174878336266e-9	2.8777124621339455e-5	1.973434131503552e-12	24.16854445945843	-0.5134502449563819	8.580857994646626
1.8624727891501987e10	16.241705701262273	1.3202462839356983e-9	6.375333553226346e-5	4.503510617304481e-12	24.962368539047517	-0.5211098656779714	8.580855174217325
1.862472789152107e10	16.241707454655028	1.3203713977309392e-9	0.00012811735156261568	9.203461361408781e-12	25.659845211533522	-0.5259088745658621	8.580850346156442
1.862472789153866e10	16.24171066883361	1.320603322226357e-9	0.0002523645630937949	1.824691070249592e-11	26.3382750426084	-0.5284764230402852	8.580841495945025
1.8624727891555004e10	16.24171648575587	1.3210233098854184e-9	0.0004864606171625177	3.5026172121026335e-11	26.995683470934964	-0.5291357277444183	8.580825467908216
1.8624727891570232e10	16.241726801222782	1.321760966290867e-9	0.0009161970608023153	6.505945213784851e-11	27.62998678115561	-0.5286840406647518	8.580797017592154
1.862472789158471e10	16.24174517210254	1.323050995178449e-9	0.0017078751988976223	1.1871715972629412e-10	28.253764410233046	-0.5279721233476226	8.580746314556995
1.862472789159898e10	16.24177917884017	1.325381169581635e-9	0.003226072633577767	2.1834194072574896e-10	28.890728683567303	-0.5274790768447483	8.580652430873787
1.8624727891613922e10	16.24184842744595	1.329986872644654e-9	0.006433337681026935	4.217463182159158e-10	29.58261185780306	-0.5273070395980938	8.580461247797693
1.8624727891629593e10	16.24199831044734	1.3396155300903752e-9	0.013629627700564834	8.614340320406155e-10	30.337258877689422	-0.5274552222437879	8.580047380055223
1.8624727891646553e10	16.242359736321703	1.361924270598788e-9	0.031553460988391686	1.9123714745946994e-9	31.18664369028268	-0.5281082208199873	8.579048612359106
1.862472789166327e10	16.24318860009483	1.4109843091828382e-9	0.07355432706973611	4.276788225877833e-9	32.05627354835134	-0.5296074590742651	8.576753566612709
1.8624727891681763e10	16.245443072440903	1.5388207715505345e-9	0.18721036729880736	1.042657405223705e-8	33.05354551564575	-0.5326861618674479	8.570479957174356
1.8624727891703445e10	16.25255964757698	1.9248245948271377e-9	0.5162667589627015	2.7500327614220257e-8	34.24918932135445	-0.5382422675563251	8.55041344811019
1.8624727891722992e10	16.267800456372743	2.7210774965624027e-9	1.0895126730144138	5.6119102568909084e-8	35.29862254304565	-0.5444036659033047	8.506521585080149
1.8624727891742325e10	16.29633774437382	4.169518268025866e-9	1.8951552615263985	9.512144749414885e-8	36.23991221579918	-0.55046292577094	8.422575052353897
1.8624727891764957e10	16.35163539853759	6.910891596383854e-9	3.009959425150969	1.478213487906951e-7	37.153498678114985	-0.5559814632442728	8.257028658173459
1.8624727891793007e10	16.4564477960444	1.200590415228916e-8	4.468591500027365	2.1553210871127048e-7	37.962055987176726	-0.5587906603800513	7.939080322508525
1.862472789182862e10	16.648305373003073	2.118206824059768e-8	6.29506567181028	2.990954251429728e-7	38.49235816825633	-0.554754136083776	7.351764405977889
1.8624727891868214e10	16.93656008225414	3.47811812366017e-8	8.254365827582584	3.8676289965162587e-7	38.51621385714317	-0.5399814321336942	6.464438627053658
1.8624727891892944e10	17.155455146695754	4.4971461412219586e-8	9.445873012775115	4.3637927688489904e-7	38.26469467744245	-0.5248015912447112	5.788794783618619
1.8624727891910748e10	17.331140025377927	5.3022771127999795e-8	10.281767221865884	4.670653247467974e-7	37.959266214649105	-0.5107668296584396	5.245828870357452
1.8624727891926918e10	17.503352951008456	6.077145655942521e-8	11.019488316558451	4.909817196015254e-7	37.59161010907103	-0.4960623928038902	4.7131507038034055
1.862472789194413e10	17.699614322663667	6.941844667155928e-8	11.784024646379383	5.134331390027179e-7	37.109697040421494	-0.4787779260889373	4.105688536854064
1.86247278919647e10	17.951203416871387	8.023182557873488e-8	12.677508269255902	5.376848473429808e-7	36.42090483974344	-0.4562728474838627	3.3265330665656374
1.8624727891991207e10	18.302461443157032	9.487535912129378e-8	13.814833593059095	5.663972453155055e-7	35.36923564403587	-0.42453305034129896	2.238165870961824
1.8624727892017292e10	18.677395502804746	1.099851083931528e-7	14.929981506590993	5.909378302322474e-7	34.16748460631233	-0.3900358750643608	1.0762455584047201
1.8624727892033337e10	18.922396500248176	1.1954401359270053e-7	15.59653273877368	5.985711691376543e-7	33.337829946677275	-0.3663018988640418	0.31809057193626233
1.862472789204463e10	19.100963201482013	1.2629495744551512e-7	16.028516811078255	5.960820410770001e-7	32.701102233029914	-0.34799969485078214	-0.23108999093896787
1.8624727892055313e10	19.274240707589193	1.3262152869689296e-7	16.37522953706306	5.861786113582416e-7	32.051837936588484	-0.32955576442019857	-0.7534998821764003
1.862472789206665e10	19.461399888310385	1.3915867827334326e-7	16.597507196209143	5.642607419985798e-7	31.31488278245392	-0.30881061380521596	-1.279836860830414
1.8624727892076935e10	19.632032243804517	1.447914143313795e-7	16.52800769029264	5.280850900785282e-7	30.61602232153426	-0.28886200349319097	-1.6695384635863126
1.8624727892086372e10	19.78641598976265	1.4955608924432692e-7	16.143674821633397	4.797342106956792e-7	29.978584314664673	-0.27006515768617173	-1.8934214021654827
1.8624727892095676e10	19.933834342435638	1.5376203542114652e-7	15.541559454390582	4.244422539360694e-7	29.389288914394385	-0.2519065455616422	-1.9922244249319723
1.8624727892104935e10	20.074650464280968	1.5743726059652608e-7	14.872888316127915	3.699809009019614e-7	28.861814757030587	-0.2348250519132784	-2.0204679744952467
1.862472789211538e10	20.22611943240377	1.6100424370689202e-7	14.152491302551962	3.145206797367049e-7	28.342779401777975	-0.21707048658120534	-2.0178675866395035
1.8624727892128624e10	20.408156985175598	1.6476314734742672e-7	13.351729754313755	2.548919059114375e-7	27.788238449863982	-0.19678577623331878	-1.9988350157789134
1.862472789214673e10	20.641540862923485	1.687667272876855e-7	12.461286710766501	1.901531047933578e-7	27.181457015046462	-0.17252464102264942	-1.969083107060065
1.8624727892171566e10	20.938951919740056	1.7262684707871448e-7	11.53538078871585	1.2435484746303266e-7	26.553894940626677	-0.1442921645037106	-1.9332077111870472
1.862472789220314e10	21.289043585386732	1.7557184773784697e-7	10.684528597324073	6.587825191049071e-8	25.977919983064666	-0.11445787720763768	-1.8970112910230112
1.862472789224138e10	21.682679259336545	1.771183925607979e-7	9.94617586543621	1.8307853495794533e-8	25.4779765341424	-0.08455231452710309	-1.8633238150576792
1.8624727892287136e10	22.122179841228263	1.7704855975838372e-7	9.29700379704504	-1.855295521364366e-8	25.03792663216764	-0.05473709635210997	-1.8320620811768737
1.8624727892341267e10	22.608751425467762	1.7525601454811977e-7	8.705719001078931	-4.535415791297324e-8	24.63639590345916	-0.025048028486666762	-1.8022779949440444
1.862472789240376e10	23.13487538098576	1.7181729706525288e-7	8.149161291570088	-6.287066641914606e-8	24.257571638782665	0.0041323679883596065	-1.7729705623537892
1.862472789247344e10	23.68370956006923	1.670577128794035e-7	7.615625227482493	-7.241604005646626e-8	23.89340104591851	0.03209821529307418	-1.7434354787572626
1.862472789254875e10	24.23752270328711	1.6144104433743204e-7	7.100365798549108	-7.585503130133349e-8	23.540534343546412	0.05822876922685467	-1.7132226608463843
1.8624727892628014e10	24.780415209038935	1.5543676408895853e-7	6.60471078593737	-7.509753321155985e-8	23.19976923976695	0.0820491807805232	-1.6822333881035094
1.8624727892711357e10	25.310599610109502	1.493065619900248e-7	6.123297633015168	-7.168432837187851e-8	22.867300065408344	0.10370490460614805	-1.6499668990293763
1.8624727892799126e10	25.82713929683704	1.432282268543617e-7	5.653652919427199	-6.667695583899768e-8	22.541261605957075	0.12331933998537407	-1.616053708376286
1.862472789289167e10	26.328854461947465	1.3732720693721398e-7	5.1952281666059825	-6.081159946219858e-8	22.221080540529	0.14098614694729342	-1.5802138420685308
1.8624727892989567e10	26.815216474927837	1.3168049334841926e-7	4.747609609061065	-5.458706105870596e-8	21.90623285864949	0.15682062546907397	-1.5421299225023914
1.86247278930936e10	27.286041438172308	1.2633135727517042e-7	4.310314878441103	-4.833153131039593e-8	21.59608044340537	0.17095069250567976	-1.5014080613039043
1.862472789320473e10	27.7409241629089	1.213042042187774e-7	3.883082558211557	-4.2258270290446784e-8	21.2900458358814	0.18350019763108597	-1.457575858325919
1.8624727893324223e10	28.17956296602057	1.1660691220719542e-7	3.4654456083635297	-3.649383171963236e-8	20.98726268973165	0.19459911243887898	-1.41000200919263
1.862472789345368e10	28.601297027774564	1.1224021229247262e-7	3.057072367000182	-3.110846112292836e-8	20.68674287140253	0.20437077490301467	-1.3578688899911626
1.862472789359532e10	29.005425806837483	1.0819736852199595e-7	2.657351451738983	-2.612737933939618e-8	20.38693906550047	0.21294054515373487	-1.3000223231671941
1.8624727893752064e10	29.390597721940114	1.0447254824390876e-7	2.2658236443375612	-2.1549751249967715e-8	20.08581225097079	0.22042381657344648	-1.2348566032378203
1.8624727893927715e10	29.754135290281326	1.0106805574220221e-7	1.8826638266453883	-1.736227289633038e-8	19.780742799697222	0.22691984978557547	-1.1601389737418006
1.862472789412646e10	30.090312628456157	9.800969419753351e-8	1.510392941802327	-1.3559120620657793e-8	19.469067692660744	0.23249408544823666	-1.073031544626204
1.8624727894349255e10	30.386490138945483	9.537941434030121e-8	1.1591191435994102	-1.0188632417986607e-8	19.151531949238816	0.23713301392342065	-0.9715100633102972
1.8624727894584557e10	30.62198317936756	9.332384708670459e-8	0.8528720124385679	-7.398070449062072e-9	18.839935569240723	0.24072271662725295	-0.859112614639253
1.862472789483513e10	30.801558352758093	9.177137515772197e-8	0.5909587576266829	-5.096531999287782e-9	18.520281084826095	0.24348015428309008	-0.7332848170215653
1.8624727895108967e10	30.932266827326448	9.06443043199809e-8	0.3760588892253036	-3.245162949364511e-9	18.17501693647462	0.2455075063767411	-0.590661384768323
1.8624727895466717e10	31.032622246692878	8.977665319118914e-8	0.20427508730452099	-1.7701156621322507e-9	17.76639791557399	0.24675879030525513	-0.4092155243556446
1.862472789606472e10	31.11470852510883	8.906396359094856e-8	0.09250075202040056	-8.045807678343479e-10	17.32579227704987	0.24694604420856822	-0.1633645966692068
1.8624727897225925e10	31.182554904640025	8.847303974855867e-8	0.03801621401264264	-3.3152486304467626e-10	16.922136483945238	0.2464318386866919	0.13847923482994337
1.8624727899345272e10	31.23475696762425	8.801740850211017e-8	0.01655462831014978	-1.4461670586609692e-10	16.599266199756997	0.24572293656882147	0.4411059568951126
1.8624727903270702e10	31.277954035213927	8.763978800369758e-8	0.007593312466809042	-6.642601706281277e-11	16.326896422390988	0.2449903231394873	0.7381414550995734
1.8624727910613205e10	31.31570796069075	8.730930768708959e-8	0.003612377141131777	-3.1642026751826565e-11	16.08565100447514	0.2442692858208426	1.0301647138357377
1.8624727924513737e10	31.350085909408595	8.700799187322127e-8	0.0017562182132175432	-1.540292006120837e-11	15.863561647011565	0.24355936861009184	1.319901195342277
1.862472795101331e10	31.38217408289067	8.672638320828868e-8	0.0008658761114297452	-7.604045341098177e-12	15.654287403175928	0.24285665616883487	1.608564365684858
1.862472800177034e10	31.412621459934407	8.645882180544304e-8	0.0004309822386866573	-3.789917943493135e-12	15.454048043389221	0.24215721849884184	1.8967817746320024
1.8624728099342377e10	31.441849898903918	8.620162101158261e-8	0.00021593359568246683	-1.9014704088767213e-12	15.260401919878163	0.24145772306837884	2.1849223835232947
1.8624728287455242e10	31.470147625455652	8.595225853170551e-8	0.00010869061487381932	-9.584815390537148e-13	15.07169599911883	0.24075551539046455	2.4732005694778803
1.862472865106284e10	31.497722638411744	8.570891014465889e-8	5.488576609821496e-5	-4.847297094732747e-13	14.886746286232452	0.2400484252068988	2.761771951166456
1.8624729355489384e10	31.524727503755997	8.547023268045606e-8	2.777710876861856e-5	-2.4569393960484986e-13	14.704693020594462	0.23933473094706378	3.0507306976398256
1.8624730723163994e10	31.551279464626948	8.523518974632882e-8	1.407765774002834e-5	-1.24718762988956e-13	14.524879254511703	0.23861297790557964	3.340159657436581
1.8624733383914192e10	31.577468156978078	8.50029865289791e-8	7.14067175756129e-6	-6.336589776729119e-14	14.34680816157605	0.23788197661967467	3.6301080578244997
1.862473857028392e10	31.603364260755022	8.477299036609508e-8	3.623404647104601e-6	-3.2208717728802066e-14	14.170091354908791	0.23714069626385056	3.9206139067631076
1.862474869866064e10	31.629024492243907	8.454469503077897e-8	1.8386789782900635e-6	-1.6372931462662257e-14	13.994420171351223	0.23638819975468092	4.211709514894824
1.8624768512594955e10	31.65449282348161	8.431770195526947e-8	9.328302903843558e-7	-8.32174114102606e-15	13.8195618939627	0.23562364454186177	4.503398656940654
1.862480734738773e10	31.679809164483512	8.409164522764325e-8	4.73019983629689e-7	-4.227692760887632e-15	13.645304620771768	0.23484600855661805	4.795728845097444
1.8624883582359196e10	31.705000481706303	8.386627582671015e-8	2.397211363727162e-7	-2.1466913994752824e-15	13.471523778021194	0.23405427281641164	5.088668207100229
1.862503350409771e10	31.730095243400914	8.364133001330768e-8	1.2139449269271516e-7	-1.0892612856152086e-15	13.298090957382911	0.23324676122945717	5.3822546782282465
1.8625328818932102e10	31.755114865537998	8.341660327920488e-8	6.142397036287208e-8	-5.522779692741022e-16	13.124947242040307	0.23242094267595478	5.676480303773268
1.862591144755618e10	31.780078877534432	8.319191278334849e-8	3.105519222792593e-8	-2.7980864697260004e-16	12.952094724399146	0.2315723301382909	5.971331471734505
1.862706277490433e10	31.805008803300733	8.296705686309753e-8	1.569018221428321e-8	-1.4166801984070453e-16	12.779622307057323	0.230692457589714	6.2668065241654185
1.8629341305342354e10	31.8299283451123	8.274181537482482e-8	7.924411819533072e-9	-7.170234883491026e-17	12.607808319820677	0.22976509398142606	6.562869854746322
1.863385734074544e10	31.854873227756205	8.251587390999011e-8	4.003565686309089e-9	-3.629965927126607e-17	12.437258552539603	0.22875835118559382	6.8594788612704125
1.8642819680538364e10	31.879900518700566	8.228874229410398e-8	2.0263271646139172e-9	-1.8405856037242815e-17	12.269251366383301	0.22760930069667026	7.156519476140112
1.86606241470156e10	31.905115160991972	8.205954067384203e-8	1.0304892894421473e-9	-9.372914446035104e-18	12.106367211645974	0.2261930134396146	7.453770620437362
1.8696009955559116e10	31.930719941495582	8.182658890335721e-8	5.296938951279542e-10	-4.8192099576847556e-18	11.953747201542384	0.22426116050894782	7.750779876682282
1.8766282997788406e10	31.95712087727557	8.158656292840452e-8	2.784531856502831e-10	-2.5285083089956556e-18	11.821481089454423	0.22132098327409885	8.046603023169034
1.8905296364234512e10	31.98514884466769	8.133274475138715e-8	1.5318142913035764e-10	-1.382127443428566e-18	11.72886466612188	0.21640397915993656	8.339125360218446
1.917703684702098e10	32.01655758369834	8.105124251411229e-8	9.206760257472078e-11	-8.183560886116465e-19	11.710397945946156	0.20766118994831537	8.62339677594126
1.9689788256618214e10	32.05505989515723	8.071382584920476e-8	6.497328501176218e-11	-5.602567296008826e-19	11.816654991591733	0.1918996124171208	8.887029512926434
2.0571530179555138e10	32.10794355300043	8.026944922231951e-8	5.827909499299062e-11	-4.767326653232086e-19	12.078990658052547	0.16516511639165396	9.102248910450513
2.1886234844100826e10	32.18871281286797	7.9634076781924e-8	6.636771894982905e-11	-5.029427871373017e-19	12.432003082735989	0.12517393345967184	9.231638722790523
2.3525805378372128e10	32.31276416221701	7.873787142685959e-8	8.621731395368507e-11	-5.961094484524361e-19	12.722912920467778	0.07516250800375364	9.248576516983277
2.482126738604312e10	32.43684539791953	7.791044560674288e-8	1.054824459045582e-10	-6.800650350159812e-19	12.838604376063941	0.03632473879368133	9.198675994569314
2.6154195144299706e10	32.58944551204762	7.696045210486475e-8	1.2228483345486117e-10	-7.366486619964056e-19	12.860579459869783	-0.0011747096645442847	9.125445764204763
2.7708534912132515e10	32.78690175814936	7.581393655610007e-8	1.2929051883180675e-10	-7.246444018313807e-19	12.809132827015915	-0.03940069467929478	9.062739148604244
2.9325638085320766e10	32.99359973325002	7.46947707481342e-8	1.2542226188975822e-10	-6.559619817067118e-19	12.75114259815895	-0.07400206264535429	9.046441598883208
3.061666880696798e10	33.152744051725755	7.388430332338955e-8	1.2134147770933383e-10	-6.014670591388812e-19	12.73001670179697	-0.10017718237422123	9.053499913791383
3.102275088817885e10	33.201925671115326	7.364253870881169e-8	1.214189273697193e-10	-5.919610225818663e-19	12.73521112368509	-0.109014371771029	9.056396549765667
3.1215371653459732e10	33.22547570286344	7.352816747794941e-8	1.2334235525674338e-10	-5.967131743726052e-19	12.751158765840003	-0.11410105839323413	9.056834554060162
3.140132090558271e10	33.24866589036964	7.341639377966047e-8	1.2619106453424752e-10	-6.060039810241962e-19	12.771967419204614	-0.11906638391527123	9.055912876155144
3.159025915479129e10	33.27282338009484	7.33008010264957e-8	1.2959226781516208e-10	-6.1793961723499695e-19	12.793963988334454	-0.12393260194311999	9.053440799801452
3.177639777392604e10	33.29728251719048	7.318456279025241e-8	1.3325401881306776e-10	-6.312051749388797e-19	12.814799654482172	-0.12852072854063293	9.049509983722125
3.1952359749754433e10	33.32104819364982	7.307234605970762e-8	1.368882143081675e-10	-6.442701870299917e-19	12.83292238532654	-0.13268810697586295	9.04451711304829
3.2177156630523964e10	33.352351389680145	7.292564913279653e-8	1.4161514713575683e-10	-6.608275736603652e-19	12.85296746237988	-0.13785777244284583	9.036543697255851
3.2607438853049065e10	33.415179725227844	7.26348670833196e-8	1.5025358157130412e-10	-6.898765904772459e-19	12.87937210794611	-0.14732896119954056	9.01757642957126
3.3150918311830894e10	33.49932142193602	7.225237977256695e-8	1.5880121864725746e-10	-7.148572489679063e-19	12.888902796951825	-0.15831421024410922	8.990898281628162
3.3504796546536766e10	33.55620324648665	7.199792737435485e-8	1.6259194607060612e-10	-7.229211910608478e-19	12.884713489913239	-0.16510518445217157	8.974719384443347
3.3673072491579163e10	33.583777771617626	7.187563892286268e-8	1.6547582211820572e-10	-7.320900641250545e-19	12.889299695808077	-0.16929839994852833	8.96745012947366
3.3810971643786106e10	33.60685168551427	7.177375168591693e-8	1.6937267610711655e-10	-7.465080659891161e-19	12.900967962368341	-0.17338805299452134	8.961059569622435
3.3948110262173965e10	33.63039965552829	7.167015887096173e-8	1.7415606560014315e-10	-7.647661600441808e-19	12.915963611579414	-0.17748173213547444	8.953892587078137
3.408187439326764e10	33.65403620326977	7.156653424051691e-8	1.7930887620816403e-10	-7.849072133802011e-19	12.931128546268567	-0.18130197316184912	8.945983012693695
3.4215992879628746e10	33.67844676080876	7.145981713006403e-8	1.8473384813241878e-10	-8.066173885737144e-19	12.94547078313299	-0.18486110919485113	8.93714225209703
3.4346896304427124e10	33.702980633931936	7.135280701206771e-8	1.9010328752497481e-10	-8.282909625492987e-19	12.957785496757324	-0.18801233820963717	8.927713364861088
3.4470091823155716e10	33.726707898443664	7.12495530114737e-8	1.9506554416390004e-10	-8.477117230728604e-19	12.967261409884216	-0.19069556048530803	8.918241499657055
3.4653948459533806e10	33.76321917230864	7.10912559207595e-8	2.0197602132038107e-10	-8.735739101893164e-19	12.97668516822695	-0.19430207548678693	8.903388186746286
3.4963789769290184e10	33.827328175405995	7.081516722488038e-8	2.1128751909036193e-10	-9.060733350685037e-19	12.978884350630906	-0.199457503661192	8.87814697072849
3.51291371507483e10	33.86261664045788	7.06641500645003e-8	2.1579810862263636e-10	-9.21960248369501e-19	12.978059947422267	-0.20249841934452753	8.865399466268443
3.523464230605809e10	33.88560633749502	7.05659939224751e-8	2.2030704295718678e-10	-9.401527454395269e-19	12.984297301304665	-0.20541391468820316	8.857299920288284
3.533687348722565e10	33.908422199202434	7.046866321935991e-8	2.2628059950744013e-10	-9.649562806422733e-19	12.996115942249233	-0.2086815314902117	8.848977649827292
3.543725380070024e10	33.93147899762092	7.037036157585287e-8	2.332557543815957e-10	-9.943120152223048e-19	13.010578682573751	-0.211888718772223	8.840041232481633
3.553341651301016e10	33.95425896447861	7.027325766413797e-8	2.4060832232431525e-10	-1.0257515532148408e-18	13.025078349897925	-0.21475837694244584	8.830639254546995
3.5629693554940094e10	33.977794806818224	7.017287548751432e-8	2.483549414007449e-10	-1.0598465025983622e-18	13.038933077263906	-0.21729327908844656	8.820384492811327
3.572186655612425e10	34.00103421723425	7.007363810431047e-8	2.559036911213717e-10	-1.0935233149104364e-18	13.050717859625664	-0.2193094611352189	8.809833985512022
3.580579255160903e10	34.022797306428444	6.998061210805448e-8	2.626932661569245e-10	-1.1230319955852298e-18	13.059604998535761	-0.22079145058922042	8.799699714859704
3.592127665773006e10	34.053658397449894	6.984871774051097e-8	2.717407595779759e-10	-1.1609230447375219e-18	13.068745636068527	-0.22251078194519489	8.785161544032722
3.601951763486431e10	34.0807581339521	6.973294382306697e-8	2.803436465517587e-10	-1.1981036995945523e-18	13.077803883337722	-0.22446656181058286	8.772354049128639
3.6093872930824265e10	34.101915781819486	6.96424479012491e-8	2.891765154708425e-10	-1.2381349765709003e-18	13.090721690515707	-0.2268204457432054	8.762115487809877
3.616535199972579e10	34.12296255688334	6.95522209461853e-8	3.001117763037142e-10	-1.288358356793726e-18	13.10879638941806	-0.2295339885930847	8.751406965065227
3.6233875839836914e10	34.143947924048476	6.946198909352508e-8	3.127132817633787e-10	-1.346885058351165e-18	13.129778400088142	-0.2321911776439918	8.740013391828006
3.6298297792278915e10	34.16452128202935	6.937320866119709e-8	3.2625004429030946e-10	-1.4108327412317404e-18	13.15125014511996	-0.23450627383211567	8.728083467322262
3.6361500715533424e10	34.18559930325392	6.9281819515697e-8	3.4098327963993513e-10	-1.4826105766435082e-18	13.17288963001944	-0.2364395057520736	8.715102739269646
3.641959915653247e10	34.20583800262066	6.919355667959514e-8	3.5604164141603954e-10	-1.5576859211183319e-18	13.193433746175018	-0.23795457710973808	8.701969039800403
3.6469310177497246e10	34.223905782127005	6.911427093628892e-8	3.714711542288671e-10	-1.6352676374236703e-18	13.214455211737928	-0.23954772016578654	8.689669671175052
3.651508352382834e10	34.24131405518248	6.903737189553058e-8	3.9004550659219725e-10	-1.7293691887538063e-18	13.241094534815502	-0.24178370617987735	8.677137518492428
3.65570128481806e10	34.25811911539212	6.896255698987781e-8	4.125549941702191e-10	-1.844580068860293e-18	13.274079975932139	-0.24447578372308423	8.664160368366318
3.659554181420566e10	34.27450920232443	6.888892925315451e-8	4.393716800353032e-10	-1.9837198301084313e-18	13.3126535522713	-0.2473219100319052	8.650458615617245
3.663020037192688e10	34.29025900768012	6.881740543684802e-8	4.711648248636921e-10	-2.153850579483289e-18	13.356962824966232	-0.2503992277266553	8.636150534317986
3.665276087790456e10	34.30119713473555	6.876709202644405e-8	5.002084608981483e-10	-2.3174809081804643e-18	13.397187678702338	-0.25345748134375407	8.625407655196755
3.66682606772925e10	34.309159224516605	6.872994453268513e-8	5.289974891661032e-10	-2.4878783123367886e-18	13.437335693761511	-0.2568639422440898	8.617029624488492
3.667825675993213e10	34.3145742021718	6.870429649915583e-8	5.560676334645678e-10	-2.6549095979461317e-18	13.47524883591457	-0.2603938316035899	8.610963067321833
3.668662139191359e10	34.319356116737275	6.868125900857331e-8	5.896571427555519e-10	-2.8698371670726624e-18	13.52197120239272	-0.2650031159205744	8.605262449434015
3.669343192812949e10	34.32350650837143	6.866082657297431e-8	6.325921000410463e-10	-3.1550491430236812e-18	13.580327493795792	-0.27092498833076967	8.599955802575906
3.669879391200242e10	34.3270362963415	6.864296044784759e-8	6.892242533923564e-10	-3.548440380581803e-18	13.65406841627778	-0.2784434391297355	8.595077294865959
3.6702425315587906e10	34.32964992816401	6.86292731676268e-8	7.567085191835188e-10	-4.041502398279275e-18	13.736716156892115	-0.2867795736924809	8.591162802760183
3.670515867394715e10	34.33183471161388	6.861732499174569e-8	8.53487199046671e-10	-4.804266918132204e-18	13.845732563737343	-0.2975456859840084	8.587610659541403
3.670665024209965e10	34.333178816567	6.860955511611562e-8	9.614315596153074e-10	-5.7379956613769754e-18	13.955633645033927	-0.30808369049800693	8.585244556986485
3.670761391336441e10	34.33416827256918	6.860342784396696e-8	1.1142370980578527e-9	-7.235344039997715e-18	14.093705409513362	-0.32087550808815196	8.583372729285506
3.670804145090639e10	34.33467382945928	6.860000609481086e-8	1.2714815135332527e-9	-9.066860811185714e-18	14.218596600794925	-0.3319566991111132	8.582353084658259
3.670827591856596e10	34.33499199657543	6.859760587992444e-8	1.4725615057863186e-9	-1.1955693827886499e-17	14.358574983820304	-0.3437313630088349	8.581677600286747
3.670837698102004e10	34.335149886019565	6.859623490712209e-8	1.6810311950497398e-9	-1.592772883087051e-17	14.485590059008885	-0.35369646994140486	8.581327507782246
3.670842291795092e10	34.3352313985768	6.859539821915068e-8	1.895954955347079e-9	-2.1526203668484952e-17	14.601599698669546	-0.3620209001906239	8.581140716423109
3.6708443991951744e10	34.33527330470629	6.85948785543374e-8	2.1058830199828778e-9	-2.9073696995963805e-17	14.703310921318248	-0.36859290681166235	8.58104222129754
3.670845504276544e10	34.33529766990954	6.859450663015213e-8	2.330095624496074e-9	-4.009863951212165e-17	14.8017104525169	-0.37424379057515617	8.580983785522045
3.6708462189286064e10	34.33531531212655	6.859415497757004e-8	2.6589386823658046e-9	-6.367056184854801e-17	14.930678579297663	-0.38062109263236105	8.580940637331553
3.6708465426358826e10	34.33532446182855	6.859389300483197e-8	3.0651045262078143e-9	-1.0989663744206116e-16	15.070197537000425	-0.38633311137613185	8.580917796160065
3.670846667963315e10	34.335328539425525	6.859371556392399e-8	3.5223860389178e-9	-1.950227447877719e-16	15.207223956027477	-0.3909303499755347	8.580907427628294
3.670846715416118e10	34.335330309043165	6.859359602125248e-8	4.021518067295155e-9	-3.4663811330997303e-16	15.338217685047553	-0.3945676263537837	8.580902857599671
3.6708467345251366e10	34.3353311229768	6.85935093753338e-8	4.598898045930797e-9	-6.338508542557556e-16	15.471149312513162	-0.3976630120469235	8.580900727795061
3.670846741937778e10	34.33533148387167	6.859344759189668e-8	5.253949667958794e-9	-1.1711884572711606e-15	15.60334390434788	-0.4002804817016421	8.580899772481498
3.670846744827402e10	34.33533164460961	6.859340286253345e-8	6.004510802018377e-9	-2.186524118084855e-15	15.736093644691564	-0.4025550766596852	8.580899342701166
3.670846745966939e10	34.335331717148115	6.859336967102834e-8	6.886142825873618e-9	-4.1505472588395865e-15	15.872444252918925	-0.4046089025271357	8.580899147020759
3.670846746427892e10	34.335331750947894	6.859334374674561e-8	7.987823563614193e-9	-8.17201890004987e-15	16.020282506010872	-0.406584964730603	8.580899055102982
3.6708467466203514e10	34.33533176749136	6.859332181297866e-8	9.512940803340853e-9	-1.7019264797174925e-14	16.194488851119345	-0.4086484360001222	8.580899009761621
3.670846746706117e10	34.33533177647109	6.859330079672136e-8	1.1936392614669548e-8	-3.7107983594779435e-14	16.420909834655347	-0.41101351886733667	8.580898984951155
3.670846746748327e10	34.335331782210154	6.859327826593503e-8	1.6043881196364048e-8	-7.844811716414757e-14	16.71612748114684	-0.4138029135973579	8.580898968959692
3.670846746775636e10	34.335331787535445	6.859324644709079e-8	2.4577489278719205e-8	-1.7429640800154563e-13	17.141992208813534	-0.41762616541022474	8.580898953995344
3.670846746796431e10	34.33533179445874	6.85931880261429e-8	4.660420044267067e-8	-4.500765358289841e-13	17.780883742559823	-0.42334087223686095	8.580898934389664
3.670846746812093e10	34.335331805566035	6.85930649528872e-8	1.0939259828663237e-7	-1.3404045188464784e-12	18.631781233001234	-0.4320151737520232	8.580898902783515
3.670846746823196e10	34.335331825579544	6.859279062337745e-8	2.964744538309605e-7	-4.425765725854758e-12	19.62013992187208	-0.4487198019906749	8.580898845950799
3.6708467468321495e10	34.335331877264544	6.859192280218544e-8	1.074698680529842e-6	-1.9447231880646755e-11	20.895811531129098	-0.4735672608135911	8.580898700653314
3.6708467468393875e10	34.33533205357732	6.858842396196897e-8	4.953660128062024e-6	-1.0348264354334137e-10	22.414908706846532	-0.49703442390823654	8.580898209849384
3.670846746843864e10	34.33533248182263	6.857904898306417e-8	1.6956708223905585e-5	-3.822103570308446e-10	23.640610464321824	-0.5128014546732133	8.580897024899363
3.670846746846609e10	34.33533322196133	6.856197245958484e-8	4.086381527750222e-5	-9.582425932401926e-10	24.517796787483533	-0.5224136321554257	8.580894983621775
3.670846746848671e10	34.33533445406463	6.853268285728491e-8	8.431130303775167e-5	-2.023570028990111e-9	25.241013293055133	-0.528625473722304	8.580891591115357
3.670846746850517e10	34.33533669036869	6.8478580155098e-8	0.00016818042416218235	-4.08896199813022e-9	25.931507590083314	-0.5325235475508461	8.580885437071332
3.670846746852227e10	34.33534077583995	6.837903121980668e-8	0.00032869893074256347	-8.010797936238953e-9	26.602447148357797	-0.5342413949734454	8.580874190627323
3.670846746853812e10	34.335348080891784	6.820163143760597e-8	0.0006266234520991331	-1.514975841313595e-8	27.248904345934037	-0.5343211256307827	8.580854063511405
3.670846746855301e10	34.3353610677819	6.789034810588775e-8	0.0011745407372172132	-2.7919142668829705e-8	27.878372505973587	-0.5336490520286812	8.580818248641995
3.670846746856731e10	34.335384265845605	6.73457124820828e-8	0.002187486055881348	-5.079534371689518e-8	28.501199643291855	-0.5329646995650763	8.580754238106632
3.6708467468581764e10	34.33542878407795	6.632785290184089e-8	0.004202626252450921	-9.483598024611589e-8	29.1552812424476	-0.5325679901720312	8.580631378318271
3.6708467468597e10	34.335522123250165	6.426034320376458e-8	0.008586129596502045	-1.8731908720338056e-7	29.872040188801137	-0.53249012776863	8.580373769998085
3.6708467468612946e10	34.33572839675491	5.985497164617972e-8	0.018616494611629633	-3.909195528120485e-7	30.65148153216485	-0.5327631645621747	8.579804265885544
3.670846746863002e10	34.336228391908186	4.960627402979762e-8	0.04364917682664649	-8.783911253308628e-7	31.517551198472532	-0.5336773724762857	8.578422191984462
3.6708467468647026e10	34.33740595986204	2.646687240758614e-8	0.10346381223673219	-1.9974561360520837e-6	32.41377755942962	-0.5356368448729407	8.575158008569263
3.670846746866685e10	34.34091751053602	-3.957939156332421e-8	0.27710431154460335	-5.117671265505889e-6	33.49532450935847	-0.539615735161525	8.565351780934918
3.670846746868832e10	34.35096386104932	-2.2062318821751795e-7	0.7119662105766855	-1.2613375570162881e-5	34.67588526938722	-0.5457258400891073	8.536814856478635
3.670846746870716e10	34.370121330100865	-5.542982187566625e-7	1.3621732766937338	-2.3425097673773004e-5	35.658276495749035	-0.5517939041904767	8.48118273195823
3.670846746872738e10	34.406626021819164	-1.1734930287044332e-6	2.2743729083639654	-3.817622563801775e-5	36.587374815535455	-0.5577669261384436	8.373038574296814
3.67084674687518e10	34.47715874909832	-2.3437707278357713e-6	3.5147612619917368	-5.7804907512890225e-5	37.47551052493414	-0.5625881168018715	8.160727452556683
3.670846746878229e10	34.6085291189328	-4.483918243062271e-6	5.100507562316603	-8.248828026020265e-5	38.202495393283826	-0.5633762065056105	7.760684518669933
3.670846746882189e10	34.85036752216706	-8.363365042653148e-6	7.10203093778973	-0.00011317552304207638	38.567229972573	-0.5548777942666526	7.018472143631617
3.6708467468854904e10	35.11156207181444	-1.2499991417039485e-5	8.717596768878646	-0.00013713443192234115	38.440876979765235	-0.539349363146658	6.213437114586504
3.6708467468877174e10	35.31750443041217	-1.5716175939526572e-5	9.780489751032729	-0.00015145198776916495	38.15371963269503	-0.524024223415396	5.577419847155149
3.670846746889393e10	35.487871025733945	-1.8331688553263988e-5	10.558244297575412	-0.00016061389341107777	37.82995624513883	-0.5098745977081287	5.0507010724409165
3.6708467468910164e10	35.66532019612339	-2.100391878190699e-5	11.29151461285372	-0.0001683102631752694	37.42887381521878	-0.4943937625148132	4.501675686408908
3.6708467468928345e10	35.878070031267804	-2.4137195195759976e-5	12.092268072428887	-0.0001759886095000469	36.883461189008486	-0.47539636563408866	3.843024054946941
3.6708467468950714e10	36.15953278171287	-2.8173415663352346e-5	13.058293939335064	-0.00018458699593035418	36.08542479114415	-0.4499513917560397	2.971169204802588
3.6708467468979675e10	36.555415124203776	-3.3665789662760423e-5	14.297753828515757	-0.00019476288568394937	34.865732498278774	-0.4137883296900652	1.7443495575558177
3.670846746900075e10	36.86638933305611	-3.783901122066405e-5	15.194711222133106	-0.00020058892185418497	33.847892173371704	-0.3845821414172991	0.7808359188213501
3.6708467469014824e10	37.084490959473754	-4.067619900711065e-5	15.766598846850924	-0.0002017032027450869	33.09565271547764	-0.3628691676331644	0.1068536256542621
3.670846746902572e10	37.25850283032509	-4.286667622648063e-5	16.164453018078557	-0.00019994962290569276	32.463632115345675	-0.344661137920755	-0.4257470123918268
3.670846746903647e10	37.43385697695559	-4.499265633690103e-5	16.47540461317357	-0.00019546918188971757	31.794434265005023	-0.32565304307396786	-0.9459761294728701
3.670846746904789e10	37.62298391690618	-4.7176102436857205e-5	16.607707881556948	-0.00018599941866333987	31.037179448290615	-0.30418184213220445	-1.4496056276583504
3.670846746905758e10	37.783357259988435	-4.891777797946205e-5	16.418489283001826	-0.00017236183098320477	30.375292255838716	-0.2849992600397908	-1.769134780362005
3.670846746906694e10	37.935332345439214	-5.045505860304589e-5	15.935531478456028	-0.00015482524228643848	29.752410972127066	-0.2662664643227342	-1.9417152013964223
3.6708467469076164e10	38.079503543758754	-5.179754330176117e-5	15.296800028083945	-0.00013612835996712299	29.188009947388778	-0.24848284378760702	-2.007921906847645
3.670846746908566e10	38.22162754078449	-5.3003035466681276e-5	14.613571897643064	-0.00011782146859848596	28.67143025679549	-0.23135380282325804	-2.0219454369053653
3.670846746909691e10	38.38185625220781	-5.421905457006097e-5	13.867305165889446	-9.870988404085374e-5	28.143599213836254	-0.21280448490745477	-2.012341409921262
3.670846746911165e10	38.57999870556397	-5.551615196337852e-5	13.033964738218394	-7.797370225904834e-5	27.57096922416231	-0.1911390917648044	-1.9889275337858716
3.670846746913208e10	38.83630564349652	-5.686983715912158e-5	12.120110191752053	-5.574013409282438e-5	26.949950296874945	-0.16519641336013058	-1.956335689755175
3.670846746915944e10	39.15474061246778	-5.808212134514411e-5	11.21120059959157	-3.417119562705387e-5	26.334354019403023	-0.13597435949377565	-1.9197597914496063
3.6708467469193375e10	39.52068215966075	-5.890888430536581e-5	10.402413469562008	-1.5765116154830013e-5	25.78686944432964	-0.10593938802133289	-1.88438213250294
3.67084674692342e10	39.930408551996486	-5.9231162297774784e-5	9.700596054110314	-1.0673571190378218e-6	25.311514065971735	-0.07596323433832886	-1.851672109642777
3.670846746928293e10	40.38713203553186	-5.89894561502997e-5	9.07604187266071	1.0100724125655713e-5	24.88790606979275	-0.04605921003871429	-1.8210785965327523
3.670846746934016e10	40.88932671917937	-5.8166075441292954e-5	8.499704689954655	1.7956742685110045e-5	24.496221942904256	-0.01637125531806314	-1.791583047963583
3.67084674694054e10	41.42557520912017	-5.681793043002566e-5	7.952721774585714	2.2814509275194616e-5	24.12356417561911	0.012569248536179195	-1.7622749963416549
3.670846746947742e10	41.978783370722184	-5.5075352120785645e-5	7.425466516344689	2.5201890593656508e-5	23.76327561422569	0.04009493631431562	-1.7324948273956382
3.670846746955412e10	42.52869888483049	-5.311061757841633e-5	6.918418394793777	2.576538969447498e-5	23.415571691183473	0.06548839789862625	-1.7020823627531982
3.6708467469634766e10	43.06657693229933	-5.105264670468116e-5	6.428840140423225	2.5125440390274138e-5	23.078466526262233	0.08860983916317039	-1.670709940330416
3.670846746971961e10	43.59161701868493	-4.897604223151376e-5	5.952124333149243	2.373553727087641e-5	22.748654645668253	0.10962013281633294	-1.6379035099372719
3.6708467469809e10	44.102575349450554	-4.6934507054532044e-5	5.486860133143689	2.190900824782298e-5	22.424989536591525	0.12861799803429907	-1.6033483587287163
3.6708467469903366e10	44.59869896614483	-4.496318510489461e-5	5.032453289656153	1.9861192960207168e-5	22.106850407566995	0.14570975819234486	-1.5667440290750614
3.6708467470003365e10	45.07945788529886	-4.3084076466417063e-5	4.588617438426451	1.773775932263328e-5	21.793779950796036	0.16100950972622072	-1.5277584373831972
3.670846747010982e10	45.54450102302359	-4.1309549662126104e-5	4.1550491525938575	1.5634310412257303e-5	21.485235880712153	0.17464071266769024	-1.485981409760366
3.6708467470223755e10	45.99348839732541	-3.964549925938999e-5	3.7314000827267453	1.3610977970113398e-5	21.18053529909794	0.18673076283029746	-1.4408890509884797
3.670846747034659e10	46.42600700343099	-3.809349502896004e-5	3.3172461794088406	1.1702727008337724e-5	20.87877547426224	0.19740797645427385	-1.3917915796159825
3.670846747048013e10	46.841438521450776	-3.665257452210068e-5	2.9121161155295923	9.926940639121434e-6	20.57875931674728	0.206798012388083	-1.3377609194607722
3.670846747062677e10	47.23878597333329	-3.532073887752129e-5	2.5155371693355844	8.288924094259344e-6	20.278863522973055	0.21502113232424955	-1.2775171880071299
3.67084674707897e10	47.61634015685419	-3.409660798008158e-5	2.1271909663069772	6.786223149718395e-6	19.976849356506776	0.22218879117901416	-1.2092573236263515
3.670846747097317e10	47.97089618062208	-3.2982129324257165e-5	1.7474911561626887	5.413051786633227e-6	19.669720622561968	0.22839622067830598	-1.1304477052741702
3.670846747118075e10	48.29454893473648	-3.199219322489235e-5	1.3810857545152204	4.172706941551238e-6	19.355588817068522	0.23368212650840356	-1.0382868480040521
3.670846747140898e10	48.57010791342573	-3.116745834706841e-5	1.04428112492395	3.0980147128908523e-6	19.039811062357458	0.23797371178751134	-0.9326024839016465
3.670846747164873e10	48.784513302420024	-3.053494846800089e-5	0.7544734644666711	2.2150346173973657e-6	18.727912187798907	0.24126449154636817	-0.8159933928127056
3.670846747190501e10	48.94511664198979	-3.006443246310657e-5	0.509694064604599	1.4914898284516231e-6	18.402561538886985	0.2437684361702723	-0.685231634041626
3.6708467472199135e10	49.06340150659872	-2.971803797585816e-5	0.3088889564013129	9.060188370325042e-7	18.03650370135695	0.24557286414864307	-0.5316615874174737
3.670846747261226e10	49.155387409392645	-2.9447658079404085e-5	0.1578456305549988	4.6499252320208007e-7	17.612486033431665	0.24645749187492058	-0.3315137268392374
3.67084674733778e10	49.23362413090888	-2.921677714558767e-5	0.06712098704225553	1.9840425227605748e-7	17.171279248389865	0.24634015588803712	-0.057502415185648255
3.670846747481028e10	49.29484478837986	-2.9035608099618836e-5	0.028137811445000403	8.335770785020612e-8	16.800479715676275	0.24572944975599906	0.24603167367237325
3.670846747744734e10	49.343363158628726	-2.8891757392383306e-5	0.012487814556337578	3.705433007357065e-8	16.4979904268056	0.24501019920709086	0.5472592411253449
3.67084674822644e10	49.38385179047072	-2.877153716015838e-5	0.005866381105916391	1.743055193197436e-8	16.24140371545151	0.2442959814387564	0.8387119597433123
3.670846749139396e10	49.42027857931219	-2.8663234159622864e-5	0.0028151913084026327	8.375554740145914e-9	16.007717579453427	0.2435852121728653	1.1297219852687073
3.670846750872494e10	49.45377499197312	-2.8563514173284544e-5	0.0013762291422389384	4.099783308895658e-9	15.790586863510285	0.24288384714946207	1.418972884677474
3.670846754182302e10	49.485240151523264	-2.8469718106626715e-5	0.0006810445801377217	2.0315269701011727e-9	15.584762770397518	0.2421879525036564	1.707415319881782
3.6708467605292015e10	49.51522552468782	-2.8380212497214177e-5	0.0003398788874900305	1.015233935739531e-9	15.387042204737284	0.24149395945275828	1.9955283273189781
3.6708467727418755e10	49.54410315860471	-2.8293893208206768e-5	0.0001706080986763499	5.10337077027437e-10	15.195275212562834	0.24079875082054267	2.283653192585431
3.670846796301171e10	49.57212447654711	-2.8210012616799047e-5	8.600063324302715e-5	2.576300295323651e-10	15.008028554757871	0.24010001958015834	2.5719273716848488
3.670846841873774e10	49.599483898411926	-2.8127990925554323e-5	4.347103479378003e-5	1.3042319768966533e-10	14.824191258600209	0.239395595215926	2.8605643524878333
3.670846930215169e10	49.626316333465226	-2.8047424593241935e-5	2.201593418315208e-5	6.61568818051216e-11	14.643008900915632	0.2386839800225725	3.149612119738557
3.670847101827064e10	49.65272909585642	-2.7967991366787454e-5	1.1163447838421396e-5	3.3600263919349266e-11	14.46388164037252	0.23796382188962614	3.4391470319276425
3.670847435842682e10	49.678803653655685	-2.788944543047283e-5	5.664541886829314e-6	1.7078089327061352e-11	14.286360480181216	0.23723403437798793	3.729202967260305
3.67084808717039e10	49.70460528280382	-2.78115887042118e-5	2.875124681653763e-6	8.68331036087278e-12	14.11008807043261	0.23649364275050141	4.019813720805179
3.670849359897818e10	49.73019125206601	-2.7734246354341836e-5	1.459066473234325e-6	4.414508966011522e-12	13.934747540821391	0.235741604803798	4.311061577931622
3.670851850882943e10	49.75559862332783	-2.7657303854630638e-5	7.402339330742084e-7	2.243776713539941e-12	13.760150500955504	0.23497718821183297	4.602905695079402
3.670856734623438e10	49.7808621549967	-2.7580653099816222e-5	3.753624267391275e-7	1.1399599721982703e-12	13.586119207700975	0.23419941683440434	4.895360108849684
3.67086632755224e10	49.80601433347178	-2.7504192328742318e-5	1.9020036819653672e-7	5.787662843923469e-13	13.412492078397193	0.2334069310512493	5.188476864352369
3.670885199499688e10	49.83107567436579	-2.7427855755970335e-5	9.630546575234731e-8	2.9364323231471473e-13	13.239200516336282	0.2325980109661608	5.482215923316439
3.670922387139057e10	49.85606830753819	-2.7351572532107155e-5	4.872377233777102e-8	1.4887081876769277e-13	13.066192984128023	0.23176956457741113	5.7765857015062885
3.670995788972531e10	49.881013793696596	-2.7275273623939406e-5	2.4630868993709396e-8	7.541649557159686e-14	12.893483828322886	0.23091599429640117	6.071596664299226
3.6711409047272705e10	49.90593389168432	-2.7198890061167553e-5	1.2443366761021485e-8	3.818141184795962e-14	12.721214284686553	0.23002677858967266	6.367236857040728
3.671428180570662e10	49.93085174782937	-2.7122350500376243e-5	6.2855782530679595e-9	1.9327587321280994e-14	12.549775052680744	0.22908167467783255	6.6634265383981
3.671997740689039e10	49.95581106721625	-2.7045524635642475e-5	3.177310710189766e-9	9.789568603828582e-15	12.379933706368789	0.22804050120132033	6.960133834377864
3.673128361508308e10	49.98088159397381	-2.6968210891025885e-5	1.610246438694759e-9	4.969854738023162e-15	12.213313356374115	0.22682393493741246	7.257218972870528
3.6753746342196144e10	50.006193200111355	-2.689004118878888e-5	8.212598732570528e-10	2.5374613053248093e-15	12.053180216112494	0.22527445748901773	7.554393687977673
3.679838378631189e10	50.03200302486271	-2.681029506225572e-5	4.246731667193815e-10	1.3117389879241649e-15	11.905993911023316	0.22307884313801882	7.851098332171321
3.688694480109522e10	50.05882484138236	-2.6727549766390642e-5	2.259681082429672e-10	6.958185256545112e-16	11.784377178620005	0.21961725007039587	8.146079352191158
3.7061641229360695e10	50.08772506187435	-2.663889331485881e-5	1.2731378025776895e-10	3.8864687639287714e-16	11.712059253445332	0.2136790831652142	8.436544197643912
3.7400350264414276e10	50.12096566057764	-2.6538305450377423e-5	8.003166286842968e-11	2.3964330990087764e-16	11.729672632084842	0.20300262829022572	8.715761123533236
3.8024724608694305e10	50.163266462503884	-2.6413862325776482e-5	6.08181888956385e-11	1.7544847593888593e-16	11.888436626623971	0.18396112837611886	8.966976494090298
3.904830501462874e10	50.22350952141933	-2.6245256931977572e-5	5.949892489192766e-11	1.6151912977522562e-16	12.194125603973092	0.15293716990668113	9.157024736762912
4.05193550843926e10	50.3191837120718	-2.59966028510033e-5	7.215067414527421e-11	1.8002134340447759e-16	12.548252350006024	0.1081231986760069	9.25059434615778
4.207298444419331e10	50.4467433408534	-2.5692245422796188e-5	9.298128498852795e-11	2.129023204668388e-16	12.77563130633537	0.06086427083155296	9.23534349552421
4.332770562321183e10	50.57519635118221	-2.5408071293852916e-5	1.1153788672024104e-10	2.3893464633753543e-16	12.855366644881045	0.023811916555067057	9.175977233320527
4.4736387330203926e10	50.74390816011258	-2.505939926439285e-5	1.2619121686114003e-10	2.5212753734502543e-16	12.849403397889674	-0.014350668203203779	9.100556876229728
4.6317950270000244e10	50.94723366946457	-2.4667511593580568e-5	1.287223906752893e-10	2.395479800434109e-16	12.787432074762663	-0.051253289214790144	9.052556513708446
4.798400210599651e10	51.15756652192548	-2.4289487219272218e-5	1.2344539992367763e-10	2.1416335751853241e-16	12.738841338249031	-0.08590833256242629	9.048548633530473
4.887075916915946e10	51.2658542285821	-2.410501795409611e-5	1.2101666252458183e-10	2.0238964720280201e-16	12.72951405044138	-0.10384531906573934	9.054813007527418
4.917662049677284e10	51.30292827460246	-2.404339840469817e-5	1.2194980749454208e-10	2.0144630122662452e-16	12.739894268524168	-0.11099838269056798	9.056690770272562
4.936271070589641e10	51.325818742187636	-2.4005727476906834e-5	1.2424259003485606e-10	2.0370633094817714e-16	12.758004521791307	-0.11599130645840387	9.056682514028465
4.954727545097926e10	51.34902087989013	-2.3967824606615042e-5	1.2726890450810516e-10	2.0716388801715923e-16	12.77923928681237	-0.12086781620627511	9.055269234396585
4.973511997790713e10	51.373251144034455	-2.392852158612872e-5	1.3076907423485692e-10	2.1139168216996366e-16	12.800957199404436	-0.12563661930179712	9.052307518867131
4.992166840968225e10	51.39799192683144	-2.388865972373232e-5	1.3451316577357082e-10	2.1601389985859564e-16	12.821351631066548	-0.13016790615815801	9.047895947538379
5.010239468741507e10	51.42264129549115	-2.384920784554113e-5	1.3828212413742693e-10	2.2057468119316513e-16	12.83923694883363	-0.1344006578580426	9.042335796946958
5.037088764873086e10	51.460526708999424	-2.3789087788443533e-5	1.4390931361408574e-10	2.2720939210392064e-16	12.861291696714275	-0.140505732512731	9.032081859251427
5.086361664804271e10	51.53383250944357	-2.3674420768601826e-5	1.5333735222054306e-10	2.377031634332766e-16	12.885207965522696	-0.1511094766927545	9.009163657516547
5.138988453642758e10	51.616585131515045	-2.354735951294466e-5	1.605489858926864e-10	2.4421173389558725e-16	12.887307007731025	-0.1614077157063524	8.983567611253536
5.165409058732057e10	51.65936379692439	-2.348258523149706e-5	1.6347939128583532e-10	2.464725115517204e-16	12.885177276582525	-0.16674880137926287	8.971897675975876
5.1801099593090195e10	51.68360492358985	-2.3446114837097553e-5	1.6659510548434903e-10	2.501287296744779e-16	12.89242577533112	-0.17074351759063836	8.96546485855444
5.193827673150297e10	51.706736490322214	-2.341145014636434e-5	1.7082102201981686e-10	2.5551405101929324e-16	12.905544611298708	-0.17486095720912073	8.958877055766353
5.2074200091637405e10	51.73028399840984	-2.337629118462918e-5	1.7575130856467274e-10	2.6195790323673367e-16	12.920798732946722	-0.1788734892829333	8.951483619912036
5.2213155410645935e10	51.755081607226714	-2.333938973597396e-5	1.812149762449103e-10	2.69276473178055e-16	12.93636751394287	-0.1827580893142738	8.942945279355564
5.234157392961711e10	51.77868829157306	-2.330435279521082e-5	1.8645356801175406e-10	2.764288545263721e-16	12.949626001220295	-0.18606267072907587	8.934203019464872
5.2467852102056305e10	51.802560284661965	-2.3268997539249484e-5	1.9162196177528482e-10	2.834833761284222e-16	12.960890127693702	-0.18900606340071288	8.924900275333819
5.260192362329492e10	51.82861125208135	-2.3230515574103087e-5	1.9694739549665646e-10	2.9046192659917744e-16	12.970301424907817	-0.19183834857284113	8.914414404266415
5.282877560064036e10	51.87423650508174	-2.316342807907543e-5	2.0506134900164372e-10	3.006072817005834e-16	12.979067888309046	-0.19608194860519482	8.895882533257398
5.3113732824442764e10	51.93384846270604	-2.307638716305194e-5	2.129394589457132e-10	3.0972636684315834e-16	12.977846255800515	-0.20067686771844964	8.872968528025389
5.3248730283613815e10	51.962854945666244	-2.303425503383022e-5	2.1712883418701694e-10	3.150403202000228e-16	12.97937187531683	-0.20355248211732033	8.862669266989794
5.335240463466994e10	51.985610734946384	-2.3001254601236048e-5	2.2214256859598382e-10	3.2201249714577116e-16	12.987734408270526	-0.2066321728760008	8.854597066649214
5.345293335233074e10	52.00824872184234	-2.2968450203290698e-5	2.284316726024455e-10	3.309183298400355e-16	13.000591230412581	-0.20987925785070707	8.846187451090358
5.355256549337048e10	52.03135950750477	-2.2934976652452116e-5	2.356168088059894e-10	3.412263832895964e-16	13.015351656473925	-0.21301003748036054	8.83704203776098
5.365245319370916e10	52.055280724366334	-2.2900329381051298e-5	2.434208836260072e-10	3.5267768200905337e-16	13.030291336537474	-0.21588444256399328	8.826969477578078
5.374338458350453e10	52.077750030061736	-2.286775823200448e-5	2.5080921867593507e-10	3.6377938655732175e-16	13.042959978263369	-0.21814499575658017	8.817023748120638
5.383197246480458e10	52.10029016101175	-2.2835044350428746e-5	2.5805807616391394e-10	3.7473566115651953e-16	13.053722347126794	-0.21995717170035453	8.806692155528419
5.3920300347159996e10	52.12339812282556	-2.28014842415657e-5	2.651336435684433e-10	3.8503308847723005e-16	13.062345656252162	-0.22141678120020988	8.79587605336304
5.404544776372129e10	52.15719175197379	-2.2752427751894823e-5	2.750173045555709e-10	3.991136624745074e-16	13.071794701342938	-0.22332920463323044	8.779943403048026
5.41283986800934e10	52.180321141458734	-2.2718851064654248e-5	2.830523266309316e-10	4.1115686470185133e-16	13.081448854162957	-0.2253294480324193	8.76896175969319
5.420184511126478e10	52.20144617628138	-2.268813460885125e-5	2.9262388380738253e-10	4.2597157925062425e-16	13.096302510329181	-0.22786066513717276	8.758593171490627
5.427180022318436e10	52.22230450099259	-2.2657730113361662e-5	3.0407753584211963e-10	4.4388438462439855e-16	13.115451762306137	-0.2305710891059983	8.74775952904351
5.433982220979299e10	52.2434246951252	-2.262684697251955e-5	3.172136610068855e-10	4.646932372893019e-16	13.137067929343871	-0.2331662355758886	8.736034322306418
5.440520138310641e10	52.26462231847875	-2.259572724864552e-5	3.314942983084986e-10	4.878322860112123e-16	13.159159309594045	-0.23540777107235053	8.72346892449411
5.446454910241452e10	52.284713479092254	-2.256608169431861e-5	3.457951853969193e-10	5.116758178067417e-16	13.179573966698527	-0.23710258459786862	8.71086098441366
5.451993577901477e10	52.304271061077046	-2.253705381754656e-5	3.6082123926472344e-10	5.372255210663403e-16	13.199848951354127	-0.23856371657573958	8.69797484112068
5.45686086216e10	52.32221460972563	-2.251025457386892e-5	3.7721454438841105e-10	5.652445895953622e-16	13.222550781577084	-0.24036327397917776	8.685553161135713
5.461310631566758e10	52.33942042614596	-2.2484378136056528e-5	3.970621717833189e-10	5.99479093811134e-16	13.25136584094578	-0.24279096000817021	8.672893533234864
5.465421588385036e10	52.3562176958838	-2.2458909087533605e-5	4.2119333210145195e-10	6.415353940815002e-16	13.286635098594289	-0.2455853086188228	8.659580750663267
5.469159853107748e10	52.37247095949904	-2.2434029967483928e-5	4.4960219764195763e-10	6.919278638288849e-16	13.327028615527539	-0.24846453250550646	8.645606735808489
5.472196180456961e10	52.38656423273401	-2.2412213896097342e-5	4.804166134469212e-10	7.4868917417061e-16	13.36975125770455	-0.25148164115765875	8.632470332310088
5.4743063914512856e10	52.39700571305729	-2.239582989068685e-5	5.111675567884098e-10	8.085090064004146e-16	13.41242914801218	-0.2548569940649283	8.621962355179026
5.47554370005436e10	52.40348280843149	-2.2385518002219826e-5	5.373381229501462e-10	8.618002695817465e-16	13.449010526494433	-0.2580730743714643	8.614992858179326
5.476488739566179e10	52.40868895144572	-2.2377104400337102e-5	5.662975773104851e-10	9.230768460532076e-16	13.48953950704852	-0.2619333310226454	8.609044742309253
5.477274276207934e10	52.413269823789975	-2.236956465011174e-5	6.02679694468797e-10	1.0029174925229093e-15	13.53986097908843	-0.2669607106686529	8.603460915390798
5.477896860751956e10	52.41715346173584	-2.2363023156377443e-5	6.486855827423768e-10	1.107816044180793e-15	13.60167574510389	-0.27325892514713274	8.598373022780965
5.478383149360334e10	52.420442477078126	-2.2357317410224104e-5	7.098424505209218e-10	1.2539705695940946e-15	13.679917602736296	-0.28122011399077057	8.593710170821504
5.478716438714091e10	52.42292196342209	-2.2352854382968527e-5	7.858919621421983e-10	1.446145303289836e-15	13.770719102057015	-0.29032727701428357	8.589893906121787
5.478941075482831e10	52.42478590258783	-2.2349339900390893e-5	8.853538037669386e-10	1.7193090405073002e-15	13.879367294455292	-0.30096541612394984	8.586782660967833
5.479074359665889e10	52.42603785117346	-2.234683482486391e-5	1.0091755983775612e-9	2.0947185447519613e-15	14.000785330567808	-0.31248694360361534	8.584524388732747
5.479149414824643e10	52.426846065540644	-2.234509086351681e-5	1.1671566476529376e-9	2.6476854522329815e-15	14.137466586045107	-0.32498438221213855	8.58295980825269
5.479184046146818e10	52.427275788334256	-2.234407034647969e-5	1.3380236976078074e-9	3.3676993033752163e-15	14.267098637697089	-0.3362922369473093	8.582076432610572
5.479201869969146e10	52.42753008707632	-2.2343390518818976e-5	1.5465056333906214e-9	4.476059720965265e-15	14.405471578117854	-0.3476838546097482	8.581527626710667
5.479209329762952e10	52.427652111145854	-2.234301169028009e-5	1.7523574972156393e-9	5.949140997711783e-15	14.525566123560921	-0.3568486865009403	8.581253662274273
5.479212978752899e10	52.42771961148774	-2.234276177719626e-5	1.9771272624476324e-9	8.167263997434167e-15	14.64211579639597	-0.3649320381528501	8.581097484212394
5.47921452479814e10	52.42775155007779	-2.2342617911341957e-5	2.176281502517039e-9	1.0867188519256374e-14	14.735202689242229	-0.3707228966580644	8.581021836704377
5.4792154935504906e10	52.42777370984219	-2.23424938290659e-5	2.431847042850355e-9	1.5644084686242042e-14	14.843335876925622	-0.37667269064282316	8.580968339281283
5.4792160583705376e10	52.42778829731446	-2.2342383607696532e-5	2.794073585549371e-9	2.585306290219231e-14	14.979173685291087	-0.383030043957586	8.580932408343239
5.479216291834014e10	52.42779522792713	-2.2342306508194734e-5	3.2172722507796916e-9	4.508444912291528e-14	15.117752969940412	-0.3884000846437387	8.58091499205149
5.479216381875651e10	52.42779830112228	-2.234225405947219e-5	3.692238315021324e-9	8.044125188707262e-14	15.253528325508867	-0.39278117028532916	8.580907134358101
5.4792164165035324e10	52.42779965551015	-2.2342217834232386e-5	4.22287980298552e-9	1.4526331209891507e-13	15.386271799151487	-0.39643321818350746	8.580903620343872
5.479216430042376e10	52.42780026085731	-2.234219207325767e-5	4.82531000062896e-9	2.662530927034691e-13	15.5183140370428	-0.39965160896042023	8.58090203006786
5.479216435307705e10	52.4278005297582	-2.2342173626897518e-5	5.509028458770709e-9	4.923240544135923e-13	15.64961511307196	-0.4026511385765576	8.580901316063398
5.479216437372507e10	52.427800650187216	-2.2342160182402892e-5	6.295346295337283e-9	9.197971087181233e-13	15.781776185286176	-0.40570552028828194	8.5809009933592
5.4792164381945526e10	52.42780070507645	-2.2342150094452685e-5	7.227792358470031e-9	1.7500102088145033e-12	15.91837399715287	-0.40920116325277606	8.580900845127616
5.4792164385317764e10	52.42780073106854	-2.2342142077731538e-5	8.412449772537715e-9	3.4552058976181615e-12	16.067987713889423	-0.41381796285564226	8.580900774469274
5.479216438675903e10	52.427800744155924	-2.2342135133472548e-5	1.008212688757415e-8	7.141951642276999e-12	16.245618963633163	-0.42065291559749746	8.580900738696316
5.479216438743627e10	52.427800751714564	-2.2342128215803806e-5	1.2784497758034545e-8	1.5202245079168652e-11	16.477755239973945	-0.43092928354276683	8.580900717948623
5.479216438780111e10	52.42780075709079	-2.234212023818404e-5	1.75847354718766e-8	3.1972644967099165e-11	16.789465088873115	-0.4445601314795382	8.580900703151496
5.4792164388052414e10	52.427800762578684	-2.2342108142997074e-5	2.8116322405649272e-8	7.27792723350347e-11	17.249629423915522	-0.46256027931699956	8.580900688032985
5.479216438824863e10	52.42780077030392	-2.234208451176591e-5	5.678133293180326e-8	1.9712995095737218e-10	17.94080815050428	-0.4861528091117063	8.580900666794319
5.479216438838991e10	52.427800782651275	-2.2342035929173394e-5	1.3565648573804661e-7	5.857122290660388e-10	18.796550052570197	-0.51403218912087	8.580900633089495
5.4792164388492485e10	52.42780080599637	-2.23419233308184e-5	3.792500471964561e-7	1.987539518207095e-9	19.79705560762251	-0.55414336887186	8.580900570528666
5.479216438857721e10	52.42780087024539	-2.234154639239733e-5	1.4330373496153279e-6	9.011823148262683e-9	21.092338540273616	-0.6071854663496177	8.580900403654558
5.47921643886447e10	52.427801088291325	-2.2340056085485244e-5	6.511680431422523e-6	4.663198420785238e-8	22.576831544509005	-0.6582970054450146	8.580899854331244
5.479216438868369e10	52.427801546079685	-2.2336647429721377e-5	1.9731287612350018e-5	1.5069704668278635e-7	23.66801222863525	-0.6910470564764473	8.580898724709172
5.479216438870972e10	52.427802348383175	-2.2330387797569557e-5	4.606085857116447e-5	3.647713007469959e-7	24.504552544899425	-0.7132557337716484	8.580896770982063
5.4792164388729485e10	52.427803661438354	-2.231986032266375e-5	9.280593537908123e-5	7.50518717412399e-7	25.197688649033992	-0.728740194620202	8.580893601493099
5.479216438874727e10	52.427806002824575	-2.230079537981357e-5	0.000181070417476446	1.480498315243873e-6	25.8609482031127	-0.7401055786924665	8.580887983953021
5.4792164388763626e10	52.427810147746854	-2.226685816920012e-5	0.000344255016320574	2.8176450384467015e-6	26.500302744641274	-0.747296626645458	8.580878079414614
5.479216438877894e10	52.42781743667293	-2.220743120437634e-5	0.0006415519464065641	5.206689910868718e-6	27.120884663331893	-0.7507547220359656	8.58086070720131
5.479216438879355e10	52.42783035705624	-2.210346134918161e-5	0.0011862433913496818	9.468219136134036e-6	27.73386586740078	-0.7514405738794269	8.580829976746974
5.479216438880799e10	52.42785417761782	-2.1915674433002575e-5	0.0022258022713458085	1.7355459138365933e-5	28.36115918231043	-0.7504675618944924	8.580773457276612
5.479216438882191e10	52.42789728019224	-2.158448650652114e-5	0.004175025234941356	3.167998183632769e-5	28.98812311873742	-0.7487772371023683	8.580671488499982
5.4792164388836006e10	52.42798049897105	-2.096357612716289e-5	0.008071707022983179	5.938545859017157e-5	29.64627033607998	-0.7467452742746046	8.580475219914481
5.479216438885091e10	52.42815632570678	-1.9694970222338114e-5	0.016580506016412217	0.00011775649368332027	30.367800605490416	-0.7444440515529706	8.580061591074132
5.479216438886652e10	52.428546612772585	-1.6982529838217694e-5	0.03601363299847113	0.00024607523783964707	31.15160552078943	-0.7421919376509442	8.579144437987479
5.4792164388883194e10	52.4294902571288	-1.0684209716603809e-5	0.0838616937873406	0.0005499623767685301	32.02109081454576	-0.7406892871905764	8.576922478634023
5.479216438889983e10	52.43168032407162	3.364370710759867e-6	0.19395623882537424	0.0012239965097867646	32.91953608605458	-0.7409257476669513	8.57172057977134
5.479216438891902e10	52.43777423810074	4.0941972911247e-5	0.4776164210775452	0.002897003492945072	33.98053605792883	-0.7437161791691413	8.556882053544845
5.479216438893821e10	52.45162791001619	0.00012335914263441843	1.012086075860914	0.005935993284164195	35.02835298853525	-0.7487024801196598	8.521568558001023
5.4792164388956795e10	52.47708029790144	0.0002704732454413022	1.7605082620249275	0.01006247765980972	35.96975950803183	-0.7545940786656526	8.453273467869332
5.479216438897635e10	52.52050248938047	0.0005158557814462642	2.7012700115708115	0.015129873322505606	36.82483560080563	-0.7604608276820846	8.331658685428648
5.4792164388999794e10	52.59791923870767	0.000945306790252711	3.911340807089716	0.021533804597301795	37.62578169706343	-0.7651603455779862	8.107572569191587
5.479216438902907e10	52.73460336910657	0.0016916862110140016	5.428024606990749	0.029449205737867728	38.27349520841854	-0.7655408719985153	7.7021947977447605
5.479216438906682e10	52.97540845341191	0.0029885713444695815	7.324818099236695	0.03920408980788378	38.58526554443013	-0.7556592851288597	6.975763853781485
5.479216438909497e10	53.201060799382695	0.004189807830646461	8.70038640960631	0.0460423584351159	38.484083082602254	-0.7398422861642087	6.28868899512408
5.479216438911533e10	53.38814206760258	0.0051734411281786595	9.673812955609796	0.050484426461545065	38.247532524597105	-0.7226494811015676	5.716482131672276
5.479216438913192e10	53.55507886507036	0.006037529738972348	10.44695602453396	0.053602998114709595	37.953228033713245	-0.7045938215177097	5.204484685461616
5.479216438914794e10	53.72833168369276	0.006917839152763572	11.173451535702734	0.05621137984106512	37.582639109994844	-0.6843218310313058	4.6720304000935
5.479216438916439e10	53.918140878702566	0.007862460241171154	11.900750835235748	0.05859546323329538	37.1178332175772	-0.661481956782426	4.087722875080546
5.479216438918365e10	54.15547438800088	0.009016185921682502	12.735890665929583	0.06114438235620182	36.473017243687664	-0.632823235441819	3.356069924045087
5.479216438920808e10	54.479378675270446	0.010546755756947869	13.783246979508359	0.0641343627693846	35.51393679566014	-0.5939877673957253	2.3562459375542764
5.479216438923254e10	54.82938398193831	0.012149369006660226	14.829491858323248	0.06678147708324725	34.40642346311991	-0.5519415437817748	1.274861678880586
5.479216438924824e10	55.06746352933804	0.013207299675234088	15.486603051385385	0.06778512484753128	33.61386028994282	-0.5217842395996243	0.5394536933816938
5.479216438925956e10	55.245310571061886	0.01397486523445959	15.929582791743288	0.06769334396987042	32.99322672590712	-0.4973020582163405	-0.008230865718142764
5.479216438927028e10	55.418300058837765	0.014697234716214605	16.29646284250516	0.06678062999586754	32.359335977251604	-0.47186468243236246	-0.5350430937664447
5.479216438928085e10	55.59219733018826	0.015394637848837026	16.55219292054072	0.06484414770755051	31.68924665095018	-0.444834016674887	-1.0447604526590981
5.479216438929129e10	55.76538746371519	0.01605473702345359	16.582637398462904	0.06130864181921406	30.989671825677092	-0.4159192892217107	-1.4946108408094128
5.479216438930079e10	55.92178501017696	0.016614495541394016	16.299130583386873	0.05629646068125426	30.339258687070256	-0.38773388289077665	-1.7941500269897723
5.4792164389310135e10	56.07143478437342	0.017111685308461626	15.752285916752317	0.05018535855776026	29.721635616559766	-0.3594054646389216	-1.9533401018082461
5.479216438931933e10	56.213219822710165	0.01754411579132947	15.097504618560501	0.04395984488434528	29.163496375358207	-0.33227121106889596	-2.012161087267991
5.4792164389328514e10	56.34893596915583	0.01792102580837319	14.445014304596464	0.038167980052282176	28.667477719681827	-0.3068173360321134	-2.023125145694558
5.479216438933893e10	56.49571696180536	0.018287515885800996	13.77003564649272	0.03238940937706891	28.17902257902314	-0.28037507152911717	-2.0138695687733366
5.479216438935217e10	56.67307822989827	0.018674248299507302	13.029735667948112	0.02620256273103438	27.65545765831628	-0.2502316036919186	-1.9929731620118099
5.47921643893703e10	56.90166024383352	0.019085742276418634	12.206878288879203	0.019461071210178676	27.079778366855308	-0.2143839063097307	-1.9635129660776964
5.479216438939515e10	57.19376524612472	0.01947907660249199	11.34730214063966	0.012573208402288339	26.48164590803181	-0.17323234645132013	-1.9287583177369925
5.479216438942664e10	57.53784679217418	0.019772071266129183	10.551257958838265	0.006419499191224676	25.929641420439182	-0.13072963817655706	-1.8937905087996045
5.4792164389464676e10	57.92529148221073	0.01991394847912274	9.852131358754514	0.0013802953826517195	25.44618538042171	-0.08938710043760044	-1.8610841395495554
5.479216438951018e10	58.358759878760246	0.019880626554160997	9.228999079485861	-0.0025493192001864668	25.016205495997966	-0.04969551405770151	-1.8304806977472055
5.479216438956396e10	58.83904701965519	0.019659785131496587	8.654980960935147	-0.005416211073806396	24.620672409889735	-0.011953189064843836	-1.8011083632531766
5.479216438962597e10	59.358427851544185	0.019259711924706234	8.110370776495188	-0.007289925281077842	24.24561427149878	0.023304929281445487	-1.7720595745676606
5.479216438969516e10	59.901021689577114	0.018715225969812243	7.585018918581391	-0.008305671227525572	23.88367519291826	0.055480878267877905	-1.742667388237892
5.479216438976995e10	60.44896320081959	0.018077233456023044	7.07603027626584	-0.008658626072923342	23.532508523678203	0.08421161532557848	-1.7125586735803624
5.479216438984874e10	60.98679973029794	0.017396907229369082	6.585235060710938	-0.008553798954334321	23.193071506146012	0.10940822370215321	-1.6816489135043984
5.479216438993161e10	61.51249053627916	0.016703043698467476	6.107929421632547	-0.008157809315768124	22.86185147852906	0.13156890736334692	-1.6494645155278174
5.479216439001895e10	62.02527994632665	0.0160148572862675	5.641645800577077	-0.007586129157072517	22.53688435439382	0.15109152775541887	-1.6156269339803775
5.479216439011111e10	62.523835837642686	0.015346378649899167	5.186037258120978	-0.006919557842880597	22.217667040017673	0.16825878072869327	-1.579863002320581
5.479216439020867e10	63.00780154634695	0.014705912227864971	4.740551126473827	-0.006212793651469613	21.90352338781203	0.18333488898543168	-1.5418359681338878
5.479216439031242e10	63.4766759922865	0.01409870447773639	4.304998634386651	-0.005502681136656593	21.593977963254773	0.19654256576179419	-1.5011687252624
5.4792164390423294e10	63.93001662520825	0.013527548168861307	3.8791511660677953	-0.004813004671858866	21.288441602202298	0.20808265007736873	-1.4573860566034884
5.479216439054252e10	64.36728712135194	0.0129936290706222	3.462761163934054	-0.0041582790853814215	20.9861778795006	0.2181366148630621	-1.409876094370352
5.47921643906718e10	64.78813135443887	0.012496685184053308	3.055201551288228	-0.0035459068232814774	20.68595928732954	0.22687662932089223	-1.3577816817711443
5.479216439081319e10	65.19133362088652	0.012036586171105553	2.6563585909468457	-0.002979492716257329	20.386586975126093	0.2344475173457192	-1.3000102310497088
5.479216439096976e10	65.57597176458381	0.011612207698891694	2.265346858398943	-0.002458356443780297	20.085687580105187	0.2409950915299129	-1.234892571084249
5.47921643911451e10	65.93885304560709	0.011224410609480954	1.8828704770396272	-0.0019816840060864326	19.781044494568746	0.24662766339395917	-1.1602886781351438
5.479216439134342e10	66.27442606528227	0.010875971161425737	1.5112993723268788	-0.0015486393448618278	19.469901227669325	0.2514318380015731	-1.0733596022992424
5.479216439156552e10	66.56996981832988	0.0105763579775542	1.1608845185558934	-0.001164927544768748	19.153200620269573	0.2554182329538524	-0.9721675621340463
5.4792164391799484e10	66.80471474716447	0.010342423500377208	0.855857849075384	-0.0008476097092682071	18.843167459956945	0.25850350821178997	-0.86043625549551
5.479216439204959e10	66.98468159390207	0.010164787920379122	0.5937273279549403	-0.0005845972350687606	18.524007388209967	0.26089140010985995	-0.7349010781154743
5.4792164392322395e10	67.11564739517522	0.010035859695402697	0.37868402424335584	-0.00037306913532716567	18.179927187724743	0.2626286106426215	-0.5928396990392582
5.479216439267764e10	67.21618060789413	0.009936629953714369	0.20644058498099813	-0.00020422710822604512	17.77278607325117	0.26359128553920225	-0.41241341577613266
5.479216439326864e10	67.29834877426646	0.009855183807066901	0.09384976310937396	-9.319797380398623e-5	17.3328646010241	0.2634488066141884	-0.16809651441528142
5.479216439441703e10	67.36644762578398	0.009787466246556938	0.038583984064245416	-3.8416799230388596e-5	16.928085570515137	0.2626058570872197	0.1332214764720984
5.479216439651366e10	67.4188408626895	0.009735253346700338	0.01678774546468435	-1.6744574873084284e-5	16.60416558744602	0.26162232831299176	0.4358689134743339
5.479216440039668e10	67.4621567958818	0.009692018008481488	0.0076944749938270265	-7.685676235008811e-6	16.331116750794436	0.2606550292473198	0.7330017314848677
5.479216440765693e10	67.49997822578152	0.009654215284397378	0.0036591638441056365	-3.6597865688025333e-6	16.08949013069447	0.2597262575990535	1.0250398648083574
5.479216442139788e10	67.53439872820177	0.009619766935619807	0.0017786458262821676	-1.781254084101894e-6	15.867166478158325	0.2588259578849264	1.3147548373763658
5.479216444758618e10	67.56651436802103	0.009587583328148627	0.0008768877774026517	-8.793299055041577e-7	15.657747440566382	0.2579448956042851	1.6033691628790105
5.479216449774145e10	67.5969828727258	0.009557009545945211	0.0004364440788266305	-4.3825250051965144e-7	15.457398634628035	0.2570757278658156	1.8915505939470125
5.47921645941099e10	67.62621946865936	0.009527631498061264	0.00021870648841369083	-2.1992025076705168e-7	15.263724158710275	0.25621319400292425	2.179579245072535
5.479216477985498e10	67.6545225836899	0.00949915089809761	0.00011010491002253194	-1.1087651253373557e-7	15.075004968736508	0.2553528678545804	2.4677523247529685
5.4792165138744415e10	67.68209781131327	0.009471361784582395	5.5613691930000225e-5	-5.608752149708699e-8	14.890073957716496	0.2544915724981606	2.7561912747852895
5.479216583385221e10	67.70910229403427	0.009444106248495458	2.815183677401874e-5	-2.8435824111871493e-8	14.708041293094212	0.25362664618536895	3.045031432954892
5.479216718311362e10	67.73565330045282	0.00941726602004267	1.4270555272406491e-5	-1.4437693535199624e-8	14.52825016594069	0.2527560139344987	3.334352161442249
5.479216980758835e10	67.76184146343302	0.009390749284288657	7.239765520678483e-6	-7.336737230926162e-9	14.350197226165633	0.251877978635029	3.624210792555582
5.4792174921741684e10	67.78773451598555	0.009364487039906956	3.674486837302717e-6	-3.730100869840257e-9	14.17351438384209	0.25099123557384945	3.914610063915244
5.479218490583586e10	67.8133895197444	0.009338420806362983	1.8650816988391308e-6	-1.8966683654026263e-9	13.997890915412555	0.25009453994653336	4.205583506727072
5.47922044336748e10	67.83885364495775	0.009312501881218774	9.46430721570131e-7	-9.642211060977159e-10	13.823072323006286	0.2491867065629679	4.497169638061255
5.4792242694737175e10	67.86416342050235	0.009286692163203639	4.800451986065044e-7	-4.899920376686816e-10	13.648869954618718	0.24826662488180937	4.789376014714496
5.479231779079708e10	67.8893499133136	0.00926095893502722	2.4333271458888165e-7	-2.488578627874027e-10	13.475130908622887	0.24733299113117588	5.08221720462619
5.479246542937566e10	67.91443824749835	0.009235275403477239	1.232534854960963e-7	-1.2630441767202146e-10	13.301749492586524	0.24638411340053964	5.375691707920336
5.479275614827946e10	67.93944963680005	0.009209618690532237	6.238227167221202e-8	-6.40578240887129e-11	13.128667448689626	0.24541738532025656	5.669788610936057
5.47933296484411e10	67.9644085152245	0.0091839625986881	3.154559119137833e-8	-3.24609794048049e-11	12.955851251004233	0.24442808006692004	5.964552274987813
5.479446263626148e10	67.98933172887116	0.00915828886716953	1.5941340632688914e-8	-1.6438915235551442e-11	12.78341878128903	0.24340791263833658	6.259926904829505
5.479670443382939e10	68.01424461307684	0.009132570955376916	8.052733530458005e-9	-8.321780969878616e-12	12.611630191352006	0.24234069050387394	6.5558986600894205
5.480114663292357e10	68.03918147011204	0.009106774111652406	4.0690826850069335e-9	-4.213705235003571e-12	12.441087191876377	0.24119486189115488	6.852413494089208
5.480995992080499e10	68.0641976871817	0.009080844057471454	2.0598009342402784e-9	-2.1369677842825912e-12	12.27305136995291	0.2399082273573849	7.149348878249277
5.4827464694968216e10	68.08939843086989	0.009054679757195322	1.0475457833147286e-9	-1.088279562242686e-12	12.110045238419744	0.23835719739594238	7.446510304807905
5.486224746832131e10	68.11498214898732	0.009028093643706122	5.383701066381777e-10	-5.594859449968183e-13	11.957126385357824	0.2362964194776289	7.743443684183298
5.49313082823745e10	68.14134669568458	0.00900071357080613	2.8285639265980525e-10	-2.934096147141508e-13	11.824215064073783	0.2332390993333324	8.039214626023599
5.506793671459318e10	68.16931146137537	0.008971782063943556	1.5538081227294477e-10	-1.6018083662048366e-13	11.730276030760834	0.22822707934473016	8.331798612564171
5.533507488979625e10	68.20058994342386	0.008939748329312058	9.312266547843252e-11	-9.460095046123486e-14	11.70935218580054	0.2194302930363413	8.616299733831111
5.583980260306424e10	68.23882702839352	0.008901441154984433	6.538104502655871e-11	-6.446662774020415e-14	11.811742770100764	0.20366803829800847	8.880661926589744
5.671048401255738e10	68.29118673963494	0.008851112870221	5.825152359565255e-11	-5.452366634828267e-14	12.07026533520947	0.17693501002180975	9.097561196025023
