# problem=SEAS Benchmark BP5-QD
# code=Thrase
# modeler=B. A. Erickson
# date=2023/01/09
# element size=xx m
# location=on fault, z = 5.5 km
# Lz = 80 km
# t slip_y slip_z slip_rate_y slip_rate_z shear_stress state
0.0	0.0	0.0	1.0e-9	1.0e-9	13.273061180906112	13.273061180906112	8.146128035678238
6.6349145094533995e7	0.06635822121810658	-5.561201162829611e-10	1.000350934938539e-9	-3.087600183902689e-17	19.490034969767958	-2.8539310374683855e-7	8.146107302345921
2.0300334898212495e8	0.20327323297143018	-4.339791275175995e-8	1.0049864916042923e-9	-9.159073857457025e-16	19.489544389476666	-1.041655232824262e-5	8.145589699497489
3.011482046242373e8	0.30257614133117405	-2.682096618174634e-7	1.0228014352429129e-9	-4.520089801841777e-15	19.487324353027308	-5.0609903027508635e-5	8.14340868904105
3.7588832686262363e8	0.380500831491589	-9.114924259754811e-7	1.0719444132002854e-9	-1.4753304784360954e-14	19.48125295434018	-0.0001568886185669638	8.13749601244623
4.334185085100298e8	0.4449018588477648	-2.362175306280663e-6	1.1874864784296183e-9	-4.0738669546577126e-14	19.46819739447925	-0.00039082762713223905	8.124696735958237
4.760979102365386e8	0.4999906686287456	-5.205504038796227e-6	1.439683712653649e-9	-1.0617249177444871e-13	19.444690075808747	-0.0008430520262944647	8.101192238945028
5.0484152612011904e8	0.5474800895899548	-1.012008683491348e-5	1.9679381955137003e-9	-2.750537152879207e-13	19.409484866398785	-0.0016078178383225734	8.064650188662009
5.2270545801063013e8	0.5907869730115457	-1.822440687458501e-5	3.148272855874773e-9	-7.641342189172484e-13	19.362914495945553	-0.0028128155605128147	8.013147165025808
5.3161950504511607e8	0.6270537277469922	-2.9231589146610666e-5	5.555210837894191e-9	-2.062919907795933e-12	19.31558031792119	-0.004329211478388938	7.955668683730116
5.356653079711779e8	0.656489673533801	-4.209603029184113e-5	9.987781565047893e-9	-5.0682588118068915e-12	19.275343644181827	-0.0059382080254212115	7.900834655090179
5.376395736273851e8	0.6826628333866295	-5.721613586011182e-5	1.838571857032357e-8	-1.1975143302919425e-11	19.241095040010023	-0.007639341476773495	7.847722387148001
5.386249261408267e8	0.7069766988286389	-7.48517770670899e-5	3.4544028710606833e-8	-2.7697008815533858e-11	19.212169990755324	-0.009415673259058264	7.796122652911422
5.391208270196964e8	0.7301706922852869	-9.523547157864276e-5	6.599561641345142e-8	-6.320175093014861e-11	19.187775384681554	-0.011251929364927358	7.7458170929622225
5.393710011117221e8	0.7526804491152179	-0.00011858241368342509	1.2777684173083488e-7	-1.4285754510472749e-10	19.167059356642117	-0.013136202353787148	7.696552226874289
5.394971668684117e8	0.7747793387070758	-0.00014509245264943875	2.500472257553254e-7	-3.2060032505740665e-10	19.149208126435116	-0.015059758652776195	7.648068108543813
5.395606763649287e8	0.7966419440353923	-0.0001749455711973868	4.935234411301161e-7	-7.153809243943264e-10	19.133512223068976	-0.01701606910896662	7.60013271251836
5.395925630526824e8	0.81838123886458	-0.00020830173803593015	9.808643285322154e-7	-1.5887621395134942e-9	19.119391112902697	-0.019000241158829343	7.552553674570305
5.396085255643969e8	0.8400705415593415	-0.00024530194349430104	1.9606568821218675e-6	-3.514503603661643e-9	19.106392281048635	-0.021008578959108532	7.505180235887176
5.396164921220597e8	0.8617584220254285	-0.0002860724557266234	3.938357462901024e-6	-7.7490553330948e-9	19.094175308551826	-0.02303837685397295	7.457896748762274
5.396204556040378e8	0.8834752842980672	-0.0003307233609584019	7.94447410298017e-6	-1.703930864857154e-8	19.08249229960085	-0.02508748088109771	7.410621214787663
5.396224215905607e8	0.9052433678827553	-0.00037935978472320326	1.6087257660514957e-5	-3.738758214314662e-8	19.071164433996987	-0.02715451803439544	7.3632893321116155
5.396233938568282e8	0.9270782458768362	-0.00043208108893877937	3.269278395630316e-5	-8.190403750062283e-8	19.060064509068283	-0.029238554688371218	7.315853449648968
5.396238732374157e8	0.9489897553601361	-0.0004889792314867568	6.66604180092936e-5	-1.7920900369097113e-7	19.04910179417117	-0.03133884037502669	7.268280935519017
5.396241089779481e8	0.9709938247210742	-0.0005501687672293047	0.00013637727465744528	-3.9187431282091204e-7	19.038203254117725	-0.03345569019329211	7.22052801708988
5.396242246350219e8	0.9931162683019381	-0.0006158049786435536	0.0002800214303921027	-8.570396835242412e-7	19.027298873655702	-0.03559065280506926	7.172530531035311
5.396242812747416e8	1.0154056409923382	-0.0006861355977813337	0.0005774503020847824	-1.8768462045653533e-6	19.016298696211294	-0.03774754582064325	7.1241743166412
5.39624308991081e8	1.0379598601757816	-0.0007616147013537822	0.001197739325989443	-4.123869802104445e-6	19.0050517037419	-0.03993474501961638	7.075234346748896
5.396243225767453e8	1.0609932453098008	-0.0008431955894809527	0.0025074509895410546	-9.129088887189605e-6	18.993255125942294	-0.042171153177081006	7.02522279160395
5.396243292808776e8	1.0849873388820308	-0.0009330304087852764	0.005339466333721628	-2.054282576203168e-5	18.980240988172064	-0.0444996238186449	6.973046048692221
5.396243326258985e8	1.110837195261779	-0.0010353616721975052	0.011685336487397224	-4.755851775112316e-5	18.964542459719212	-0.046997934112049444	6.916645714983398
5.396243343126326e8	1.1397802887033746	-0.0011567516147006425	0.02619220515629611	-0.00011309534136875938	18.94312369079573	-0.04976432628842968	6.853056870497632
5.3962433519818e8	1.1741607066646174	-0.0013102165621689044	0.05902106195135254	-0.00027201428155029464	18.909414273628048	-0.052977928979914976	6.776553109413996
5.396243357073675e8	1.2185834335777936	-0.0015231707213392521	0.12964252827996847	-0.0006453194373858969	18.850529737630552	-0.056993131967955975	6.675859058989504
5.396243360245745e8	1.2770635976530686	-0.001828274762443071	0.25946659608926154	-0.0014156296025539092	18.75254381205381	-0.062095972568104875	6.540793825076853
5.396243362523956e8	1.3578272347533193	-0.0022954718966637345	0.4765247625018388	-0.002913423295950862	18.59604515610514	-0.06895345026223218	6.351656167033072
5.396243364350169e8	1.4730531628651033	-0.0030544400691759808	0.8210613127717914	-0.005798659825931953	18.353331762975	-0.07855777062195825	6.07942009764173
5.396243365857319e8	1.631417971736692	-0.004278052464507843	1.3244420922005569	-0.011121458055907673	18.004238549428432	-0.0915809416743236	5.7032324336365
5.396243366821228e8	1.7816362685869005	-0.005636578196676791	1.822549200213266	-0.017667170243235743	17.66982560574168	-0.10374524671656066	5.344973244449878
5.396243367654521e8	1.9580483538975284	-0.007480922433264421	2.455014081381909	-0.027515747136043302	17.30185411238147	-0.117556027531376	4.920662170224285
5.396243368341861e8	2.151963133000001	-0.009809891521785841	3.2361158347068337	-0.041420122352429166	16.94507605863963	-0.1320452511527963	4.444839559312285
5.396243368948504e8	2.3759491736739737	-0.012874905205990286	4.193430885217436	-0.061042330609640025	16.54336349190003	-0.14783785730864024	3.8826786066556473
5.396243369337376e8	2.553335702113741	-0.015576643832138888	4.945907328530031	-0.07862072842851692	16.206184570095864	-0.15937429976739712	3.430896516375599
5.39624336964487e8	2.715266123246793	-0.018245925988832023	5.588975888890441	-0.09535373989397311	15.867065553660783	-0.16875033985718793	3.0149180376961806
5.396243369891373e8	2.8593223711823095	-0.020774697516424363	6.093403231524388	-0.10990903729411648	15.52613441160787	-0.17581921937798203	2.6423234372565556
5.39624337013048e8	3.010394983886595	-0.023573214470778436	6.531219178366303	-0.12410422935509577	15.118801194651947	-0.18174993538132078	2.2488699288724012
5.396243370365431e8	3.1680925069646775	-0.026645331857968517	6.8757395467131515	-0.13718064210738443	14.633908783531545	-0.18623812406026122	1.834727670815685
5.396243370603448e8	3.3347277337543666	-0.03004957235077623	7.1022995995414195	-0.1484191396019658	14.052918747593239	-0.18902983451379035	1.3923107530350056
5.396243370835692e8	3.5006942320833185	-0.03359173019975712	7.157579684409138	-0.15586584739585382	13.403184866807017	-0.18970592823412916	0.9444683355006829
5.396243371078358e8	3.6726383729368792	-0.03740833956061533	6.964323871748928	-0.15738868890571608	12.65241017337478	-0.18797244663449972	0.4667770519899311
5.39624337134157e8	3.8495392154112467	-0.041470813269236406	6.430654826770587	-0.14982272693679022	11.77844354203572	-0.18311988444459373	-0.05221186268817374
5.396243371584264e8	3.9981570967119713	-0.04496567336126033	5.819320097337485	-0.1379067983929562	10.94232841105762	-0.17607570972178463	-0.5155524560709536
5.39624337186084e8	4.150627788743854	-0.048594421083211554	5.237118921981213	-0.12491614885051533	10.002809483708166	-0.16582700785866275	-0.9856443721057918
5.396243372181629e8	4.310790199889323	-0.05240459633525522	4.7829413859987815	-0.1131650694152251	9.042396755326081	-0.15284178925243944	-1.3590939525019001
5.396243372463402e8	4.441610896885301	-0.05547172984316448	4.518313816094064	-0.1047182661257937	8.426101617043315	-0.14232809197929971	-1.496822468442127
5.396243372761934e8	4.573436017820409	-0.05847558868709011	4.327249753872304	-0.09664126464236185	8.04102802398764	-0.13285675420825363	-1.5245247394745838
5.396243373109016e8	4.721279074360009	-0.06167886371340859	4.211490180868793	-0.08808878435348992	7.864393995190209	-0.12311358413351434	-1.5102646769390293
5.396243373522427e8	4.895174691279533	-0.06512750638511719	4.229750289395468	-0.0788848960737093	7.885718609895935	-0.11143447407920878	-1.4962837119824153
5.396243374019947e8	5.110648348191736	-0.06878521359459919	4.470093236755376	-0.06802977939859443	8.088199704848318	-0.09552198055769137	-1.5084534054345504
5.396243374429415e8	5.300510744863756	-0.07136616056474479	4.824060430511316	-0.05767994717590845	8.336829748940858	-0.08034498109895569	-1.5393918189709712
5.396243374725392e8	5.447903214196548	-0.07294219590985444	5.141207899754222	-0.04853611518572522	8.539341652408794	-0.06810715907186457	-1.5688337875843772
5.396243374952679e8	5.567667812329469	-0.07395384299529334	5.3978770317477975	-0.04029879502284945	8.693596354390614	-0.05793616737269517	-1.5927110936612445
5.396243375174212e8	5.690028192090066	-0.07474786151274393	5.648718376518764	-0.031213323679182753	8.839172726723476	-0.0473360288307804	-1.615350465177664
5.396243375422308e8	5.833678480813899	-0.07538383354640077	5.932832916226241	-0.019851168032621283	9.003358376955482	-0.03470670731558543	-1.6392954873084487
5.396243375724466e8	6.018375822909472	-0.07575435205274152	6.297033870036831	-0.004372681383880102	9.218707262528923	-0.018368821692174273	-1.6671711870665016
5.396243376052352e8	6.231815923529251	-0.07559412113850593	6.729104042443683	0.014516471658811259	9.481073863594858	0.00044091941560272694	-1.6974087314620454
5.396243376256423e8	6.372044009176436	-0.07516822171496575	7.015193236418617	0.027345001295831305	9.655148855794245	0.012557994701831745	-1.716473794517642
5.396243376400595e8	6.47464354054847	-0.07470637707383027	7.216641918872802	0.036754281875303954	9.77463044594311	0.021130444134905637	-1.7297068047219502
5.396243376534337e8	6.572365189325873	-0.0741558413529832	7.3947153551430835	0.04557519139157368	9.875824545674568	0.029017870147915927	-1.7413381401005559
5.396243376673998e8	6.67685051236798	-0.0734553649497851	7.564894468279281	0.0547047743596673	9.966921738737248	0.03711080786080164	-1.7523512092986406
5.396243376794984e8	6.769174632013071	-0.07274690295001918	7.694009922994325	0.062353312149246706	10.030333243471311	0.0438549214102544	-1.7606372191980368
5.39624337691031e8	6.858517800444979	-0.07198770667793758	7.796487245797633	0.06922693624827372	10.074252226290604	0.04993134656862166	-1.7672055381135783
5.396243377023244e8	6.947026736511008	-0.07117038164631062	7.874497596013565	0.07542369457863975	10.100318678219821	0.05549745910300637	-1.772201191440468
5.396243377143258e8	7.041906063513597	-0.07022893280881776	7.932809327408613	0.08135069557953685	10.110655829074894	0.060988074581177186	-1.7758734442783461
5.396243377289346e8	7.158124151246485	-0.06899338114827926	7.972393681189754	0.0876308733573416	10.102988208841161	0.067101922909834	-1.7781708990607628
5.396243377483307e8	7.312910247020892	-0.06722471703162942	7.980438981166191	0.09446754408100252	10.067297165182111	0.07431590506465471	-1.778093035387297
5.396243377748412e8	7.523940235383567	-0.06462303213697415	7.9302654576157705	0.1013784152504016	9.988757800317003	0.08267683681777599	-1.77380841945398
5.396243378096001e8	7.797420517309528	-0.060991309907972996	7.795720320927749	0.10702579655567178	9.859850449805798	0.09140390681291566	-1.763866432131868
5.3962433785311e8	8.131831146934688	-0.056253192613570896	7.568760225826989	0.11017640956875048	9.685528532080248	0.09948828542589852	-1.748200430949179
5.3962433790666e8	8.52877822367097	-0.05033629562246882	7.253082780661947	0.11028760196345572	9.473603646127692	0.10627364854897212	-1.727240872728832
5.396243379713187e8	8.985072174525104	-0.04328506253902788	6.86109886988127	0.10745395442943945	9.232898206863673	0.11137913831409914	-1.7014927296371576
5.396243380465965e8	9.484680746051577	-0.03537958748476254	6.415757461434277	0.10240815211870745	8.974908318239152	0.114768379460326	-1.6716722143129994
5.396243381304443e8	10.002690136280144	-0.02705257275190551	5.9449879739927525	0.0961905917922489	8.71229382615713	0.11676701194822256	-1.6386588152170707
5.396243382197582e8	10.512455583893933	-0.018754331039066256	5.475675705709943	0.08968348674392816	8.457392504526602	0.11783097662895504	-1.6035244033287508
5.396243383142328e8	11.007706956825468	-0.010590894750542049	5.014529653175039	0.08321029997459697	8.212560773065782	0.11835163246874486	-1.5662261470131376
5.396243384144318e8	11.487214098421116	-0.0025768799824945465	4.562722614007996	0.07683072739720057	7.9781837665171835	0.11855786735597276	-1.5264084997259433
5.3962433852116e8	11.950243608124898	0.005282178154965446	4.120504040913818	0.07051781950528192	7.754723570943092	0.11857811738964003	-1.4836234461638533
5.396243386354762e8	12.396162125513044	0.012979446238836912	3.6877144310335255	0.06422270684006667	7.54278620553162	0.11849297321066851	-1.4372940086857382
5.39624338758761e8	12.824244043635911	0.0205027068977651	3.263967272338371	0.05790012767915297	7.3431906236213464	0.11836637132447461	-1.3866541058912414
5.396243388928401e8	13.233531279106623	0.027832371681341627	2.8486899358380855	0.05151492126110653	7.157079228587854	0.1182646812291547	-1.3306530271270143
5.39624339040149e8	13.622565243247687	0.03493747871987841	2.441195289527134	0.04504162715466477	6.986148775169447	0.11827137523003425	-1.2678120714968073
5.396243392039915e8	13.989020472375676	0.0417695311507417	2.0407156106066595	0.03846078565998429	6.833014744425832	0.11850397295652668	-1.1959756799983294
5.396243393885214e8	14.328421795970057	0.04823800850399748	1.647263920937333	0.03176833152367865	6.702100996806074	0.11913992248832975	-1.1120520858875529
5.396243395973237e8	14.631359512054487	0.054152708915551094	1.2645421882657748	0.025022995846511374	6.601120372619768	0.12044867015997099	-1.0121953026200277
5.39624339826669e8	14.87932312751706	0.05912695549250796	0.9079574682580427	0.018497596246736754	6.541685123958551	0.12275535438864452	-0.8947007120508162
5.396243400680479e8	15.059335281066666	0.06285030493803424	0.593217835061003	0.012491923077441586	6.531952312159085	0.12636385838831968	-0.7594973607414993
5.396243403252783e8	15.175510356251088	0.06533939917543145	0.3214545275782149	0.007038481763008488	6.576541435603495	0.13174599472505957	-0.5997607879174665
5.396243406235344e8	15.236504672630902	0.06670128325546554	0.10959161917078851	0.0025132413053866836	6.689881377622903	0.13962730170374818	-0.3995876619169291
5.396243410470252e8	15.256884865231367	0.06717710666937465	0.015476119779902443	0.0003710488368316184	6.904470600987203	0.1499873101009951	-0.1433696937433716
5.396243418183762e8	15.260631497837338	0.06726802618140905	0.001017521188656786	2.520159030320768e-5	7.19858574432066	0.16107967864554054	0.1564520097098719
5.39624343269278e8	15.26102787850674	0.06727791833928334	4.331340219287021e-5	1.0971919367498423e-6	7.47520223967134	0.17068887268497138	0.45656255629537035
5.396243459517184e8	15.261056641407464	0.06727865078471866	1.4479865699073464e-6	3.7298773775203375e-8	7.702994015769967	0.17851372213271668	0.7432600836720071
5.396243509283621e8	15.261058333013494	0.06727869453506119	4.1014869686778186e-8	1.0708527561162793e-9	7.89280768444484	0.18508829537046226	1.0216815760041684
5.396243602889229e8	15.26105841898515	0.06727869678715145	9.976773495711112e-10	2.6350847624023402e-11	8.058278209761617	0.1908811066322568	1.2982457689147604
5.396243780643296e8	15.26105842279939	0.06727869688818218	2.1236210933566268e-11	5.666832877272259e-13	8.207569524238359	0.19615829215193806	1.5757368021061298
5.396244120197533e8	15.261058422949528	0.06727869689219869	4.0503365591823376e-13	1.0909754833403448e-14	8.345396315483931	0.20107251188974398	1.8549310717901553
5.396244771565409e8	15.261058422954884	0.06727869689234321	7.071240150107286e-15	1.9212354474890228e-16	8.474713260118897	0.20572004680010061	2.1358948221592
5.396246025255928e8	15.261058422955061	0.067278696892348	1.14949795244422e-16	3.1486284006406085e-18	8.597505099667977	0.21016614157092642	2.4184816262476634
5.396248445009568e8	15.261058422955063	0.06727869689234812	1.762949751511147e-18	4.8662590876822705e-20	8.715171198193723	0.21445719541254352	2.7025030666653262
5.39625312693372e8	15.261058422955063	0.06727869689234812	2.5763691504526862e-20	7.163966897002841e-22	8.828736055154558	0.21862746540682612	2.987789830788974
5.396262206223507e8	15.261058422955063	0.06727869689234812	3.614710611773802e-22	1.0122389013759102e-23	8.938971302126852	0.22270296840509454	3.2742053354633183
5.396279849822336e8	15.261058422955063	0.06727869689234812	4.896731041911514e-24	1.3806174873415139e-25	9.046472087346679	0.22670393881312792	3.5616457544290148
5.396314203596473e8	15.261058422955063	0.06727869689234812	6.433143525909095e-26	1.825816298816671e-27	9.15170475617058	0.2306463547932183	3.8500297531882324
5.396381224283825e8	15.261058422955063	0.06727869689234812	8.222610402351706e-28	2.3487229148930238e-29	9.255047547509115	0.2345432801217208	4.13931261124465
5.396512208297492e8	15.261058422955063	0.06727869689234812	1.025477316169406e-29	2.947593045817092e-31	9.35679786217171	0.2384049826628092	4.4294359366090825
5.396768664080684e8	15.261058422955063	0.06727869689234812	1.250431531578707e-31	3.616260600493893e-33	9.457207755662928	0.24224010933414955	4.7203742573174345
5.397271669193088e8	15.261058422955063	0.06727869689234812	1.4933684110175538e-33	4.3448005457490663e-35	9.556487882719729	0.24605561761558417	5.0121050642578036
5.398259928044591e8	15.261058422955063	0.06727869689234812	1.7496404464365206e-35	5.120390660270344e-37	9.65481880221251	0.24985683776207337	5.30460336866663
5.400204704699428e8	15.261058422955063	0.06727869689234812	2.0143162597831578e-37	5.929010897199622e-39	9.752363691477292	0.25364728526709346	5.5978377922314255
5.404038269813832e8	15.261058422955063	0.06727869689234812	2.2817357806429322e-39	6.75406547717663e-41	9.849299578626791	0.25742857672526553	5.891808633993214
5.411607132012376e8	15.261058422955063	0.06727869689234812	2.5481456107574356e-41	7.584064333837192e-43	9.945830460301714	0.2611983962312401	6.186496605398048
5.426573893104962e8	15.261058422955063	0.06727869689234812	2.813754375329585e-43	8.418716657812026e-45	10.042247843239615	0.2649478121990063	6.481879411328015
5.456215069544921e8	15.261058422955063	0.06727869689234812	3.0867464224265884e-45	9.280844689931113e-47	10.139040680487376	0.26865554437276995	6.7779461090971695
5.515000087151647e8	15.261058422955063	0.06727869689234812	3.3948481620150257e-47	1.025082511437048e-48	10.237089279488423	0.27227557694054194	7.074658058724168
5.631722207892312e8	15.261058422955063	0.06727869689234812	3.8090469881886514e-49	1.1536996721665629e-50	10.338075615278989	0.2757134465801798	7.37195182084498
5.863683722580137e8	15.261058422955063	0.06727869689234812	4.510474665530491e-51	1.3672507146742447e-52	10.445293149004307	0.27877883920157775	7.669726169131017
6.324690522634603e8	15.261058422955063	0.06727869689234812	6.030260251447141e-53	1.8213033396987794e-54	10.565233497530436	0.2810915416566734	7.967757172677825
7.239391580796032e8	15.261058422955063	0.06727869689234812	1.0406685638701233e-54	3.1044829441395745e-56	10.710711815539959	0.28190052195935233	8.265560250951774
9.04346403134135e8	15.261058422955063	0.06727869689234812	3.020781270721177e-56	8.749512645191334e-58	10.906738712514532	0.2797537204423304	8.56196203538582
1.253765423756434e9	15.261058422955063	0.06727869689234812	2.4544880988786848e-57	6.6774673643667335e-59	11.200096617826397	0.27200679507207093	8.853784018022123
1.8956213152151854e9	15.261058422955063	0.06727869689234812	1.3399358548098733e-57	3.223461159902703e-59	11.666655096267739	0.25469387902192586	9.132258720625632
2.9406357015826516e9	15.261058422955063	0.06727869689234812	1.408686692222614e-56	2.728872864771942e-58	12.392053585121012	0.22475764045714655	9.380394215064111
4.434296009441741e9	15.261058422955063	0.06727869689234812	7.129315965407934e-54	9.75186989727394e-56	13.487029246955863	0.18299379763614768	9.59047085139237
5.969812915232712e9	15.261058422955063	0.06727869689234812	4.763052102994367e-50	4.3027075179074916e-52	14.800098001795156	0.1441256844998833	9.734814911646035
7.225950004247949e9	15.261058422955063	0.06727869689234812	3.2912524130400758e-46	1.9780835758060138e-48	16.059971391040058	0.11504842927208295	9.82518752549481
8.650281068668509e9	15.261058422955063	0.06727869689234812	2.9302715158809035e-41	9.178586295842128e-44	17.655656103715366	0.0816642961091705	9.90905602090648
1.0235305289941816e10	15.261058422955063	0.06727869689234812	2.2089169042631682e-35	6.258967949676225e-39	19.51981186698459	0.0396132852360487	9.986578315965158
1.190987830376e10	15.261058422955063	0.06727869689234812	3.8277621410334194e-29	-9.428119562418916e-32	21.46221461236521	-0.01117903184166533	10.055769665523984
1.2730783333165943e10	15.261058422955063	0.06727869689234812	4.1648321853021636e-26	-1.5407650013811307e-28	22.377284225954206	-0.037816456267081	10.082915485558988
1.302136558583827e10	15.261058422955063	0.06727869689234812	6.388242400845377e-25	-2.5675641375439034e-27	22.53522195830474	-0.04694600528373675	10.058775401882704
1.3207313013230152e10	15.261058422955063	0.06727869689234812	4.9678848137866085e-24	-2.068848815812166e-26	22.487341204375305	-0.05225610133621481	10.012560960573937
1.3392139521909184e10	15.261058422955063	0.06727869689234812	4.398555290044815e-23	-1.9007929335155636e-25	22.40081083293797	-0.05728148752776705	9.958239133103294
1.3579326382229221e10	15.261058422955093	0.06727869689234801	4.331297234800053e-22	-1.9455904558650746e-24	22.30567790732109	-0.062226402602670296	9.901484313718264
1.3764512821889694e10	15.261058422955408	0.06727869689234654	4.4169107510583424e-21	-2.061217199732313e-23	22.210249936625182	-0.06703021825212088	9.845111520590052
1.395005445138446e10	15.261058422958765	0.06727869689233047	4.7616446016424215e-20	-2.3062820939318654e-22	22.11477440219769	-0.07179708966121554	9.788964749790258
1.4238826778196861e10	15.261058423114402	0.06727869689154446	2.1028780910576162e-18	-1.0756643442100023e-20	21.96839946140799	-0.07918899336559895	9.703296426858676
1.4766630821217642e10	15.261058616678298	0.06727869582010432	2.649966734265868e-15	-1.4846043069160562e-17	21.71645750273081	-0.09279284521034856	9.55705745021624
1.5273965660702202e10	15.261270321473562	0.06727742506394184	2.9174254990631782e-12	-1.770477493761086e-14	21.506543925636016	-0.10628573653268061	9.436502931329231
1.551245474285526e10	15.26576683120698	0.06724945516746053	5.296199217527066e-11	-3.3258097800696903e-13	21.425650679641585	-0.11376463461539418	9.386067231172712
1.565473726237742e10	15.278238411275478	0.06717038453661572	1.1875359629039438e-10	-7.580430929472723e-13	21.379609006763324	-0.11910145340390968	9.352308299623402
1.5791211569417051e10	15.296729089815457	0.06705154730972811	1.4703529758899037e-10	-9.507151430934436e-13	21.324385293566074	-0.12363101162930115	9.315377285323512
1.592655143648752e10	15.317398197002614	0.06691709843060632	1.570124281130858e-10	-1.027294275871253e-12	21.262588026393935	-0.1274730372092949	9.277204935081876
1.6065822891812408e10	15.339663048713835	0.06677053458442113	1.623182404867858e-10	-1.0749928161931927e-12	21.198162047450786	-0.1310419411038354	9.238582825128015
1.6195703224666052e10	15.36098117493881	0.06662851938783097	1.6578569236716386e-10	-1.1109647816154495e-12	21.13995996776446	-0.13415793437300635	9.204090868599568
1.6317828374423319e10	15.38138369331784	0.06649100109390986	1.6820855989422552e-10	-1.1404548884586884e-12	21.087836894836393	-0.13698466488958358	9.173424749329111
1.6462414380491392e10	15.405849360796616	0.06632391293388619	1.7002336307539961e-10	-1.1697507164100373e-12	21.030113506818203	-0.14032393000797042	9.139731838506371
1.6728735308791227e10	15.451282585986544	0.06600685383850682	1.7063494111203307e-10	-1.2082000485449882e-12	20.93724065798218	-0.14669469437923974	9.086203225644015
1.6980063539373928e10	15.494154080639584	0.06569868552271037	1.7243029338601518e-10	-1.2607375457852013e-12	20.86844900646772	-0.15374883991686802	9.04588366422713
1.7100549670636923e10	15.515684497159302	0.0655393330618481	1.883079931316517e-10	-1.41252515892496e-12	20.8434930983393	-0.159214066266364	9.026655393808378
1.7203739131411106e10	15.536367113170362	0.06538218269128192	2.1279417132953682e-10	-1.6359297097361502e-12	20.81801152447388	-0.16432145314060329	9.005959408882324
1.730371301449303e10	15.558650796621011	0.06520917995984053	2.315648488681924e-10	-1.8130844338568394e-12	20.784369538603933	-0.1684364916292093	8.982392237220491
1.740247981606742e10	15.582120806115629	0.06502415727074365	2.4272729912433194e-10	-1.9251240490039292e-12	20.746136139660685	-0.17172981740612384	8.957801193721586
1.7502726937420864e10	15.606824576263168	0.06482720257367058	2.496193685077724e-10	-1.999610129243044e-12	20.70620634819995	-0.17450267765111907	8.933063266049896
1.759421489817664e10	15.629864934202491	0.06464192984393427	2.5377233662966844e-10	-2.0479587617162873e-12	20.67062398600803	-0.17663844281090643	8.9113883506604
1.7679191127162647e10	15.65154073090248	0.06446646817621526	2.5615491929963366e-10	-2.079724532558553e-12	20.63903531464168	-0.17837585565839523	8.892359306650562
1.7775875560524406e10	15.67637250118638	0.06426415435970073	2.5731912135481276e-10	-2.1042090592371576e-12	20.60539342512015	-0.18029109442371413	8.872272838112293
1.7899409573962776e10	15.708392568468446	0.06400048743447379	2.640653474389241e-10	-2.1960251608432743e-12	20.567979729726083	-0.18381719200836047	8.848535568833144
1.7977254940672993e10	15.729699969420478	0.06382125178802683	2.8674391154455675e-10	-2.4432217148127125e-12	20.547361159997827	-0.1879145789443539	8.831941466368233
1.804982438513202e10	15.751702558627969	0.06363123916726172	3.203025959095751e-10	-2.8005420226472334e-12	20.523391163998404	-0.19221676712565608	8.812363255020177
1.811896739190844e10	15.774916837869311	0.06342615558628519	3.5016140431739816e-10	-3.1214024811304547e-12	20.49260445198383	-0.19575813402038575	8.789864285857604
1.8186044008393093e10	15.799202550691662	0.06320812960808633	3.730202094701905e-10	-3.3692684785851427e-12	20.456844273440176	-0.19845198215523033	8.765637586168953
1.825177939964479e10	15.824331821101213	0.06298009455829684	3.9105344294019056e-10	-3.5625954110068897e-12	20.418625412904255	-0.20040757168682763	8.740710746355004
1.8310693678413944e10	15.84781941070476	0.06276552778902486	4.0663707385106826e-10	-3.724376414648472e-12	20.383370602401847	-0.20173774272660547	8.717883625706571
1.8363191452622696e10	15.869671703563865	0.0625647376296198	4.286011776824121e-10	-3.955513272757845e-12	20.352484386751975	-0.2033183357135058	8.69675464778727
1.8411056009780426e10	15.891118946707918	0.062365279652998415	4.729041050235208e-10	-4.438904332221073e-12	20.324362801766746	-0.20618309095569778	8.674788950490539
1.845492884219393e10	15.913292382419883	0.06215476990279844	5.420306169973325e-10	-5.204564002702119e-12	20.293511126133332	-0.20978631156448005	8.649522507775742
1.849523972258056e10	15.936727043946664	0.06192728409800524	6.227878066640007e-10	-6.106586941069223e-12	20.255810934123964	-0.2131254474112689	8.620254751021902
1.853232529389305e10	15.961410150179004	0.061683018495437246	7.127394795951111e-10	-7.11726383861577e-12	20.21187621977061	-0.2160828939027669	8.587429148216257
1.8559407271568302e10	15.982024672285586	0.06147529061734378	8.223126744204527e-10	-8.37520022080437e-12	20.1754521043138	-0.21936879319711625	8.558272133951961
1.8579186941058968e10	15.999755703604462	0.061292378118603344	9.929892942564645e-10	-1.03958217159096e-11	20.146416553445228	-0.224022693008841	8.530842567919052
1.859028365504211e10	16.011751608002914	0.06116517067776683	1.1902728373234819e-9	-1.2800485066668713e-11	20.128682359426797	-0.22868615008251572	8.510424562563015
1.859941427410532e10	16.023908794454613	0.061032198650613434	1.5099956948097314e-9	-1.6815880156389584e-11	20.11256968881768	-0.23496307788595963	8.487792594953657
1.8606952364769684e10	16.037106419776606	0.060881987401740126	2.062331814429156e-9	-2.4004481644135915e-11	20.096136667950283	-0.24324510673775776	8.460908859131434
1.8612771331198788e10	16.051488302614136	0.06071024885312358	3.0112314844366652e-9	-3.6888901454530125e-11	20.07777241737825	-0.25332507347633154	8.429221171262347
1.8617218903360153e10	16.068186643276377	0.06049951247529121	4.773879690626417e-9	-6.202668780284942e-11	20.05457686687999	-0.2656095283779073	8.390122916459337
1.8620443031507908e10	16.088289087283098	0.06022924800644818	8.35804136005431e-9	-1.161352862582961e-10	20.023796751713526	-0.28055073442110906	8.340952360095091
1.862231816463255e10	16.108882302096866	0.059933701986252835	1.4828506039343363e-8	-2.1953026651634623e-10	19.990097545801042	-0.29562242638876846	8.289232675779179
1.862353896517357e10	16.13404097593325	0.05954757512629241	2.981331350653277e-8	-4.73575878334402e-10	19.94753521626175	-0.31347262070352194	8.225197231686703
1.8624146595710846e10	16.159230916008383	0.05913425095254257	6.010544016314587e-8	-1.0171967735431848e-9	19.904787050404572	-0.33057874990176683	8.16080261810795
1.8624457633826054e10	16.185740756019605	0.05867176923159992	1.2677585464162555e-7	-2.276478139363205e-9	19.86100602111376	-0.3475225683110911	8.093235388307905
1.8624603913613953e10	16.21211933369982	0.058185323554106154	2.6957407445917863e-7	-5.0979215095798866e-9	19.819505598908968	-0.36309490448350323	8.026527193405505
1.862466646962232e10	16.235322309050886	0.05773757337821579	5.318009240106043e-7	-1.0459896179549595e-8	19.785521976007352	-0.3754312171771119	7.968492785565885
1.862469721122998e10	16.257764462224632	0.05728875214357112	1.0437218747478896e-6	-2.1201960432682023e-8	19.755494641265507	-0.3859000471184215	7.913115304483243
1.862471095379885e10	16.276659294780593	0.056900382200749715	1.8663706949352748e-6	-3.8790174964484284e-8	19.732627030834927	-0.39348323593757184	7.867160546928384
1.862472010720009e10	16.301087241624604	0.05638618765906859	4.015827597317313e-6	-8.553241549174734e-8	19.70624421089287	-0.40165898339391093	7.808708858705086
1.8624724843649635e10	16.330276303918623	0.055756929219243676	1.0179425266875473e-5	-2.218932729932349e-7	19.67876480223115	-0.4092959347002274	7.740199652276438
1.8624726717713215e10	16.359824453529647	0.05510666142404597	2.6349481450606397e-5	-5.849775542160046e-7	19.654479053757065	-0.4150851402003023	7.672100630723425
1.8624727425843384e10	16.388425096732636	0.05446707160108664	6.649887725886875e-5	-1.4971508686456046e-6	19.633518807864057	-0.4192313725918887	7.607137305259713
1.8624727709992275e10	16.41769173161598	0.05380421480202844	0.00017193826649536143	-3.91593006500127e-6	19.61397917508092	-0.4223377794167105	7.5414060064701856
1.8624727819820946e10	16.446946172589616	0.05313468293855718	0.0004445682671851707	-1.0221223830471252e-5	19.595816735759378	-0.4245740475940428	7.476267438142229
1.862472786249128e10	16.476381860315342	0.052455142491078945	0.0011529433282717527	-2.6719458787393492e-5	19.578402184453246	-0.42616616914098526	7.411136766615462
1.8624727879207634e10	16.506441670154473	0.05175602208800932	0.003020508597674675	-7.048816781380385e-5	19.56085844512254	-0.4272765578603573	7.344898202791378
1.86247278858827e10	16.538366860763144	0.05100855410684549	0.008157397719333576	-0.0001915883585310388	19.541277866076122	-0.42800594746474424	7.2746481299980585
1.8624727888629753e10	16.574965808870843	0.050146155035129064	0.0233441894109458	-0.0005517909177369847	19.51462876177215	-0.42834310122259484	7.193831794665224
1.862472788981008e10	16.621297802179228	0.04904705739956715	0.06897569186099395	-0.0016418595865013638	19.467575305327138	-0.42803575081893896	7.090184729527756
1.862472789036139e10	16.682921716136235	0.047574046716251595	0.1808904764455034	-0.004341389712396525	19.377740397071683	-0.42662023403539795	6.94926710218964
1.8624727890678936e10	16.769016565171125	0.045496483909644024	0.39755675026028153	-0.009645360166265842	19.219138415379554	-0.4237034902905576	6.748508317116666
1.8624727890908558e10	16.89835402327264	0.042332792566421085	0.7781455328989805	-0.019191670318413116	18.95042174362718	-0.4187561859255442	6.443289900886079
1.862472789108935e10	17.08781236564883	0.03760128349358699	1.3807355803157664	-0.0349197395295271	18.533341049602633	-0.4114364097294328	5.993159803169
1.8624727891213356e10	17.299662423355738	0.03217197306675485	2.093404218256985	-0.05426992443012604	18.067424331816518	-0.4020631982683898	5.486388516773603
1.8624727891309425e10	17.54090100859811	0.02587242517537516	3.006744407514694	-0.07898147269121289	17.595704491237292	-0.3897255637975891	4.896871704623347
1.8624727891391193e10	17.834201173335465	0.018083478405769342	4.252928282923801	-0.11452889925071984	17.063701085515	-0.3824862158225065	4.157464931410977
1.8624727891448326e10	18.110281058429727	0.010521145758929373	5.463549184819786	-0.15232273582335962	16.54508195118718	-0.3795599386748605	3.448649298499588
1.862472789147858e10	18.286963599191772	0.00554138629670253	6.233064337028256	-0.17744041067373983	16.197694404177277	-0.37680597088202705	2.9918318819393033
1.8624727891501987e10	18.440371709797375	0.001147631363630943	6.8816083064979665	-0.19792225011777484	15.879596151570645	-0.37148744634491093	2.594086858789158
1.862472789152107e10	18.576846614079045	-0.0027759317022596555	7.424826422215484	-0.21287395153403196	15.575135510005119	-0.3625697822760668	2.239720209582466
1.862472789153866e10	18.711702044899404	-0.006612829590739684	7.90982382301475	-0.22276866986849853	15.246017723953578	-0.3490373993041028	1.8891623342817419
1.8624727891555004e10	18.844350559281757	-0.010294799662581832	8.316108392626147	-0.2270356303560821	14.888430887286866	-0.331512209006364	1.5437414317174754
1.8624727891570232e10	18.97339897443023	-0.013751440319344338	8.623692886208687	-0.2263657148007389	14.50456033877547	-0.3115704695498254	1.2065080446359302
1.862472789158471e10	19.09978677701976	-0.017000646309151466	8.81716244032477	-0.22193611583664696	14.092706853038074	-0.29058505685835345	0.873901426732898
1.862472789159898e10	19.226200904137094	-0.020117943396024896	8.869083469301907	-0.21435043870435525	13.643994445123305	-0.2692338324544254	0.5367722618460735
1.8624727891613922e10	19.357865721921595	-0.023239783643688814	8.72794883091354	-0.2032192151385642	13.133194684330682	-0.24733090830167256	0.17712226576398132
1.8624727891629593e10	19.49206871537409	-0.026315100202145187	8.371402823160567	-0.18903501772069464	12.557816929829762	-0.2258215412500681	-0.20314378398679656
1.8624727891646553e10	19.62985440013591	-0.029388606069857066	7.869272003971813	-0.17363580418197533	11.901174476743087	-0.20508215742525862	-0.6081067588859422
1.862472789166327e10	19.757377529077928	-0.032181028705109575	7.3979696362313305	-0.1609404909361717	11.23992858106147	-0.18757093023324675	-0.9805630044038629
1.8624727891681763e10	19.890139067805666	-0.035055917298560765	6.977799813216958	-0.15055362885421086	10.531902569310326	-0.17146560311455628	-1.3201277766461132
1.8624727891703445e10	20.037255782823948	-0.038222867602340754	6.617450277614347	-0.1421884843912138	9.812474632978741	-0.15669322198018465	-1.5631181766815712
1.8624727891722992e10	20.164172575358734	-0.04094433276484965	6.38123551093521	-0.1364422710072468	9.329572191332922	-0.1469190935677374	-1.6485149091831581
1.8624727891742325e10	20.285771253790607	-0.04353104545489323	6.209316507234444	-0.13121343846859992	9.018403723838055	-0.13998823531542456	-1.6659198869077194
1.8624727891764957e10	20.42471023240761	-0.04643289516643189	6.079937030027837	-0.12520533139807485	8.82936622814396	-0.13435038899627452	-1.65780160425918
1.8624727891793007e10	20.594205850381634	-0.049842250885497597	6.029147242235106	-0.11801498763398054	8.78087492166447	-0.1295593462870898	-1.6448948556790337
1.862472789182862e10	20.810300784321065	-0.05388906285508491	6.137399771758179	-0.10927661798355029	8.903550791017103	-0.12474496196883897	-1.6447033683178818
1.8624727891868214e10	21.05911953109453	-0.05801966354946916	6.464044296995466	-0.09919093111348287	9.183244780345895	-0.11886361658045366	-1.666515102189052
1.8624727891892944e10	21.222442971128157	-0.06038655748949702	6.754218082964727	-0.09211816776336879	9.400738224157955	-0.11437317298449953	-1.688075930659962
1.8624727891910748e10	21.344749923136494	-0.06197700582713346	6.983580751563856	-0.08639029182214884	9.560534008234534	-0.11051676515231648	-1.7052744905407553
1.8624727891926918e10	21.45935628928474	-0.0633266411217958	7.1944638760465764	-0.08043257249552005	9.70055163941823	-0.1061899739330531	-1.7208948069516292
1.862472789194413e10	21.585108735559672	-0.06464926505621868	7.418879441906981	-0.07308465867152869	9.845514568041558	-0.10048907473769134	-1.7368628781679265
1.86247278919647e10	21.740495564430436	-0.06605042725538451	7.692531342498013	-0.0629192557243141	10.021088430749252	-0.09226298119268853	-1.7549983749292444
1.8624727891991207e10	21.949385756967605	-0.06752271601484681	8.068447328583723	-0.047757862798920636	10.264385291787995	-0.07978156454714927	-1.777768301945675
1.8624727892017292e10	22.165069988691947	-0.06855141151433346	8.474039330700478	-0.030805408072612537	10.528813725629114	-0.06595451520090537	-1.800557654115811
1.8624727892033337e10	22.30317248790289	-0.06895676523433922	8.73737797371101	-0.019658293619303213	10.698260866728425	-0.05719481324392104	-1.814805647319481
1.862472789204463e10	22.402859989864858	-0.0691338567855378	8.92126190291725	-0.01170707366158989	10.812795016171044	-0.051159028126699015	-1.8246382683262794
1.8624727892055313e10	22.499130304540273	-0.0692186410920118	9.088002587850072	-0.004152539289761812	10.912395700498259	-0.04546512648624621	-1.833481913743732
1.862472789206665e10	22.603133171708556	-0.06922040974354712	9.252291667858593	0.003820245956965774	11.005480550975513	-0.03942946509857457	-1.8420711198561104
1.8624727892076935e10	22.69899125893963	-0.06914474086176206	9.386023719800539	0.01084640786565409	11.075938109234933	-0.0341236750985495	-1.8489464780998044
1.8624727892086372e10	22.788073649010787	-0.06901315262287523	9.491989882390817	0.016989399015358158	11.126128231147739	-0.029465123001504032	-1.8543259426139673
1.8624727892095676e10	22.876746603629968	-0.0688282999997462	9.57787612632824	0.022717596995216315	11.160500406825811	-0.02500063985396592	-1.858625610440249
1.8624727892104935e10	22.965753977031106	-0.06859275240012185	9.644113037192872	0.028108901980529313	11.18003286109073	-0.020590016557079347	-1.861847568931053
1.862472789211538e10	23.06674178781504	-0.06826907158130935	9.696535943966342	0.033830691925313766	11.186302276389888	-0.015608940900012	-1.8642208755755305
1.8624727892128624e10	23.19547422752727	-0.0677756664408349	9.732595404124785	0.04055908482934869	11.174470489040637	-0.00929195211319481	-1.8654792641222986
1.862472789214673e10	23.37181485317225	-0.06696488134130107	9.736198032821319	0.0488117001333166	11.13164788732417	-0.0007852406902245961	-1.8646057782652035
1.8624727892171566e10	23.61302664299702	-0.06562915207900026	9.67691579300386	0.05842963503041081	11.040600177954282	0.01035746054443756	-1.8599682259894057
1.862472789220314e10	23.91647471556869	-0.06362459067848648	9.530989292244877	0.0680721840866746	10.896530864014188	0.023262129109100273	-1.8506688538479363
1.862472789224138e10	24.276516074017387	-0.06085096262344596	9.29483127141275	0.07647912206368261	10.706704662201595	0.03673693311093875	-1.8369245057538448
1.8624727892287136e10	24.69451401697987	-0.057191710097153806	8.973102833065024	0.08291960756075394	10.478991348618969	0.04989680279359598	-1.8191161991510552
1.8624727892341267e10	25.169457157363915	-0.05257935366364854	8.576149088131839	0.08700216122706983	10.221397967873123	0.06196987814922949	-1.797611382861414
1.862472789240376e10	25.691127940562957	-0.047075537259065624	8.121902382982977	0.08874613018526512	9.943602707533934	0.07236794505196312	-1.7728849779425653
1.862472789247344e10	26.23992336934279	-0.04088831573382151	7.634167713360381	0.08858152172467909	9.656830705564609	0.0808607376283998	-1.7455681161044017
1.862472789254875e10	26.795850740697656	-0.0342670503578008	7.134352886718446	0.0871006485711716	9.370584803064595	0.08760462309338612	-1.716222390134348
1.8624727892628014e10	27.341536456856637	-0.02745085467302848	6.639653852659745	0.08479440529435248	9.092677556879046	0.0929019511096828	-1.6853861452520102
1.8624727892711357e10	27.874435882376666	-0.02050056276131322	6.152892660738913	0.08192085370272711	8.823703175574941	0.09712539113282215	-1.6529058402228662
1.8624727892799126e10	28.39323099204349	-0.013454990887753402	5.675254563877689	0.07859320844503842	8.564049666125022	0.10052332672958973	-1.618572480239778
1.862472789289167e10	28.89652645619659	-0.0063530001477426655	5.207749342707183	0.07486134194419625	8.314379056342183	0.10325861669068748	-1.5821716084368949
1.8624727892989567e10	29.38364448588599	0.0007750899589438228	4.750571707343774	0.07074860474046347	8.075127017311395	0.10545052743170771	-1.5434009827481134
1.86247278930936e10	29.854262583445067	0.007902903735623365	4.303439113132565	0.06627194779089139	7.846650600160736	0.10719463445228528	-1.5018524902324795
1.862472789320473e10	30.307817042005215	0.014999633109609369	3.8661259556446606	0.06145319394129555	7.62952031540312	0.10857475643355743	-1.4570184891075546
1.8624727893324223e10	30.74380543389973	0.022035080939003776	3.4381176790605723	0.056316082938072276	7.424397970975214	0.1096735028739603	-1.4082093474348534
1.862472789345368e10	31.161300071102985	0.028972482190618994	3.018980131548363	0.05088828222171974	7.2323199392073505	0.11057793318172407	-1.3545171784460108
1.862472789359532e10	31.55922597918567	0.03577327517919293	2.6079154689751762	0.04519306398718863	7.054657653448977	0.11138807529413505	-1.2946424428221357
1.8624727893752064e10	31.935687607942615	0.04238588027425427	2.2041499485294045	0.03925110498632215	6.8935893597605755	0.11222723772837276	-1.226735288059791
1.8624727893927715e10	32.28719392231532	0.0487309660750737	1.8073176541206937	0.033084005009794526	6.752708981777239	0.11326107501019847	-1.148129075552734
1.862472789412646e10	32.60681996405801	0.054664699999253455	1.419019684906886	0.02673804248337405	6.6381803701297954	0.1147267299598044	-1.0551822891782208
1.8624727894349255e10	32.880491075948754	0.05989899386788736	1.0480472446479074	0.020376441876122888	6.560154438832747	0.11694375816210614	-0.944452838711922
1.8624727894584557e10	33.08709265384455	0.06397954507213746	0.717722012393742	0.014433634592248662	6.52977241312329	0.12017238439898661	-0.8176626421212259
1.862472789483513e10	33.22918800123898	0.06688735293457707	0.42664605835820496	0.008917288016633338	6.551370954812263	0.12487099598554477	-0.6685497361365619
1.8624727895108967e10	33.3110241532533	0.06863133453427711	0.18679116544909727	0.004082979335468086	6.632750344625556	0.13156562374853878	-0.48887372033247267
1.8624727895466717e10	33.34568396212721	0.06940431767689062	0.03829622433591961	0.000879087479618975	6.803681335404697	0.14098132110146325	-0.2543154657534311
1.862472789606472e10	33.35367487162592	0.06959050930225687	0.003253644861534788	7.763410239490554e-5	7.077691728581648	0.15191220374611283	0.0336415540539763
1.8624727897225925e10	33.354716369002155	0.06961559522610992	0.00014954084118903207	3.6663012250631777e-6	7.375593839468429	0.16224364799737304	0.343742566195958
1.8624727899345272e10	33.35479700664682	0.06961758435442453	5.4299500967412766e-6	1.3568231155704246e-7	7.621365436049793	0.17050987723805758	0.6349451685432882
1.8624727903270702e10	33.35480210400007	0.0696177123050546	1.6311786411400315e-7	4.137191041397395e-9	7.823993701347014	0.17735497394933522	0.91578146990438
1.8624727910613205e10	33.354802376919075	0.06961771925243952	4.199715517002773e-9	1.0785816018651258e-10	7.997567242727037	0.18328241087515199	1.1925449278887181
1.8624727924513737e10	33.35480238965849	0.06961771958062876	9.382401672810721e-11	2.4362008617039487e-12	8.152384298311553	0.18862444318245866	1.4695220516374583
1.862472795101331e10	33.354802390182186	0.06961771959426409	1.8615394994573645e-12	4.881743250853483e-14	8.2942021548156	0.19356329247395002	1.7480266303396366
1.862472800177034e10	33.354802390201556	0.06961771959477277	3.355197320108443e-14	8.879381780833565e-16	8.426522934023644	0.19821018826831785	2.0283118158696394
1.8624728099342377e10	33.354802390202224	0.06961771959479018	5.59704063744221e-16	1.4939034758993712e-17	8.551644240696113	0.2026387240133958	2.3102859088625385
1.8624728287455242e10	33.354802390202224	0.06961771959479074	8.770147985252112e-18	2.35973038593181e-19	8.671152140622844	0.20690012685136586	2.593752378163384
1.862472865106284e10	33.354802390202224	0.06961771959479074	1.3050571254307963e-19	3.538407910542469e-21	8.78619983096278	0.2110319831098362	2.8785382925826126
1.8624729355489384e10	33.354802390202224	0.06961771959479074	1.8599181408772817e-21	5.0799091622123477e-23	8.89764256626237	0.21506238859683594	3.1644882587574976
1.8624730723163994e10	33.354802390202224	0.06961771959479074	2.5542376702916712e-23	7.025715250938595e-25	9.006141083731798	0.21901325301802413	3.4514993505702907
1.8624733383914192e10	33.354802390202224	0.06961771959479074	3.3964888605837413e-25	9.406484892773476e-27	9.11220667640081	0.22290165924307662	3.739483742576801
1.862473857028392e10	33.354802390202224	0.06961771959479074	4.389433711260177e-27	1.2237372600392177e-28	9.216246058423572	0.22674129949798796	4.028378046905627
1.862474869866064e10	33.354802390202224	0.06961771959479074	5.528804661745359e-29	1.5513831199589234e-30	9.318588487441453	0.23054331392556773	4.318139048775403
1.8624768512594955e10	33.354802390202224	0.06961771959479074	6.80487636031385e-31	1.9215439845469197e-32	9.419496234661644	0.2343165198576133	4.608713839725962
1.862480734738773e10	33.354802390202224	0.06961771959479074	8.195820116257524e-33	2.32865918654186e-34	9.519203824650255	0.2380686841371095	4.900106766797582
1.8624883582359196e10	33.354802390202224	0.06961771959479074	9.681259633327586e-35	2.767414386391776e-36	9.617887918892599	0.24180509554559185	5.192253256929631
1.862503350409771e10	33.354802390202224	0.06961771959479074	1.122716072503567e-36	3.228410888332275e-38	9.715730633457504	0.24553042130391625	5.485166230155269
1.8625328818932102e10	33.354802390202224	0.06961771959479074	1.2803055399371533e-38	3.703009075925292e-40	9.81289599669038	0.24924682464564554	5.778819475690932
1.862591144755618e10	33.354802390202224	0.06961771959479074	1.4384034790080015e-40	4.183898705988378e-42	9.909568313423144	0.2529534714020264	6.0731875352085
1.862706277490433e10	33.354802390202224	0.06961771959479074	1.5957068835769696e-42	4.666901554860075e-44	10.006001497823753	0.2566445716712831	6.368264540981018
1.8629341305342354e10	33.354802390202224	0.06961771959479074	1.755085556186603e-44	5.159636479369949e-46	10.102586828496591	0.26030433630984295	6.664022081673763
1.863385734074544e10	33.354802390202224	0.06961771959479074	1.9271216851975077e-46	5.69184018022087e-48	10.200023575773407	0.26389830838689676	6.960444410407385
1.8642819680538364e10	33.354802390202224	0.06961771959479074	2.141160237998134e-48	6.347562411478519e-50	10.299618052478401	0.26735454667212444	7.257481430114839
1.86606241470156e10	33.354802390202224	0.06961771959479074	2.4711597674919187e-50	7.339977354970916e-52	10.403908239538033	0.27052731669256314	7.555049105154208
1.8696009955559116e10	33.354802390202224	0.06961771959479074	3.119986491733638e-52	9.252761823112393e-54	10.517888246237284	0.2731246531150221	7.85298024520001
1.8766282997788406e10	33.354802390202224	0.06961771959479074	4.7754607760270733e-54	1.4044149461527851e-55	10.651426053508466	0.2745671658073907	8.150925529351651
1.8905296364234512e10	33.354802390202224	0.06961771959479074	1.0867760057712956e-55	3.1271969046847407e-57	10.823884920116463	0.2737227377745234	8.448038862618235
1.917703684702098e10	33.354802390202224	0.06961771959479074	5.475147101651462e-57	1.5016458281631586e-58	11.072324379578994	0.26846518087057036	8.742182082449014
1.9689788256618214e10	33.354802390202224	0.06961771959479074	1.2640674029289371e-57	3.1453340868055425e-59	11.461550920121432	0.2552570854508073	9.027374221817068
2.0571530179555138e10	33.354802390202224	0.06961771959479074	3.804557514614971e-57	7.907266341370816e-59	12.077852794326851	0.23018983092557302	9.289321847201125
2.1886234844100826e10	33.354802390202224	0.06961771959479074	3.778616871355677e-55	5.829382147569368e-57	13.008799983261532	0.1925204058235093	9.51341830817794
2.3525805378372128e10	33.354802390202224	0.06961771959479074	1.7789070589187908e-51	1.7818624670050555e-53	14.321886192441845	0.14884279870542685	9.690291568521758
2.482126738604312e10	33.354802390202224	0.06961771959479074	9.038610074092813e-48	6.017002416010077e-50	15.551449976313144	0.11771188855131068	9.792149221830739
2.6154195144299706e10	33.354802390202224	0.06961771959479074	2.4795822392638218e-43	9.453896446869001e-46	16.990946433958733	0.08659501398978578	9.876764248591298
2.7708534912132515e10	33.354802390202224	0.06961771959479074	1.1593915589168188e-37	1.0775941104245943e-40	18.801241406176736	0.046980345803679845	9.958267899181674
2.9325638085320766e10	33.354802390202224	0.06961771959479074	1.2801321398510129e-31	-2.3061318659830728e-34	20.696319747911026	-0.0004447672633061988	10.029420718794047
3.061666880696798e10	33.354802390202224	0.06961771959479074	7.701159383447905e-27	-2.928175481035681e-29	22.169310649175465	-0.04194746148804016	10.078486041042458
3.102275088817885e10	33.354802390202224	0.06961771959479074	2.8117734492096833e-25	-1.2173836698398053e-27	22.523327092190222	-0.05514870480572435	10.071935850037207
3.1215371653459732e10	33.354802390202224	0.06961771959479074	2.1305775001160352e-24	-9.55539670241271e-27	22.514521133999928	-0.060778344826304655	10.032591863227514
3.140132090558271e10	33.354802390202224	0.06961771959479074	1.8281710799843164e-23	-8.471867673275727e-26	22.43632272495197	-0.06584574418049702	9.979901538230518
3.159025915479129e10	33.354802390202224	0.06961771959479073	1.7892548906135734e-22	-8.589192312739488e-25	22.341869746609042	-0.07080896777626935	9.92299158098699
3.177639777392604e10	33.354802390202344	0.06961771959479007	1.8066240959452254e-21	-8.982770961977303e-24	22.246197564159083	-0.07558988659186874	9.866336686309104
3.1952359749754433e10	33.35480239020353	0.06961771959478402	1.6901096046182182e-20	-8.683766633450661e-23	22.155501231730547	-0.0800517214913701	9.812912348029041
3.2177156630523964e10	33.35480239022623	0.06961771959466405	3.1270768407720845e-19	-1.6727330400921783e-21	22.040546026509595	-0.0857192676067435	9.745485763786853
3.2607438853049065e10	33.35480239744403	0.06961771955367349	9.767520790025934e-17	-5.612521063946699e-19	21.828125814650754	-0.09658376953181233	9.621693681728827
3.3150918311830894e10	33.35481470198836	0.06961764355902936	1.703259290721639e-13	-1.0631737532480547e-15	21.58644808156115	-0.1105822985145393	9.48235771133982
3.3504796546536766e10	33.35636481592731	0.06960756913281907	2.0243652197640546e-11	-1.3286813749139163e-13	21.453919278276807	-0.12039889574691012	9.405112636415513
3.3673072491579163e10	33.36515519098643	0.06954911720587426	9.198044426992436e-11	-6.161746395848824e-13	21.401088947919597	-0.12641132620273707	9.36806602380154
3.3810971643786106e10	33.381489689131826	0.06943889623424297	1.3779616980846858e-10	-9.353584015977612e-13	21.350827698073864	-0.1313066856915169	9.33259358522787
3.3948110262173965e10	33.40164616658522	0.06930126293665033	1.534810049265954e-10	-1.0538686840520556e-12	21.29049299977047	-0.13540973655819835	9.294276118156164
3.408187439326764e10	33.42265959165819	0.06915617925504186	1.6003834608973929e-10	-1.110966309453606e-12	21.228478843179097	-0.13893022469812952	9.256729986587032
3.4215992879628746e10	33.444418010253244	0.06900428794487273	1.6420009723835554e-10	-1.1527009312312542e-12	21.167288311175163	-0.14218676682804973	9.220304615453978
3.4346896304427124e10	33.466117886794756	0.0688510780413817	1.6719171360408831e-10	-1.1872981543741187e-12	21.11009220075207	-0.14520614075833596	9.186546858991145
3.4470091823155716e10	33.48684642436115	0.06870303331943053	1.6918376800919363e-10	-1.215325777321642e-12	21.059241641722714	-0.14799263148343653	9.156748288227833
3.4653948459533806e10	33.51811212475601	0.06847640240155231	1.7063570751904896e-10	-1.2482285898024011e-12	20.989740963544115	-0.15221710714251827	9.11640280463373
3.4963789769290184e10	33.57094923537267	0.06808352614891547	1.7019894149507441e-10	-1.2873195405198954e-12	20.8928131089559	-0.1598494531955549	9.060792436544785
3.51291371507483e10	33.599480918129565	0.06786516631303438	1.7861681221942304e-10	-1.3863525048286209e-12	20.854307022785783	-0.1657116186968828	9.035732807060967
3.523464230605809e10	33.619363366901645	0.06770895313698702	2.0022786763594786e-10	-1.5922611038557158e-12	20.831875660294806	-0.1709905003763086	9.01692394606955
3.533687348722565e10	33.641061059880144	0.06753446122333123	2.2321173762539123e-10	-1.8127171158969865e-12	20.801909034386235	-0.17563336843782754	8.99438573237786
3.543725380070024e10	33.6642690569191	0.06734449373590744	2.378982000605997e-10	-1.9607150533227212e-12	20.764974481293258	-0.17929734400564215	8.969822005642976
3.553341651301016e10	33.68758212957773	0.0671513004201713	2.462857879878547e-10	-2.05105989949744e-12	20.726882925551855	-0.18217029304687268	8.945871972493926
3.5629693554940094e10	33.7115710854779	0.06695066427902348	2.5168839860734326e-10	-2.113388616426423e-12	20.688853389246596	-0.1845799749030502	8.92253337753665
3.572186655612425e10	33.73493716004251	0.06675379579263177	2.550455095853442e-10	-2.155790072948984e-12	20.653779208883783	-0.18654266637295006	8.901292990417081
3.580579255160903e10	33.756420610335375	0.06657169453756939	2.5669289362487323e-10	-2.181969092540047e-12	20.62352315743491	-0.18815739271025358	8.883160532981135
3.592127665773006e10	33.786138632959954	0.06631794858128569	2.5841197475333986e-10	-2.2182999872702255e-12	20.58553964057186	-0.19061623384835982	8.860286039341565
3.601951763486431e10	33.812001050769176	0.0660940393267456	2.7218395871106535e-10	-2.3835378340648822e-12	20.558321972330113	-0.19442240331565466	8.841171571705262
3.6093872930824265e10	33.83324336086841	0.0659056509970862	3.0152318034836154e-10	-2.7083307402108147e-12	20.537337164030454	-0.19873570546461303	8.823567934800527
3.616535199972579e10	33.8560001380645	0.06569879262187044	3.347793757562925e-10	-3.075406385676284e-12	20.509965131712	-0.20273663819502527	8.802341208737042
3.6233875839836914e10	33.87988863614649	0.06547747829004866	3.613558162658357e-10	-3.372340598831937e-12	20.47632451695504	-0.20585396545285492	8.77875430397114
3.6298297792278915e10	33.90382387794434	0.06525287581393416	3.80987202862226e-10	-3.592022423057355e-12	20.4403236027915	-0.20808648200968058	8.75487751191558
3.6361500715533424e10	33.92842783774071	0.06502007820026588	3.973911098724184e-10	-3.771467554450062e-12	20.402960686834923	-0.20968236522864261	8.730693212264029
3.641959915653247e10	33.9519855883543	0.06479593134774528	4.1483907363502073e-10	-3.958535052549467e-12	20.368347549230783	-0.2109939138126968	8.707975596002345
3.6469310177497246e10	33.97325740518503	0.064591993791097	4.451538410852898e-10	-4.294774067048395e-12	20.33955886852872	-0.213072866182321	8.687064520385832
3.651508352382834e10	33.994808278559425	0.06438209724791082	5.016312839521487e-10	-4.936390962469059e-12	20.311125881253396	-0.21637389380267305	8.663929857334457
3.65570128481806e10	34.01735745868463	0.06415773265293667	5.768990218765571e-10	-5.8007813697419326e-12	20.277642038938303	-0.2198767357348054	8.637045355013484
3.659554181420566e10	34.04113222252343	0.06391636661132899	6.59326462485876e-10	-6.75325958269495e-12	20.2372330641031	-0.22290758142252634	8.60645003166545
3.663020037192688e10	34.06557090021493	0.06366384256465632	7.597880953345354e-10	-7.926484803187336e-12	20.19330329750617	-0.2259840857780633	8.573125368781989
3.665276087790456e10	34.083983852241175	0.06346982464628616	8.881538061486018e-10	-9.468201916355383e-12	20.16182447428603	-0.22970869297811156	8.546067685056007
3.66682606772925e10	34.098999228004736	0.06330772060852365	1.0718089260944773e-9	-1.1737171365349821e-11	20.138209907611646	-0.23443043516223752	8.52184354609951
3.667825675993213e10	34.11077836285105	0.06317692139509926	1.311281973161589e-9	-1.4781878303841667e-11	20.121661710594573	-0.23969502657883632	8.500969794439108
3.668662139191359e10	34.12322534034459	0.06303400699657995	1.7132765699834474e-9	-2.0053809118488527e-11	20.105753537573754	-0.24678558741348364	8.47682691127128
3.669343192812949e10	34.13696762815877	0.06286940776185505	2.415378043346855e-9	-2.9613891611194907e-11	20.088587550131003	-0.2559225026065032	8.447773101713478
3.669879391200242e10	34.15287436340862	0.06266889722965523	3.713404469302882e-9	-4.810961323000601e-11	20.067474710386286	-0.2673858185633212	8.411619321116179
3.6702425315587906e10	34.16976479074237	0.06244368293503685	5.937472423320196e-9	-8.142206485201369e-11	20.04286250086492	-0.27990288402857477	8.371181316037754
3.670515867394715e10	34.191355464341726	0.06213715399800039	1.0827170550004744e-8	-1.5892851851141452e-10	20.008548610750644	-0.29586304098257266	8.31762808372923
3.670665024209965e10	34.2127925075789	0.06181240187015744	1.9643020160125903e-8	-3.0673347630575646e-10	19.9727046547304	-0.31133703256930645	8.263362885178053
3.670761391336441e10	34.23962694621984	0.061378037261145484	4.133531704766199e-8	-6.923922672525908e-10	19.92690103874046	-0.33001998442544805	8.19481927196433
3.670804145090639e10	34.26396352330627	0.06095832437365514	8.155006561170157e-8	-1.446144409989235e-9	19.885804210424034	-0.3461311596335158	8.132595449990967
3.670827591856596e10	34.29143889797713	0.060456595414463535	1.7736039748651238e-7	-3.3301709521056207e-9	19.841039790857543	-0.3631498677258299	8.062714259792093
3.670837698102004e10	34.31660591600191	0.0599728187938508	3.6625845842760205e-7	-7.198601730284811e-9	19.80232295308017	-0.3774138761441749	7.9992947200739275
3.670842291795092e10	34.33982413045406	0.05950790428429276	7.274456179327186e-7	-1.4823760414367906e-8	19.769351006075944	-0.3891358954665428	7.941494547613355
3.6708443991951744e10	34.36040322378109	0.059082644238190034	1.357282464895395e-6	-2.8419011053148497e-8	19.742758737850956	-0.3981807728503899	7.8909729883509225
3.670845504276544e10	34.380546140118874	0.058656010092521554	2.5334485961746873e-6	-5.424219479750815e-8	19.719284782559306	-0.40573613841146844	7.842249032512339
3.6708462189286064e10	34.407342530504536	0.05807502428086781	5.9023887752336795e-6	-1.2946406606407754e-7	19.691684816759768	-0.4139204125684913	7.7785618971714054
3.6708465426358826e10	34.43683976741946	0.05742094776328616	1.5169606977942216e-5	-3.397435477279973e-7	19.66527820983041	-0.4208087166965085	7.7098038517875915
3.670846667963315e10	34.46627261577302	0.05675615717197499	3.921097077578147e-5	-8.925726736509498e-7	19.642127088535098	-0.4259014599413813	7.642353440773721
3.670846715416118e10	34.49476875253968	0.056103268571059635	9.874047512426717e-5	-2.275949201465052e-6	19.621983164328675	-0.4295178666054181	7.577911334994737
3.6708467345251366e10	34.523976286886004	0.05542641702791942	0.0002549092553189665	-5.936876499578151e-6	19.6030252093369	-0.4322022868807007	7.512530857166068
3.670846741937778e10	34.55325232287062	0.054741556168629794	0.0006591034213462482	-1.548265352711136e-5	19.585203521705957	-0.4341095674238599	7.44750303235608
3.670846744827402e10	34.58283783424135	0.05404397243043798	0.001712706459775686	-4.052645855680301e-5	19.56784418810137	-0.43543834787725066	7.382148233515258
3.670846745966939e10	34.61339645462143	0.053318490972829785	0.004521314078629399	-0.0001076775307340682	19.549795268222717	-0.43632762334849556	7.314859451385408
3.670846746427892e10	34.64673915711898	0.05252192644703887	0.012457211989934637	-0.0002984955801256332	19.528241654108093	-0.4368412878807719	7.241430596073821
3.6708467466203514e10	34.68640726093994	0.05156833570829733	0.036321342050047965	-0.0008758255412766764	19.495705645709315	-0.436880648441492	7.153483565652346
3.670846746706117e10	34.73874578334187	0.050301633124733444	0.10514266163947215	-0.0025536221767653907	19.433484645863338	-0.43604812913840435	7.035392114693757
3.670846746748327e10	34.80807411326718	0.04861051452146588	0.2532405259987395	-0.006203520550765383	19.320320987748268	-0.43391544939515375	6.875435657882081
3.670846746775636e10	34.909176135711036	0.046118763823848816	0.528145325376147	-0.01309593549192844	19.12276949811551	-0.4299803479035809	6.638329471736046
3.670846746796431e10	35.06172472770697	0.042300463215118995	0.994334688617556	-0.025126373509624857	18.79646732448382	-0.4236826477413966	6.277181862495022
3.670846746812093e10	35.264184405760346	0.037117529236492926	1.651799979938781	-0.042828665258028246	18.346616519607302	-0.41521367703905754	5.7951193248153885
3.670846746823196e10	35.48725646002892	0.03126916151218859	2.431138731747517	-0.06425698036580732	17.872752783244188	-0.40345208534491006	5.258214211230923
3.6708467468321495e10	35.747893767071275	0.024339861678355477	3.47609269998462	-0.09308717474775874	17.38798982553582	-0.39185295659132136	4.612696877818777
3.6708467468393875e10	36.043133895529316	0.01632259526076308	4.7559619989218085	-0.13126488303254438	16.847828363871237	-0.3864924375470922	3.861539339334352
3.670846746843864e10	36.27849157579938	0.009730203883842336	5.78821309708979	-0.16450444825045332	16.397803498438215	-0.3835752361387027	3.2550950128119487
3.670846746846609e10	36.44722684161423	0.004891238622019014	6.516308204747771	-0.18830652312012824	16.059341592206614	-0.37960143884531533	2.818202695823364
3.670846746848671e10	36.58761315231757	0.0008215203908357788	7.0977998800205935	-0.20600440390627414	15.760051051291306	-0.372864993219598	2.4539509605327416
3.670846746850517e10	36.723547578373854	-0.0031104997512171394	7.620552813592546	-0.21914143842503545	15.446248883806767	-0.3618366352573632	2.100828717581059
3.670846746852227e10	36.8577821622004	-0.006929426497655107	8.07729761909225	-0.22679378314222357	15.105521242617762	-0.34626544608480436	1.7516954271270466
3.670846746853812e10	36.98881895811966	-0.01054738753013461	8.445974876175017	-0.2289138263099631	14.737973808979952	-0.3273083664149982	1.4101135324927427
3.670846746855301e10	37.11691882522404	-0.013949566902820312	8.711650163605562	-0.2265339133277008	14.342575564260677	-0.30645258693903743	1.0746428605736813
3.670846746856731e10	37.24238401356868	-0.017144158228268945	8.853842472675522	-0.22073976462382353	13.919668380598502	-0.28505335116021374	0.7430973235260576
3.6708467468581764e10	37.370462101405295	-0.020272905526417286	8.838115977237994	-0.2116792664709083	13.449537064814002	-0.26316276775116754	0.3989054990657628
3.6708467468597e10	37.50374010444835	-0.023406936306047673	8.610336365958815	-0.19900871770652798	12.912790867439561	-0.24093543075450496	0.030166812890800587
3.6708467468612946e10	37.63786865490345	-0.026461903618963466	8.188670810031722	-0.18403099982292664	12.313803546076123	-0.21957833830420498	-0.35580151143500716
3.670846746863002e10	37.773128621249576	-0.02946931914252035	7.679998622224476	-0.16915948992002725	11.645670335135982	-0.19957630129825196	-0.7555714120131078
3.6708467468647026e10	37.899722225968404	-0.03223966453181818	7.232454806589031	-0.15741523973693655	10.976654821636295	-0.18269423921273115	-1.1146371777601745
3.670846746866685e10	38.038929402538834	-0.035258048842142065	6.829548157535309	-0.14765963786095285	10.245686131621689	-0.16662023620665153	-1.4309161861712851
3.670846746868832e10	38.181956915948646	-0.03834468308153095	6.514445313332392	-0.14031635346107446	9.597693530235837	-0.15338259681990993	-1.609053634717375
3.670846746870716e10	38.302641352993305	-0.040936716450703035	6.311242402559418	-0.1350202219464581	9.196118696174132	-0.14498012484239686	-1.6596103943243432
3.670846746872738e10	38.428622992740195	-0.04361292805659249	6.154448569087937	-0.12958401300685068	8.93176280431286	-0.13857078217612134	-1.6644929835319595
3.67084674687518e10	38.57744909349216	-0.046698933399987964	6.047944609157111	-0.1231575348743439	8.792350910664972	-0.13327813448030176	-1.6524209745115737
3.670846746878229e10	38.76141858328471	-0.050335849090421436	6.044349374468621	-0.11549378004755516	8.803795189486642	-0.12865581110317278	-1.6423630516600563
3.670846746882189e10	39.003993179612394	-0.05471768730008552	6.245842534293589	-0.10581634429193437	9.003032779049342	-0.12335810764633268	-1.6511029522250307
3.6708467468854904e10	39.2151559419143	-0.05806983448393288	6.5696839861717615	-0.09712959973075799	9.264654319563967	-0.11813301537201584	-1.6742789538767304
3.6708467468877174e10	39.36440098518546	-0.060160116358588964	6.843969345729912	-0.09054304083186752	9.464294132446334	-0.11389445065004286	-1.6947911188248517
3.670846746889393e10	39.48085625162941	-0.06163068623147424	7.061690724787214	-0.08492368170300005	9.612930991086309	-0.11001934817831097	-1.7110911571879048
3.6708467468910164e10	39.597259156570814	-0.06296008397327447	7.273355667648717	-0.07863948500244262	9.751716011327211	-0.10533904871270258	-1.7265987455726133
3.6708467468928345e10	39.731750779930074	-0.06431836071975283	7.511428853249233	-0.07047172921853885	9.90477404610565	-0.09888702595822804	-1.7431593094507278
3.6708467468950714e10	39.903216568675816	-0.0657685093274699	7.814398373601361	-0.058841048272328327	10.099564974619376	-0.08938717958958772	-1.7626080744437618
3.6708467468979675e10	40.13542810952275	-0.06722576021169045	8.23929520056089	-0.0414333009961245	10.37573609631162	-0.07505537412732768	-1.7875320835736734
3.670846746900075e10	40.31268239181817	-0.06795210652568677	8.576428121265453	-0.02729095926086653	10.595166736280454	-0.06364077976377577	-1.8061291210254127
3.6708467469014824e10	40.43511790910354	-0.06826739220161332	8.80817955281596	-0.0174526582008276	10.742838184942777	-0.056020557457466404	-1.8185993829892642
3.670846746902572e10	40.53205314283045	-0.06841580506352607	8.983418459225588	-0.009784236027092134	10.850423839753297	-0.05023135164041096	-1.8279461612387955
3.670846746903647e10	40.629410389657906	-0.06848020552752924	9.147070579096265	-0.00221185191820222	10.946472210042124	-0.04451379933758646	-1.8365885759616176
3.670846746904789e10	40.734766461430404	-0.06845987044188709	9.306710847813207	0.005739215661715566	11.034810739350668	-0.03849481271300873	-1.8448823848761982
3.670846746905758e10	40.82559513608936	-0.06837245708556404	9.42666502805627	0.012242214679084179	11.095852736904796	-0.0335859059256046	-1.8510179669416353
3.670846746906694e10	40.914517561646775	-0.06822929650937502	9.525372433494786	0.01821988686240472	11.140229826752865	-0.02901918695335007	-1.8560071949072499
3.6708467469076164e10	41.00279454898421	-0.06803526318730331	9.603600923655357	0.02378106678629165	11.168883867790079	-0.02461357260276645	-1.8598927891389738
3.670846746908566e10	41.09437670976902	-0.06778326581112147	9.664268166789402	0.029193441529590584	11.183622997506383	-0.020086315809683595	-1.8627894184096074
3.670846746909691e10	41.20346389340887	-0.06742036926080912	9.7116156640878	0.03520662449601847	11.184242526403786	-0.01470837113907578	-1.8648214610153704
3.670846746911165e10	41.34691402654817	-0.06684697253736616	9.73852782665907	0.04244347885624682	11.16305371291211	-0.007686315801530317	-1.8654638313043057
3.670846746913208e10	41.54563301543236	-0.06588804198533853	9.723125692794266	0.05128994528623661	11.104447125089145	0.001812285152026551	-1.8634103840978768
3.670846746915944e10	41.81052893734176	-0.06434542357997632	9.633829427599307	0.06112797604963762	10.993700834740004	0.013791979511586974	-1.8571012628759325
3.6708467469193375e10	42.134560101388445	-0.06210426477279423	9.454907684819126	0.07047791834264576	10.832072934772363	0.02708127285666603	-1.84614178566439
3.67084674692342e10	42.515330634086126	-0.059055181302976115	9.186888153958098	0.07830032488603088	10.627638337027953	0.040613586301958236	-1.8308811737783564
3.670846746928293e10	42.95445231926075	-0.055088328333030054	8.836271606642141	0.08398800723023178	10.38809833672466	0.05355182677112407	-1.8116847449382867
3.670846746934016e10	43.44796974018161	-0.05017528224609624	8.41611271858643	0.08727896877790885	10.122000428820435	0.06516133518485809	-1.788949795339198
3.67084674694054e10	43.981684297413466	-0.044434380356281396	7.947123348901712	0.0883487792312876	9.839806556481484	0.07495998412382737	-1.7632192749637563
3.670846746947742e10	44.53586429900141	-0.03808838234818557	7.452176451264368	0.08771675615158567	9.551897338360881	0.08288124801539988	-1.7350693291730137
3.670846746955412e10	45.088267746618826	-0.031421274138060964	6.953894534434612	0.08596279936935759	9.268675348387355	0.08912163172405138	-1.7052050048112783
3.6708467469634766e10	45.62897164218438	-0.024585967351334722	6.462337717682824	0.083492369090116	8.994218952293444	0.0940550587436845	-1.673823668442865
3.670846746971961e10	46.156592440049614	-0.0176259813353422	5.979033960990695	0.08049836598496755	8.728706498831947	0.09801128051203635	-1.6407156474913285
3.6708467469809e10	46.669581472367426	-0.010582464675961153	5.505268952088205	0.07706614976525997	8.472745749222703	0.10120131182440395	-1.6056845367607164
3.6708467469903366e10	47.16700369318022	-0.003488489471740705	5.041565202578932	0.07323212980072993	8.226825046272076	0.10377075696938298	-1.5684732323268082
3.6708467470003365e10	47.64818767658696	0.0036251877257545014	4.588056431198378	0.06901754720643392	7.991415163764579	0.10582807348475437	-1.528752638231041
3.670846747010982e10	48.11263924738996	0.010729069509229416	4.144563974884578	0.06444228842782176	7.766990274474189	0.10746358722181368	-1.4860905240835263
3.6708467470223755e10	48.55984763913117	0.01779269299119098	3.7107390202933512	0.059529610003480574	7.554133531477056	0.10876059161319737	-1.439920017263128
3.670846747034659e10	48.98917879276264	0.024783599874581574	3.2860898296649963	0.05430548083800327	7.353623417650262	0.10980305580515817	-1.3894831224510087
3.670846747048013e10	49.399714283384995	0.03166520400340781	2.8700151299325545	0.04879640463314567	7.166573805219777	0.11068222741309272	-1.33374498163227
3.670846747062677e10	49.79003285633681	0.03839329970998484	2.4618207507080125	0.04302676964229056	6.994644686934215	0.11150496664669843	-1.2712523377788592
3.67084674707897e10	50.1578008493684	0.0449087032076767	2.060808113217218	0.037017315388402416	6.840419043868486	0.11240713076254463	-1.199904724649311
3.670846747097317e10	50.49886482028916	0.05111983591469627	1.6667237151598087	0.030789397605809225	6.708131551248677	0.11357698458117652	-1.1166263980639457
3.670846747118075e10	50.803992779815026	0.05683808039470783	1.283141233065011	0.02441943477280413	6.605357365229658	0.11528257121983024	-1.0176198185358454
3.670846747140898e10	51.054840384560556	0.06168525469738194	0.9251748697320905	0.018183131589249547	6.54362318826319	0.11783616014652912	-0.9011382127816234
3.670846747164873e10	51.23765877048386	0.06533716170413027	0.6094291141188939	0.012406603286502907	6.531190766908914	0.12152595545863445	-0.7675216525678772
3.670846747190501e10	51.35723237121308	0.06781592493379887	0.33488261069551906	0.007100146758074064	6.5726491798849125	0.1268549835546711	-0.6092398467594181
3.6708467472199135e10	51.42085327908525	0.06919229100225537	0.11875455477702121	0.002640249286133137	6.6812913897352715	0.13450673410903682	-0.4121497824592528
3.670846747261226e10	51.44287419548245	0.06969113105135297	0.017578098766529025	0.0004093446001634838	6.890218933997836	0.1446096040572216	-0.15856947119903098
3.67084674733778e10	51.447060114362564	0.06978987107388539	0.0011242435208696454	2.7103216546396782e-5	7.188685901404291	0.15571113131786177	0.1461779089518549
3.670846747481028e10	51.44749119223305	0.06980034621815605	4.743173234539039e-5	1.1706943612190455e-6	7.468395691717923	0.16522829629007665	0.44846535500676993
3.670846747744734e10	51.44752221529165	0.06980111609968606	1.59477051255462e-6	4.0048960262353385e-8	7.697473734497443	0.17292637023729954	0.7354644028409055
3.67084674822644e10	51.44752404556915	0.0698011622540084	4.728247530167086e-8	1.2038570676611923e-9	7.886174822041063	0.17932030275706481	1.0108833863831928
3.670846749139396e10	51.44752414241541	0.06980116472828027	1.1572571003336891e-9	2.981799202002726e-11	8.052435922017516	0.18501552934178592	1.2874217782466508
3.670846750872494e10	51.447524146735894	0.06980116483993078	2.4762435013512047e-11	6.448139569094798e-13	8.202281631968994	0.19019987139824637	1.5648314116433124
3.670846754182302e10	51.44752414690675	0.0698011648443917	4.74354651970116e-13	1.2471598365052875e-14	8.340518096588234	0.19502533799164126	1.8439303971264105
3.6708467605292015e10	51.44752414691288	0.06980116484455288	8.315478028999725e-15	2.205832362133711e-16	8.47013575756123	0.19958704532594898	2.1247684405802776
3.6708467727418755e10	51.447524146913075	0.06980116484455827	1.3565753090689286e-16	3.628722550112496e-18	8.593163761925815	0.20395017992838463	2.4072341486406437
3.670846796301171e10	51.447524146913075	0.06980116484455841	2.0888609044598026e-18	5.631839020332578e-20	8.710996074224546	0.2081598025147359	2.6910821659302315
3.670846841873774e10	51.447524146913075	0.06980116484455841	3.062825394629215e-20	8.320255553385546e-22	8.824703812088366	0.21225099740573886	2.9762246713227385
3.670846930215169e10	51.447524146913075	0.06980116484455841	4.311506342601399e-22	1.1797398788310578e-23	8.935050413483374	0.21624886020077286	3.2624844910357385
3.670847101827064e10	51.447524146913075	0.06980116484455841	5.859171645432526e-24	1.6144553224987324e-25	9.042642183805846	0.22017354180496676	3.549770536621362
3.670847435842682e10	51.447524146913075	0.06980116484455841	7.721955792220087e-26	2.1421773776284696e-27	9.147946864540849	0.22404068911600242	3.837993247335888
3.67084808717039e10	51.447524146913075	0.06980116484455841	9.903364916664091e-28	2.7654619478072085e-29	9.251341496414263	0.22786301003925039	4.127094847219987
3.670849359897818e10	51.447524146913075	0.06980116484455841	1.2382185667461807e-29	3.4799113641600635e-31	9.35315135427701	0.2316515663503578	4.417089000898503
3.670851850882943e10	51.447524146913075	0.06980116484455841	1.5139092922385674e-31	4.2814738149366724e-33	9.453606593925748	0.2354139973240981	4.7078835938255645
3.670856734623438e10	51.447524146913075	0.06980116484455841	1.8132925462784084e-33	5.159724538262769e-35	9.552918522528934	0.2391571288837178	4.999453415626866
3.67086632755224e10	51.447524146913075	0.06980116484455841	2.1295831739972055e-35	6.096285733903957e-37	9.651284436425591	0.2428868201516521	5.291820475998903
3.670885199499688e10	51.447524146913075	0.06980116484455841	2.4575720255570157e-37	7.076791602897182e-39	9.74885705517918	0.24660615240866682	5.5849223060787905
3.670922387139057e10	51.447524146913075	0.06980116484455841	2.7907006797046348e-39	8.082515593403972e-41	9.845809970696259	0.25031665649262347	5.878751163978556
3.670995788972531e10	51.447524146913075	0.06980116484455841	3.123431348529254e-41	9.097040847067675e-43	9.942351268156393	0.2540163922545091	6.173308003722843
3.6711409047272705e10	51.447524146913075	0.06980116484455841	3.4550596660251106e-43	1.0117252634556411e-44	10.038769536252325	0.25769685307712065	6.468579964514729
3.671428180570662e10	51.447524146913075	0.06980116484455841	3.797971632825025e-45	1.1177458977006737e-46	10.135522851314057	0.2613367417362277	6.764499953130295
3.671997740689039e10	51.447524146913075	0.06980116484455841	4.1828635276824587e-47	1.2364527248610822e-48	10.2334799455571	0.264892013831156	7.0610728664931255
3.673128361508308e10	51.447524146913075	0.06980116484455841	4.693816096912563e-49	1.391988621410683e-50	10.334273059650947	0.2682711887581314	7.3582422314850495
3.6753746342196144e10	51.447524146913075	0.06980116484455841	5.547160573761915e-51	1.6466953545215616e-52	10.44108701128264	0.2712896701229819	7.655895581636489
3.679838378631189e10	51.447524146913075	0.06980116484455841	7.367639380437678e-53	2.1797504229338785e-54	10.560214898421044	0.273579135065809	7.9538384967119224
3.688694480109522e10	51.447524146913075	0.06980116484455841	1.252343698072646e-54	3.6611070738055533e-56	10.704055773988195	0.27441112340364393	8.251583058096047
3.7061641229360695e10	51.447524146913075	0.06980116484455841	3.520783189316589e-56	1.0000468973506534e-57	10.896826200987313	0.27237604606561394	8.54798842575636
3.7400350264414276e10	51.447524146913075	0.06980116484455841	2.6825947903463926e-57	7.165389359942356e-59	11.183971723963943	0.26489602775545396	8.840032529532973
3.8024724608694305e10	51.447524146913075	0.06980116484455841	1.3045290542258682e-57	3.086414559827492e-59	11.639973328077453	0.2480441232218004	9.11934073891947
3.904830501462874e10	51.447524146913075	0.06980116484455841	1.1632564276813807e-56	2.2185634969104384e-58	12.350656904972972	0.21860908248508273	9.369185704930741
4.05193550843926e10	51.447524146913075	0.06980116484455841	4.749590866619216e-54	6.385647348280005e-56	13.423396599810168	0.17711159266452695	9.581026141096666
4.207298444419331e10	51.447524146913075	0.06980116484455841	3.1491941592798737e-50	2.7455771836034996e-52	14.740805016414448	0.13718925756425718	9.729530623642288
4.332770562321183e10	51.447524146913075	0.06980116484455841	2.0119253139863693e-46	1.144451158726317e-48	15.99101172373512	0.10765751432861828	9.820808006693639
4.4736387330203926e10	51.447524146913075	0.06980116484455841	1.4930841814650686e-41	4.240633149376795e-44	17.562471524498996	0.07421625342084917	9.90460302832371
4.6317950270000244e10	51.447524146913075	0.06980116484455841	1.070457559081454e-35	3.868508763001647e-41	19.42149820230069	0.031954213639228145	9.98270001367965
4.798400210599651e10	51.447524146913075	0.06980116484455841	1.7415816523287732e-29	-4.7433177933564076e-32	21.357311312327433	-0.01888813988898461	10.05213695724593
4.887075916915946e10	51.447524146913075	0.06980116484455841	3.310716461862519e-26	-1.343547965187246e-28	22.35171389642236	-0.04788534044203272	10.082607001046677
4.917662049677284e10	51.447524146913075	0.06980116484455841	5.694300525358608e-25	-2.5062669549824652e-27	22.534961625013217	-0.05756718360311273	10.060669774842765
4.936271070589641e10	51.447524146913075	0.06980116484455841	4.382577061052946e-24	-1.9916432197104504e-26	22.491307351956245	-0.06284389400006887	10.015319749936648
4.954727545097926e10	51.447524146913075	0.06980116484455841	3.8457226103986215e-23	-1.8067576304385523e-25	22.405806407442164	-0.06779811416607898	9.961281436323707
4.973511997790713e10	51.447524146913075	0.0698011648445583	3.8021188677921336e-22	-1.8503434677437738e-24	22.310506522337654	-0.0726881734330059	9.904370262640866
4.992166840968225e10	51.44752414691337	0.06980116484455687	3.931819989642976e-21	-1.9817628985183893e-23	22.214403883127922	-0.07745223809101534	9.847584826305589
5.010239468741507e10	51.44752414691617	0.06980116484454253	3.973121167341422e-20	-2.0703438103162897e-22	22.12138232297881	-0.08202073571796667	9.792868819322251
5.037088764873086e10	51.447524147014505	0.06980116484401169	1.3345395665543269e-18	-7.28892677908284e-21	21.9850034395104	-0.08878206785440548	9.71301568437061
5.086361664804271e10	51.4475242220513	0.06980116440526614	1.0241054471413497e-15	-6.0562750626669275e-18	21.747448823819106	-0.10126441641382486	9.574979749417341
5.138988453642758e10	51.44762980300855	0.06980049625401852	1.4606723221711853e-12	-9.33965250517595e-15	21.525106483916694	-0.11498434017543471	9.447224045704422
5.165409058732057e10	51.45106356794236	0.06977794042327187	4.193710112592011e-11	-2.780240544133005e-13	21.432904840823404	-0.12288021018285925	9.391229834442104
5.1801099593090195e10	51.462405482606506	0.06970200500616432	1.1146908700183784e-10	-7.512472074166725e-13	21.386286427385677	-0.1283419442691833	9.357181225428572
5.193827673150297e10	51.48038446060664	0.06958003164590336	1.4467219090270147e-10	-9.87159012500964e-13	21.332398673123727	-0.13296184967583138	9.320558622290447
5.2074200091637405e10	51.50093581233225	0.06943899937343802	1.5602479917386655e-10	-1.0766050169295164e-12	21.270881104731963	-0.13683829363195923	9.282289760003039
5.2213155410645935e10	51.52304183758685	0.06928558992262332	1.6167483908147629e-10	-1.1283468025232198e-12	21.20651298785365	-0.14038361673588315	9.243610924307735
5.234157392961711e10	51.544044942716184	0.06913821036177632	1.652543854322219e-10	-1.1659421333045484e-12	21.148645408496385	-0.14343743893985547	9.209276110336072
5.2467852102056305e10	51.56508736231269	0.06898891134801277	1.6788085469644235e-10	-1.1979272036964837e-12	21.094362166576595	-0.14631981197413327	9.177307520019738
5.260192362329492e10	51.587730723312355	0.06882631421481379	1.6973352187072108e-10	-1.2266382874482462e-12	21.040243275449747	-0.14935491401689663	9.145675300271163
5.282877560064036e10	51.626396792454834	0.06854369327710882	1.7074596177603487e-10	-1.2625117354312237e-12	20.95844611547475	-0.15463538343751979	9.098396563908056
5.3113732824442764e10	51.674970925503914	0.06817888953671128	1.710836215805836e-10	-1.306883744305512e-12	20.875965720266926	-0.16207698726746458	9.050739398180697
5.3248730283613815e10	51.69872037855555	0.06799533541675525	1.8455678891972396e-10	-1.445670397466478e-12	20.84711577263827	-0.16772162645348296	9.029820414885242
5.335240463466994e10	51.71905351281094	0.06783407669330405	2.085266784852906e-10	-1.6730754783997135e-12	20.82298249442099	-0.1729043748827125	9.009832301408542
5.345293335233074e10	51.74110571916143	0.06765536490581556	2.288184478106282e-10	-1.8704634595656665e-12	20.790565658574657	-0.17716451482918585	8.986610020333679
5.355256549337048e10	51.76457025919214	0.06746221023805611	2.411233902675371e-10	-1.9971025621581796e-12	20.752558186434705	-0.18055951108218662	8.961920068565387
5.365245319370916e10	51.78905379693924	0.0672583723924888	2.485185842852078e-10	-2.078818536748903e-12	20.7128041148246	-0.18336226256543306	8.937189492937456
5.374338458350453e10	51.81186701068315	0.06706682676806607	2.5295677136467493e-10	-2.1313579493575137e-12	20.677247157865317	-0.18550792631359195	8.915480506615454
5.383197246480458e10	51.83440860131148	0.06687630364602115	2.557057823661122e-10	-2.167729946127603e-12	20.64405669294431	-0.18731525692242626	8.895449350198781
5.3920300347159996e10	51.85706113476508	0.06668369550326712	2.570015286913599e-10	-2.1919283553869832e-12	20.612898713597453	-0.18900496233701977	8.876826837623865
5.404544776372129e10	51.88937128347163	0.06640653330908504	2.612070810473559e-10	-2.258312712676859e-12	20.573714926888307	-0.19211349230027494	8.852617023435345
5.41283986800934e10	51.91168174991161	0.0662116990958866	2.8045499787125673e-10	-2.4787820566796115e-12	20.551702984234147	-0.19606819234935643	8.835678928115573
5.420184511126478e10	51.933429089011824	0.06601695479127388	3.13052033806874e-10	-2.83830991731019e-12	20.529002182281125	-0.2004127749981118	8.816824110999573
5.427180022318436e10	51.95645361653988	0.06580595208683095	3.4433763058593857e-10	-3.1852535104394818e-12	20.4994879811807	-0.20410757935816917	8.794791077547659
5.433982220979299e10	51.98073730331325	0.0655796371474283	3.686415248563739e-10	-3.4577193101192546e-12	20.464242697758642	-0.2069477843749122	8.77063827658164
5.440520138310641e10	52.00546370586515	0.06534658626905669	3.8715732842529465e-10	-3.664150901046052e-12	20.426739832543582	-0.20898175878544414	8.74605392213514
5.446454910241452e10	52.028892173355715	0.06512421491599524	4.024597324279572e-10	-3.8297674268126365e-12	20.391372771005003	-0.21033884827354668	8.72319829240927
5.451993577901477e10	52.051673047290805	0.06490683265037515	4.2232425238308274e-10	-4.044479104537028e-12	20.358629086752025	-0.2117657316299327	8.701247337118991
5.45686086216e10	52.07304555391326	0.06470086189159488	4.609093640254725e-10	-4.477382982990191e-12	20.33038815454686	-0.21431548945952653	8.679761256853851
5.461310631566758e10	52.09488582309932	0.06448646347690405	5.25293143163937e-10	-5.212546525421393e-12	20.300761971182602	-0.21780866192478812	8.655445102174275
5.465421588385036e10	52.118057862024145	0.0642540211230271	6.044068629688123e-10	-6.124247366950641e-12	20.264592615260746	-0.22121313890796965	8.626996221490861
5.469159853107748e10	52.142189233095046	0.0640072897563157	6.89630877585434e-10	-7.111661873104594e-12	20.22226120883662	-0.22410866940095373	8.595314940133617
5.472196180456961e10	52.16456013659266	0.0637745818333204	7.954911430823479e-10	-8.358738260427374e-12	20.18233618086331	-0.2272895123212075	8.564176498578975
5.4743063914512856e10	52.18277060122212	0.06358100398490145	9.504889255326824e-10	-1.02404564929721e-11	20.152006991573536	-0.2316275864080767	8.536569142734276
5.47554370005436e10	52.19556292273357	0.06344147996110723	1.1381224843703162e-9	-1.258311288362421e-11	20.13261398803335	-0.23622208365543865	8.515241153289866
5.476488739566179e10	52.207503162762414	0.0633074301695325	1.4209354365282547e-9	-1.6216488190366534e-11	20.11642522162456	-0.2420587889488515	8.493448154672441
5.477274276207934e10	52.22032283317286	0.06315818075678059	1.9029500619198434e-9	-2.2616569316306414e-11	20.100325681798815	-0.24981705648852467	8.467836437732368
5.477896860751956e10	52.23441909762528	0.06298655737647929	2.738244061415449e-9	-3.4156117340908094e-11	20.082504024033348	-0.259505297027349	8.4372733152362
5.478383149360334e10	52.25095599125282	0.0627742638375518	4.307453486473531e-9	-5.6881360171189595e-11	20.059914960001244	-0.2715800760685049	8.398976520524808
5.478716438714091e10	52.26928232587273	0.06252471439347246	7.173544996897911e-9	-1.0063664451381525e-10	20.03234300237225	-0.2851879085558547	8.354502499323829
5.478941075482831e10	52.290660782509136	0.06221460372997245	1.3001520397119088e-8	-1.947517505493714e-10	19.99766227029395	-0.300898076378156	8.301043665008741
5.479074359665889e10	52.31429492325942	0.06184843779842166	2.5053156012639468e-8	-4.008984438884264e-10	19.957746238581514	-0.3177735815152806	8.240977950432855
5.479149414824643e10	52.34086857061455	0.06140836694565247	5.238299212459046e-8	-8.962966298804335e-10	19.91238265302409	-0.3359915682834188	8.17302028562578
5.479184046146818e10	52.36618416814553	0.06096240148075923	1.0651709841417887e-7	-1.929269049692312e-9	19.870066597711208	-0.35239142311582433	8.108375818181816
5.479201869969146e10	52.39343538601012	0.06045490487730964	2.3116835584701263e-7	-4.419917007282454e-9	19.82642604384197	-0.3687971034405867	8.039263685924732
5.479209329762952e10	52.41731420839052	0.05998857946685927	4.6262943212519863e-7	-9.217125140569996e-9	19.79060234994811	-0.3818343824320409	7.9793246384639565
5.479212978752899e10	52.44073532775773	0.059513602352136395	9.301658933899418e-7	-1.918018429749161e-8	19.758390437565232	-0.39310900130027215	7.921301844264521
5.47921452479814e10	52.45965119903129	0.05911882592770932	1.6580324792771907e-6	-3.499903848154135e-8	19.734800448504735	-0.40097517900450874	7.875103709384617
5.4792154935504906e10	52.4819017779636	0.058643514842051714	3.318728216246828e-6	-7.168621576736902e-8	19.70986820437961	-0.40878988848353126	7.821589613195571
5.4792160583705376e10	52.51031632098898	0.058022159400483976	8.174708725070962e-6	-1.8078509343600304e-7	19.681956672603953	-0.4167131467516032	7.754518306813856
5.479216291834014e10	52.5398235275309	0.0573630923777076	2.1074171804807267e-5	-4.7501002752008427e-7	19.65671979157512	-0.4228856689527121	7.686179996896807
5.479216381875651e10	52.56919030660396	0.056696052922358305	5.441333197059417e-5	-1.2447343580926561e-6	19.63446572092139	-0.42736918988626027	7.6192370947517425
5.4792164165035324e10	52.59828341248621	0.056026522485309566	0.00013965395081875744	-3.231802842272401e-6	19.61448034533388	-0.4305295171840732	7.5537375339199775
5.479216430042376e10	52.62756019641664	0.05534574730191424	0.00036064857640827054	-8.423623329444378e-6	19.595820188688016	-0.4326903715750728	7.488455657124903
5.479216435307705e10	52.65699989733388	0.05465547233337425	0.0009332841513029543	-2.1960896488526182e-5	19.577958473366756	-0.4340144646630315	7.423294318055841
5.479216437372507e10	52.68700235511827	0.05394731067150427	0.0024350418692956452	-5.7637493201521186e-5	19.56002041513492	-0.4345832785578837	7.357252315320201
5.4792164381945526e10	52.71851556578359	0.05319960076106875	0.0064929291515533625	-0.0001543821542800806	19.540356478789683	-0.43433314331064243	7.28812780508264
5.4792164385317764e10	52.75384549833319	0.05235815546709451	0.018128139149763696	-0.000432318977498265	19.514848985312746	-0.4329318622009021	7.210640813728068
5.479216438675903e10	52.79717088823573	0.05132422143770471	0.052410202497419	-0.001251070771522586	19.473065833964917	-0.42961077788874336	7.114926849009377
5.479216438743627e10	52.85562121272716	0.049929670533772195	0.1433413272778264	-0.0034174085600791057	19.392660372692752	-0.423357768217302	6.983459117050905
5.479216438780111e10	52.93525986391722	0.04803308156378524	0.32629225961623676	-0.007763403505827187	19.250934424016215	-0.4141257237753772	6.800571253865403
5.4792164388052414e10	53.05270239773565	0.04524008949934866	0.6533135921570121	-0.015538729540821894	19.011109157890452	-0.40143608721639634	6.526790709784986
5.479216438824863e10	53.227726515918526	0.04106847048715512	1.1902606127057547	-0.028456926195147367	18.62839594540973	-0.38510951270032384	6.114940589004515
5.479216438838991e10	53.44058683779811	0.035951834759112365	1.8824272420253336	-0.045491302369535934	18.154151002138896	-0.3677945417930283	5.610494214912892
5.4792164388492485e10	53.67292341232787	0.03032303703687707	2.7192066361136327	-0.06592391996232778	17.679868990488536	-0.34932875089333404	5.050545067626132
5.479216438857721e10	53.94760495880693	0.023645308665666727	3.848961420529954	-0.09411680972091128	17.176365030536523	-0.3343990433511898	4.367600621945055
5.47921643886447e10	54.24909625547804	0.016181603502051937	5.151548914136841	-0.12935701788768306	16.61300629503169	-0.3248437491638462	3.6008488503300287
5.479216438868369e10	54.46789837908528	0.010625568113844519	6.097155581473769	-0.15647781065931196	16.18487734665886	-0.31882448745074415	3.038834866548953
5.479216438870972e10	54.63561658993604	0.006295610058892224	6.802668811510254	-0.1763494141436756	15.83919681033732	-0.3124371734904826	2.6063037938720304
5.4792164388729485e10	54.77547287337668	0.0026716711092425517	7.356673460905227	-0.19011697384836665	15.52968936112476	-0.30412771049304277	2.244840747551997
5.479216438874727e10	54.910604040061415	-0.0007956810753525233	7.838971297518188	-0.1992607514471029	15.202625202479034	-0.2927423997706315	1.8949335052118446
5.4792164388763626e10	55.042128736313515	-0.0040960606030594595	8.236133419241213	-0.20370188619797502	14.850472139985222	-0.27889759497139804	1.553453372544845
5.479216438877894e10	55.17043495859466	-0.007219142329326931	8.533622032977672	-0.2043163719487451	14.470362465457846	-0.2638533071881026	1.21877624002242
5.479216438879355e10	55.29653663593979	-0.010190307221559934	8.714778661442766	-0.20214828505947502	14.05975944464118	-0.24873746719464954	0.8870770928224011
5.479216438880799e10	55.42289947914571	-0.013080766593432217	8.7503521891171	-0.19758265589563886	13.610189282342994	-0.23403113918266047	0.549631036152494
5.479216438882191e10	55.54406423375148	-0.015789277569543115	8.609999484589485	-0.19076745263177824	13.139499281735745	-0.2206120047809861	0.21786412878590694
5.4792164388836006e10	55.66348790035012	-0.01841865575334647	8.299736705579722	-0.18180215550665968	12.630548564901382	-0.20808673621218726	-0.12083689638659081
5.479216438885091e10	55.784047791845666	-0.021051909879508664	7.871480880842138	-0.17162246850599608	12.064631473684337	-0.1962303981265612	-0.47572800425031303
5.479216438886652e10	55.90332546070792	-0.023653078587400667	7.424728168554614	-0.16209283348250694	11.454560381655575	-0.18542263602575423	-0.8315905948378653
5.4792164388883194e10	56.02369167780646	-0.02628782568564218	7.020774372152379	-0.15418739136423884	10.807258297962711	-0.1755725153023903	-1.16842487483996
5.479216438889983e10	56.137838267237825	-0.02880475574235785	6.7065058259509325	-0.14851070659432108	10.204454229569286	-0.16738278106702162	-1.4230943656478776
5.479216438891902e10	56.26373465974973	-0.031605822646582904	6.433182280668191	-0.14375389655326096	9.620403673257933	-0.16003198813570454	-1.5899669440919
5.479216438893821e10	56.38503814570552	-0.03432360665737359	6.228271146541584	-0.13975189214875136	9.194530310618553	-0.15487193853497536	-1.6510451582823704
5.4792164388956795e10	56.49928243117142	-0.03688391229317578	6.08240674024042	-0.13594355383516102	8.93107793382186	-0.15153756425714116	-1.6601099121893679
5.479216438897635e10	56.61708098612507	-0.0395007200900147	5.983176034314044	-0.13186770184052296	8.783745128877776	-0.14914868149769267	-1.6520093332361399
5.4792164388999794e10	56.75663949168042	-0.042533925357968114	5.939479884832815	-0.12696737744632752	8.735703364952862	-0.1469440477763037	-1.6407705243644186
5.479216438902907e10	56.93098072956183	-0.04615913107165759	6.000002641542284	-0.12084706977738233	8.807601232489937	-0.14406136589731833	-1.637030517047498
5.479216438906682e10	57.16157449573103	-0.05056234539829604	6.254639286770293	-0.11235552557134998	9.03576408589695	-0.13863642359245157	-1.6518142759520416
5.479216438909497e10	57.34170505917556	-0.05362260131931617	6.55485779455697	-0.10479900983647104	9.268322997755298	-0.1326702780879573	-1.6737953950323017
5.479216438911533e10	57.47771842636867	-0.05569128840606096	6.8096105756814795	-0.09823235532137924	9.450210963846452	-0.12709544646601836	-1.692993409764355
5.479216438913192e10	57.59247689012	-0.05727016898694249	7.024783236706698	-0.0919457827893436	9.595524730042179	-0.12156921051493089	-1.709209850679068
5.479216438914794e10	57.706710388480865	-0.0586887031579494	7.232632135636716	-0.08494581518545187	9.730860961810642	-0.11527109819315781	-1.7244895026682014
5.479216438916439e10	57.827448517265935	-0.060020399115978625	7.447211758266939	-0.07680374766782269	9.868202752089964	-0.10785410200732146	-1.739465923112787
5.479216438918365e10	57.97339453919572	-0.0613989524675332	7.706226964888649	-0.06611013857378174	10.033888965645566	-0.09809530580926049	-1.7562880785005504
5.479216438920808e10	58.1658602616905	-0.06283137964220391	8.057099221586867	-0.050863023191434445	10.26042032733367	-0.08430714447547835	-1.777316740987189
5.479216438923254e10	58.36759160683592	-0.06387022915791228	8.439894822542682	-0.033769904205015217	10.509043776201203	-0.06915189734504282	-1.7988038706269882
5.479216438924824e10	58.502148497747825	-0.06430850031738829	8.697169525732031	-0.021956722313547266	10.673970227294411	-0.058930240856034856	-1.812782780998727
5.479216438925956e10	58.601638686600175	-0.06450747236196291	8.880226201279847	-0.01316983547161417	10.78765199124215	-0.0514388287021905	-1.8226395787953864
5.479216438927028e10	58.697839016775646	-0.06460351376885919	9.045790124580181	-0.004714016631479773	10.886327712549793	-0.04423933032743702	-1.8314906070794985
5.479216438928085e10	58.794354556166056	-0.06460910594302688	9.197463918921176	0.0036507784879363566	10.97232188029134	-0.03708640681397144	-1.839491026327267
5.479216438929129e10	58.891073119090656	-0.06452838690751762	9.331973429449613	0.01178022306972024	11.043526987253678	-0.030104598665289892	-1.8464819280268776
5.479216438930079e10	58.98021522276868	-0.06438235570879117	9.437380990161218	0.018921035413882074	11.093792495664935	-0.02392281455497475	-1.8519031419615206
5.4792164389310135e10	59.06866249911275	-0.0641744371228648	9.52238711795895	0.025594495802307125	11.128152417761363	-0.018053506638698345	-1.8562241768565269
5.479216438931933e10	59.15648427117344	-0.06391046655321264	9.587301186571846	0.03178892712297644	11.147655205111938	-0.0124743835386513	-1.859438182187108
5.4792164389328514e10	59.24481832107734	-0.06359137473921077	9.634198139107962	0.037590021833012806	11.154326571226228	-0.0070932911213753315	-1.861622422962737
5.479216438933893e10	59.345295174510916	-0.06316792628149111	9.667483119769157	0.04368487633769277	11.148755809880505	-0.0012375546534984278	-1.8629408744767677
5.479216438935217e10	59.47349349073659	-0.06254174844243666	9.683391986064088	0.05072379869175385	11.125579521819738	0.005838082313853712	-1.8630827839192634
5.47921643893703e10	59.64904219814873	-0.06154344087639082	9.666113462152609	0.05911837334180874	11.072520901617942	0.01482800808708742	-1.8610834550502984
5.479216438939515e10	59.88836941882597	-0.05995325200110604	9.588310269769817	0.06848656254450965	10.974507082341553	0.02583717051292841	-1.8555143245910313
5.479216438942664e10	60.18793255208545	-0.05764959896753709	9.431141612870842	0.0773263787755253	10.82893883743342	0.03773576003047168	-1.8457154142867358
5.4792164389464676e10	60.5423263776188	-0.05456163203013893	9.192454326656945	0.08443813345301579	10.64257026430628	0.04941701218781846	-1.8319043090180755
5.479216438951018e10	60.953463874881635	-0.05059743387448156	8.875354333784005	0.08925381216161864	10.421429786504554	0.0602400261613116	-1.814329790029931
5.479216438956396e10	61.4203406007661	-0.045722360543499097	8.488125079481902	0.09159094187098055	10.17199542474797	0.06973018479832672	-1.7932433809050088
5.479216438962597e10	61.93297943808295	-0.040028836206536196	8.046446675148363	0.09169324338055893	9.9027459172435	0.07761739353254062	-1.7690269286796434
5.479216438969516e10	62.47314334502229	-0.033731403118196494	7.571376504260682	0.09014999369098607	9.623691896017796	0.0839247789597146	-1.7422067593027435
5.479216438976995e10	63.02098466352967	-0.027080705948616248	7.083342915084735	0.08760727583830796	9.34418925769544	0.08890143291511736	-1.7133287826164731
5.479216438984874e10	63.55970670334213	-0.02029863682466493	6.598709882451019	0.08453609449172267	9.071843227212163	0.09284496857493627	-1.682904492184206
5.479216438993161e10	64.08651076570021	-0.01343325113527224	6.120544558405097	0.08113612395886403	8.807520121370182	0.09604944232574177	-1.6507982694408603
5.479216439001895e10	64.60023046842834	-0.0065073475280458554	5.649977122683202	0.07746699798231647	8.55163626991041	0.09869499426398293	-1.6167924469761996
5.479216439011111e10	65.09928128670502	0.00044974238418163306	5.188281166436891	0.07353680078001111	8.305024840698742	0.10088687466761098	-1.580682460765872
5.479216439020867e10	65.58311934649531	0.007419759383874608	4.735612325431575	0.0693322273049226	8.068117736561568	0.10269849554390478	-1.5421505570794216
5.479216439031242e10	66.05106974217081	0.0143795971822218	4.2920910062434094	0.06484451972477662	7.841495964838124	0.10418681116076653	-1.500809685161265
5.4792164390423294e10	66.5025013624309	0.02130416445084004	3.857618598599969	0.06007337984457094	7.6258036948522445	0.10540584900851438	-1.456153022112302
5.479216439054252e10	66.93665276945683	0.028164588938383996	3.4319855642339614	0.05502745042523384	7.421859004582622	0.10641368921642327	-1.4075141764779113
5.47921643906718e10	67.3528767879534	0.03493300102983933	3.014522771371375	0.04971690894174237	7.230595495828631	0.10727866225647884	-1.353947646202962
5.479216439081319e10	67.74957131180132	0.04156578811867292	2.604998592407084	0.04416107275802998	7.053648526446274	0.10808372939311936	-1.2942199854794842
5.479216439096976e10	68.12524894735878	0.04802125682299272	2.2022479181731796	0.03836691364123459	6.893031986466077	0.10893959852437843	-1.2264181781590213
5.47921643911451e10	68.47590640086271	0.05421431772550606	1.8064888032075819	0.03235819332699162	6.752567746996057	0.10999848211508126	-1.1479750830926052
5.479216439134342e10	68.7947908520929	0.06000788126546356	1.4192027126594013	0.02617464105768768	6.6383339775301025	0.1114848770473679	-1.0552538152974809
5.479216439156552e10	69.06777094796274	0.0651191246186634	1.0493690385732353	0.019976476651474902	6.560451126184013	0.11370165067048701	-0.9449184044190552
5.4792164391799484e10	69.27371936497218	0.0691024685833447	0.7205822882427425	0.014192778074610888	6.529904653395057	0.11688721093986268	-0.8189359156663893
5.479216439204959e10	69.41627085413106	0.07196013280230697	0.4294847868394905	0.008795569341247738	6.550929530149212	0.12150993701505722	-0.6702746909320412
5.4792164392322395e10	69.49857371735969	0.07367904290738679	0.18942724028643446	0.004058867254147915	6.631336391653328	0.12806881398006623	-0.4914537955230911
5.479216439267764e10	69.53370423663564	0.07444728372092518	0.039463532013504936	0.0008886062238286402	6.800459588565879	0.13729482517558403	-0.2581539773856388
5.479216439326864e10	69.54189641512619	0.07463458526533769	0.003407006371099776	7.980457942406699e-5	7.07276664474373	0.14802470959854944	0.02859902505484888
5.479216439441703e10	69.54297806946	0.07466016716503736	0.00015788753592169618	3.802354849417433e-6	7.371011279477081	0.15820416928781458	0.338633547684862
5.479216439651366e10	69.54306242005391	0.07466221129521448	5.75835868677202e-6	1.413950647906448e-7	7.617573418262374	0.16635422256394541	0.6300084562279071
5.479216440039668e10	69.54306777248298	0.07466234333238318	1.7350462970153643e-7	4.325602000505981e-9	7.8207979925484565	0.17309974311005874	0.9109441304812343
5.479216440765693e10	69.54306805980997	0.07466235052231252	4.481202375144529e-9	1.1315000419155932e-10	7.994731936713698	0.1789365037818146	1.1876804883429255
5.479216442139788e10	69.543068073259	0.07466235086296838	1.0040037047420647e-10	2.563543784530579e-12	8.14978261381291	0.18419460842941907	1.4645867113909985
5.479216444758618e10	69.54306807381329	0.07466235087715987	1.9972884744992506e-12	5.15132196684337e-14	8.291755986470982	0.18905451670667275	1.7429985944961421
5.479216449774145e10	69.54306807383381	0.07466235087769062	3.607077426724585e-14	9.389816456173716e-16	8.424196448382396	0.1936268039205811	2.0232116600875907
5.47921645941099e10	69.5430680738345	0.07466235087770878	6.0336783804114485e-16	1.5843038611262808e-17	8.54937568116302	0.19798277246075283	2.3050471488687667
5.479216477985498e10	69.5430680738345	0.07466235087770935	9.476985210811767e-18	2.5088173301375516e-19	8.668925560003778	0.20217427180960082	2.588387829719192
5.4792165138744415e10	69.5430680738345	0.07466235087770935	1.4139288703383026e-19	3.772217403811351e-21	8.783990253359413	0.20623786865318086	2.873025776291829
5.479216583385221e10	69.5430680738345	0.07466235087770935	2.0196747204870822e-21	5.428490523908771e-23	8.895444923152333	0.21020183812821983	3.158845029500206
5.479216718311362e10	69.5430680738345	0.07466235087770935	2.7792496917638055e-23	7.523758631691617e-25	9.00395080493886	0.2140877062194079	3.4457384031807075
5.479216980758835e10	69.5430680738345	0.07466235087770935	3.7018668042504397e-25	1.009105754129289e-26	9.1100235485628	0.21791240064949782	3.7336254880056416
5.4792174921741684e10	69.5430680738345	0.07466235087770935	4.7929726122895895e-27	1.3153523580775345e-28	9.214058263812014	0.22168894380072282	4.022407349335709
5.479218490583586e10	69.5430680738345	0.07466235087770935	6.049425138929231e-29	1.6710769591566894e-30	9.31638598532286	0.22542833243784346	4.312041554823749
5.47922044336748e10	69.5430680738345	0.07466235087770935	7.458427151122615e-31	2.0735177291475486e-32	9.417281908252882	0.2291396960375536	4.602509507955777
5.4792242694737175e10	69.5430680738345	0.07466235087770935	9.000896806263059e-33	2.518049012955139e-34	9.51696726566454	0.2328301736956632	4.893775549452478
5.479231779079708e10	69.5430680738345	0.07466235087770935	1.0649043943460331e-34	2.9974465342843604e-36	9.615634862335789	0.23650555925732544	5.185821242291941
5.479246542937566e10	69.5430680738345	0.07466235087770935	1.2371233326514024e-36	3.503183405366368e-38	9.713453524700732	0.24016995079958728	5.478620056621485
5.479275614827946e10	69.5430680738345	0.07466235087770935	1.4135751513069405e-38	4.0264524772786465e-40	9.810586102237131	0.24382544255689723	5.772142690668583
5.47933296484411e10	69.5430680738345	0.07466235087770935	1.5902268720457805e-40	4.555679737214508e-42	9.907234880257967	0.24747192932529552	6.066421418530794
5.479446263626148e10	69.5430680738345	0.07466235087770935	1.7667042025606857e-42	5.089364081396786e-44	10.003633472605976	0.25110303465596717	6.361396136888258
5.479670443382939e10	69.5430680738345	0.07466235087770935	1.945526127846257e-44	5.633942389216138e-46	10.10017509275756	0.25470347655403747	6.657059830168967
5.480114663292357e10	69.5430680738345	0.07466235087770935	2.1384882479368837e-46	6.222081751461434e-48	10.197544602265317	0.25823918777812915	6.953384687462617
5.480995992080499e10	69.5430680738345	0.07466235087770935	2.3779873219967683e-48	6.945203858092235e-50	10.297023634486528	0.2616392602765779	7.250310891716978
5.4827464694968216e10	69.5430680738345	0.07466235087770935	2.7440063271144775e-50	8.030327832734992e-52	10.401114805605495	0.2647605773574553	7.547778429679676
5.486224746832131e10	69.5430680738345	0.07466235087770935	3.457781265089096e-52	1.0104534672328111e-53	10.51472247169702	0.26731581241319025	7.845613155524549
5.49313082823745e10	69.5430680738345	0.07466235087770935	5.264063515195706e-54	1.5256913011308754e-55	10.647537384095564	0.2687349991749095	8.143464140998377
5.506793671459318e10	69.5430680738345	0.07466235087770935	1.1824405856189447e-55	3.353989176590245e-57	10.81861164848258	0.2679039380020687	8.44055067641969
5.533507488979625e10	69.5430680738345	0.07466235087770935	5.800099167916878e-57	1.5687038069039021e-58	11.064363519452833	0.2627269686843079	8.734728239111805
5.583980260306424e10	69.5430680738345	0.07466235087770935	1.272319359200272e-57	3.123580264038194e-59	11.44880315304622	0.24969796251372237	9.020211330186207
5.671048401255738e10	69.5430680738345	0.07466235087770935	3.5343066554831364e-57	7.2486436119113455e-59	12.05794901505724	0.2248694630428665	9.282920968717594
