# problem=SEAS Benchmark BP5-QD
# code=Thrase
# modeler=B. A. Erickson
# date=2023/01/09
# element size=xx m
# location=on fault, z = -5.0 km
# Lz = 80 km
# t slip_y slip_z slip_rate_y slip_rate_z shear_stress state
0.0	0.0	0.0	1.0e-9	1.0e-9	13.273061180906112	13.273061180906112	8.146128035678238
6.6349145094533995e7	0.06635049721637402	6.69565082454069e-10	1.00005788310847e-9	2.6208763838672458e-17	13.27311256154555	-1.8233199060887565e-6	8.146124342964391
2.0300334898212495e8	0.20306534684105526	2.7540245581040494e-8	1.0012771839226411e-9	5.535459314085307e-16	13.274081032336097	-1.6079758551790083e-5	8.145981499513066
3.011482046242373e8	0.3015296768778872	1.5573245068211883e-7	1.006482693186793e-9	2.4764950131863678e-15	13.278042118517842	-5.738951219900562e-5	8.145280329115005
3.7588832686262363e8	0.37718674443513583	4.900460802468046e-7	1.0207441502718e-9	7.386970309835758e-15	13.28869673566173	-0.00015614003851024074	8.143322446538473
4.334185085100298e8	0.4366670777337361	1.1840571219925155e-6	1.0521701745761104e-9	1.8784372424703588e-14	13.311779599875063	-0.0003753540381607772	8.139174128213792
4.760979102365386e8	0.4826533673192305	2.4260221755620638e-6	1.1118189939182194e-9	4.404469097756211e-14	13.35446072248633	-0.0008335280641735202	8.132046267447118
5.0484152612011904e8	0.5158107682810248	4.30080566400045e-6	1.2096217780523636e-9	9.621464247700955e-14	13.421607352284015	-0.0016975948679905284	8.1222633509597
5.2270545801063013e8	0.538544737674083	6.764221437545697e-6	1.3583109669323225e-9	2.001852352714571e-13	13.517694563892723	-0.0032061268669341552	8.111028352581352
5.3161950504511607e8	0.5513454035380461	9.146828498591062e-6	1.5401668130667942e-9	3.647883064839498e-13	13.6265677424094	-0.005239188741620363	8.101650097001885
5.356653079711779e8	0.557911686169231	1.0983004364946242e-5	1.7308124654451165e-9	5.77039880471777e-13	13.731708216070157	-0.007466039806785933	8.095318544453287
5.376395736273851e8	0.5615035202552967	1.2344312079763411e-5	1.933442572205829e-9	8.416093982131164e-13	13.834506540715726	-0.00984149505354144	8.09112039449895
5.386249261408267e8	0.5635018317403726	1.3308717393861762e-5	2.1495974698313062e-9	1.1618743397757535e-12	13.935135061650643	-0.012315012912710104	8.08842082461847
5.391208270196964e8	0.5646180703594067	1.3965923660635698e-5	2.3812383118388954e-9	1.5420381542652598e-12	14.033854720999216	-0.014850791655117141	8.086731730015899
5.393710011117221e8	0.5652410832572214	1.4399721862396391e-5	2.6308192406846886e-9	1.9877294216990636e-12	14.13103292236426	-0.017426433484648684	8.085698715172313
5.394971668684117e8	0.5655878930867203	1.4678705618871456e-5	2.9011962283750076e-9	2.5062592513677256e-12	14.227072283560435	-0.02002931261938839	8.085078657999016
5.395606763649287e8	0.5657802951766571	1.4854317543368352e-5	3.1954950851659737e-9	3.1066167261999875e-12	14.32233768655572	-0.022652680229292597	8.08471221448095
5.395925630526824e8	0.5658866540610812	1.4962903543161755e-5	3.517068321933708e-9	3.79949000808032e-12	14.417131856884854	-0.025293199140440082	8.084498453392749
5.396085255643969e8	0.5659452424041388	1.5029043077894487e-5	3.86949246415033e-9	4.597311172623478e-12	14.511690885104716	-0.02794935848279684	8.084375126521103
5.396164921220597e8	0.5659774092016245	1.5068816546540307e-5	4.256615606267444e-9	5.5144023157049324e-12	14.606195762892568	-0.03062068873161934	8.084304642868146
5.396204556040378e8	0.5659950132685031	1.509247027113939e-5	4.682563972724555e-9	6.567041434678494e-12	14.700773054194437	-0.03330697569370832	8.084264692002263
5.396224215905607e8	0.5660046194383755	1.5106402822219058e-5	5.151879594555874e-9	7.773874791978625e-12	14.79552415250437	-0.036008522649384235	8.084242209474107
5.396233938568282e8	0.5660098466446516	1.511453967265883e-5	5.669554653784475e-9	9.156130435137115e-12	14.890524723226356	-0.038725745596727305	8.084229638418654
5.396238732374157e8	0.5660126832121324	1.511925524936622e-5	6.241064838687554e-9	1.0737847008195957e-11	14.985825389033579	-0.04145892151363543	8.084222650476624
5.396241089779481e8	0.5660142189506774	1.512197006025052e-5	6.872736121505071e-9	1.254708845311613e-11	15.081501503946535	-0.04420943118380077	8.084218785419326
5.396242246350219e8	0.5660150488186834	1.5123524150839855e-5	7.572047576323365e-9	1.4617168047427503e-11	15.177668454064598	-0.04698007833397403	8.084216656731133
5.396242812747416e8	0.5660154967005023	1.5124409785638163e-5	8.348374983875679e-9	1.6989393012534552e-11	15.27453587018744	-0.04977656440166161	8.084215488186587
5.39624308991081e8	0.5660157384497772	1.5124913135321642e-5	9.21462906873826e-9	1.9719056460584946e-11	15.37251985537215	-0.05261066346462428	8.084214847774604
5.396243225767453e8	0.566015869352774	1.5125199486612559e-5	1.0191486502675201e-8	2.2890832889996185e-11	15.47252626807016	-0.055508361010686395	8.084214496209677
5.396243292808776e8	0.5660159409180454	1.5125363724611333e-5	1.131799612252085e-8	2.6658112736987776e-11	15.576585995412662	-0.05852819696198031	8.084214301585444
5.396243326258985e8	0.5660159807019102	1.5125459489718703e-5	1.2668061050679951e-8	3.130905501688237e-11	15.688439403920894	-0.06177802270680555	8.084214192122143
5.396243343126326e8	0.5660160032803047	1.5125516574346606e-5	1.4363535112223193e-8	3.7331250614327466e-11	15.813121008602241	-0.06540225558555367	8.084214129301136
5.3962433519818e8	0.5660160168548796	1.5125552749948448e-5	1.66555773017194e-8	4.574292864136584e-11	15.96008910917438	-0.06967211377263562	8.084214091112738
5.396243357073675e8	0.56601602607797	1.5125578848173424e-5	2.0126268896710533e-8	5.897077796738596e-11	16.14799730345498	-0.07512619740807382	8.084214064868933
5.396243360245745e8	0.56601603321716	1.512560053925128e-5	2.5754792998835692e-8	8.144669682951018e-11	16.392822195950103	-0.08223497640890211	8.084214044313109
5.396243362523956e8	0.5660160400807526	1.5125623263174113e-5	3.610856113641449e-8	1.2533373597228674e-10	16.728327737352274	-0.09200927702228899	8.084214024317761
5.396243364350169e8	0.5660160483627278	1.5125653755859184e-5	5.833409978605604e-8	2.2715185041906397e-10	17.204600128422545	-0.10598342973448609	8.084213999932159
5.396243365857319e8	0.5660160604801616	1.5125704438984343e-5	1.1261123748201686e-7	5.011258013832633e-10	17.857743385470698	-0.1253494493480146	8.084213963982492
5.396243366821228e8	0.5660160753212585	1.5125774460212921e-5	2.1093629383042137e-7	1.0456863134191437e-9	18.480922697549452	-0.14390961013478087	8.084213919834477
5.396243367654521e8	0.5660161011449526	1.512591060940475e-5	4.543198640985208e-7	2.5167999514810944e-9	19.242488664502375	-0.1660859120862286	8.084213843099167
5.396243368341861e8	0.5660161508233108	1.5126202852841235e-5	1.1313556247032964e-6	6.962486678440993e-9	20.148148169364198	-0.1919665930778373	8.084213696067145
5.396243368948504e8	0.5660162734780646	1.512700420148721e-5	3.4420211052958153e-6	2.344195504031089e-8	21.25309877452562	-0.22385384630604158	8.084213335257381
5.396243369337376e8	0.5660164875451485	1.5128520249767203e-5	8.445389707244627e-6	6.156271877070616e-8	22.144712903840883	-0.24995519416857806	8.084212709318699
5.39624336964487e8	0.5660168862616425	1.5131517346573304e-5	1.9124254706641492e-5	1.4710604537499617e-7	22.95679045708006	-0.2739215803743715	8.084211549503511
5.396243369891373e8	0.5660175728338211	1.5136924748236205e-5	3.9191651914715615e-5	3.1435358734634605e-7	23.669791797093936	-0.29506944200099383	8.084209561432552
5.39624337013048e8	0.5660189557090973	1.5148263696547503e-5	8.206468213423776e-5	6.843150743086476e-7	24.404280645633875	-0.31697387980786057	8.084205574389054
5.396243370365431e8	0.5660218328760253	1.5172754424197977e-5	0.00017498758194887766	1.5129335798433654e-6	25.15688188638259	-0.33955128514004035	8.084197315368254
5.396243370603448e8	0.5660281643387864	1.5228586728470798e-5	0.0003851883029020501	3.4472706218921235e-6	25.941130551936023	-0.36312510601058584	8.08417922277809
5.396243370835692e8	0.5660417437951873	1.5352336140641937e-5	0.0008454580817855227	7.810143010290169e-6	26.72251366397429	-0.38637117410395383	8.084140598857255
5.396243371078358e8	0.5660738627736849	1.56544330375979e-5	0.001962249891998205	1.8702860494735028e-5	27.5594184413343	-0.41060407073007826	8.084049704043062
5.39624337134157e8	0.5661596593231331	1.6487515585966092e-5	0.005060207188031941	4.9783304961251924e-5	28.50179125156865	-0.43695293247257855	8.083808309733849
5.396243371584264e8	0.5663593222811777	1.8482626663475815e-5	0.012560166780152255	0.00012690389097553105	29.408730473493726	-0.46156096019919607	8.083249715250092
5.39624337186084e8	0.566980411245738	2.486104782532427e-5	0.03670752910410254	0.00038113422698620066	30.487186648425666	-0.489935370496914	8.081521025859022
5.396243372181629e8	0.5693484641875649	4.988176264405223e-5	0.12999146713328139	0.00138882195999899	31.79406813227969	-0.5225154001471882	8.074946922372224
5.396243372463402e8	0.5759124422384213	0.00012097598487673019	0.3737431999585112	0.004085834887696758	32.974428979297215	-0.5495701821741731	8.056604973361406
5.396243372761934e8	0.5946895198010503	0.000328854448868743	0.9446843753223221	0.010549843619678657	34.18646586752284	-0.5744350335534053	8.003024433780208
5.396243373109016e8	0.6448186026250357	0.0008949244064698898	1.9958614047708199	0.02270722023861637	35.38153273803043	-0.5946532921696339	7.855651019385062
5.396243373522427e8	0.7575085902758916	0.0021858230682092073	3.4695882317360556	0.03988720753162849	36.331868721938974	-0.602914414274703	7.515984058953439
5.396243374019947e8	0.9745498166502584	0.004675821674383825	5.245587611748056	0.05984816924324114	36.77815623450453	-0.5892672751094271	6.851630257240232
5.396243374429415e8	1.2185648498360733	0.007427066594924644	6.669211072776912	0.0741319644953881	36.65942222819098	-0.5594220993859637	6.099218278115253
5.396243374725392e8	1.4310309287052736	0.009751943440415493	7.685445018106178	0.08265676453487932	36.33512121862654	-0.5275192156050906	5.4420804187487
5.396243374952679e8	1.6144593500010789	0.011691150747618211	8.452545775251169	0.0877360097198541	35.95289903102524	-0.4966659447953139	4.873931563152031
5.396243375174212e8	1.8098474145654977	0.0136754845347562	9.184407680962131	0.09113111479924428	35.47015255950976	-0.46061193778063514	4.268184582450374
5.396243375422308e8	2.0477192931164776	0.015962206413002132	9.989800433531656	0.09281296701443363	34.80816728248381	-0.41277293841264834	3.5301590638037896
5.396243375724466e8	2.3643128984539543	0.018754764799955585	10.96674216930413	0.09132269456048142	33.84507963671806	-0.3436894764742047	2.547146086816397
5.396243376052352e8	2.74146976379879	0.021650731135744256	12.04223326444023	0.08424757633488718	32.621363874737405	-0.25553111743919416	1.3753464906688153
5.396243376256423e8	2.9940856861665215	0.023292876869364033	12.713133287192411	0.07614252110867974	31.76203645001052	-0.1944970825560259	0.5908924569159603
5.396243376400595e8	3.1806679333017382	0.024336079106348243	13.163869257935806	0.06824576808825006	31.097441448709382	-0.14917154516782238	0.013812697118827216
5.396243376534337e8	3.3592602092931134	0.025189635049562027	13.531043552668644	0.05909014842702152	30.428183564536788	-0.10583116326922197	-0.5307590201672912
5.396243376673998e8	3.5502828655740166	0.02593647356669924	13.794419828242566	0.047505139111651745	29.672192529473506	-0.06000580664851394	-1.0836954142266437
5.396243376794984e8	3.717519511598946	0.02644177096657985	13.805015511547886	0.03578611574616128	28.978916031283312	-0.020986913811520423	-1.4965562735636162
5.39624337691031e8	3.8753287780413284	0.02678496944040756	13.509232779524108	0.023658927482258237	28.313102936960398	0.01468002089977733	-1.7653791649886408
5.396243377023244e8	4.024960327257738	0.02698533874792428	12.959167193184078	0.011946215280883792	27.698634842974307	0.04772953469195216	-1.893148218950025
5.396243377143258e8	4.176352063161877	0.02705952683782481	12.265672487687157	0.0006591863861688702	27.120536317129712	0.0808171532124319	-1.9337796893774206
5.396243377289346e8	4.3495537379796865	0.026980652878707694	11.4629628445559	-0.011110232806031595	26.531763272979696	0.11859001635379449	-1.9296796639780052
5.396243377483307e8	4.562977573893703	0.026636360683544823	10.579606187667768	-0.023929650247198325	25.918147263013992	0.16516880149491633	-1.9015189222501692
5.396243377748412e8	4.830827954683006	0.025810042290440413	9.678083940619379	-0.03784921979771624	25.30474348676192	0.22342681963786523	-1.861708403578239
5.396243378096001e8	5.1520119431930365	0.024235806611122592	8.855124704142115	-0.05214550604858108	24.74849822580599	0.2921184897504749	-1.8197556878651187
5.3962433785311e8	5.52104393799089	0.021649641107810667	8.151891006325812	-0.06615946081752057	24.27337006123269	0.36806044664776477	-1.7806527922948565
5.3962433790666e8	5.940399848706503	0.017732285345395445	7.5432343378614695	-0.07955801453180722	23.86048332662022	0.4489844019516198	-1.744752951197513
5.396243379713187e8	6.40957936266895	0.0121745389757127	6.992210295140277	-0.09171881754526844	23.48396525443502	0.5317489640404851	-1.7106826621643352
5.396243380465965e8	6.915831747453084	0.004869883461474296	6.473358784885672	-0.10169458123323293	23.126454812479444	0.6116978683664644	-1.6769537429005186
5.396243381304443e8	7.437305657487425	-0.0039779436942656	5.975654316436448	-0.10872102851922086	22.78076743128699	0.6844422441589584	-1.642578226817637
5.396243382197582e8	7.949468734994789	-0.01388469608028061	5.5009349239400915	-0.11257895300232827	22.448551806081724	0.7471999006772765	-1.60738020290956
5.396243383142328e8	8.4472182236723	-0.024590219109697227	5.042955341184506	-0.11360539929670929	22.125599377157087	0.8007157848447327	-1.5706372528631207
5.396243384144318e8	8.929880048140546	-0.035920657337914386	4.59749761273864	-0.11219195684038784	21.808868192133033	0.846229288694487	-1.5316996264297158
5.3962433852116e8	9.397018336028683	-0.04772322738537881	4.1627450574187534	-0.10869799048666379	21.496833833612442	0.8848375639188147	-1.4900136346817079
5.396243386354762e8	9.848218729327577	-0.05986054493947763	3.7378325459004036	-0.1034421217826778	21.188494017030564	0.9174921419190621	-1.444991932384084
5.39624338758761e8	10.282984499720852	-0.07220629363872715	3.322214857111817	-0.09670089593930424	20.882887840421404	0.9450180843063044	-1.3959167921487605
5.396243388928401e8	10.700652421484875	-0.08464101260653799	2.915398626675776	-0.088710161361201	20.57881684788711	0.968135839272927	-1.3418396589574333
5.39624339040149e8	11.100179887375825	-0.09704364829128521	2.5169270477639705	-0.0796696075285627	20.274669440205116	0.987477454522009	-1.2814582145132123
5.396243392039915e8	11.479860393047685	-0.10927986035275979	2.126444350956584	-0.06974923656102373	19.96815606413118	1.0036062785697857	-1.2129238816990349
5.396243393885214e8	11.83614750925652	-0.12115913535144678	1.7446694321891942	-0.05912220260491681	19.656474676869962	1.0170150280523986	-1.1337017323264402
5.396243395973237e8	12.160906949335793	-0.13233086231374114	1.376461670939333	-0.04807313687896276	19.33785681521387	1.0281023252735515	-1.0409686754961975
5.39624339826669e8	12.436616312317005	-0.14209179099500296	1.0385810665374018	-0.03728928952906268	19.01806454877513	1.037087642639931	-0.9346249113750087
5.396243400680479e8	12.65095142396528	-0.149881743421339	0.7477061921735716	-0.027531367053030744	18.70180807952832	1.0443630552762657	-0.8169538802053328
5.396243403252783e8	12.81045575597833	-0.15582323140853613	0.5034466559629228	-0.018994747395301312	18.37333491834586	1.0506629988274707	-0.6853507448646217
5.396243406235344e8	12.928468202401353	-0.160329713745024	0.30266353774691335	-0.011715380663014462	18.00195875266546	1.0564886440141643	-0.5294193433517379
5.396243410470252e8	13.020370964026608	-0.1639336288899065	0.15322655303865962	-0.0060922737125195005	17.574546387552644	1.0611927406077488	-0.3254465249587246
5.396243418183762e8	13.097275980703596	-0.1670294850817263	0.0658439697586528	-0.0026839013233532325	17.141342727846748	1.0638210957683538	-0.052947994371733385
5.39624343269278e8	13.158254127642358	-0.16954014328953432	0.027737038447029915	-0.0011535374822030822	16.773785668273717	1.0648178068927023	0.25024201867648915
5.396243459517184e8	13.206917682695629	-0.171580374458272	0.012317679483928918	-0.0005206049283843466	16.472178318761976	1.065033896056885	0.5521203271975609
5.396243509283621e8	13.247999122160456	-0.17332865110334383	0.005741382057285537	-0.0002460202377046184	16.21347435963493	1.0649015673106847	0.8472336282616232
5.396243602889229e8	13.284562582872498	-0.17490514198908416	0.002756892436032884	-0.0001196080430591617	15.980427007308649	1.0645818456929346	1.1384882863580092
5.396243780643296e8	13.318213425711498	-0.1763735487738501	0.0013483041354496671	-5.9177306863431725e-5	15.763723771651357	1.0641352553042174	1.4279170380265507
5.396244120197533e8	13.349843234656515	-0.17776945630446855	0.0006674279193697178	-2.9618568642041583e-5	15.558178980767025	1.0635879177983887	1.7164940363797003
5.396244771565409e8	13.38000302414347	-0.17911501203025365	0.0003331289809046263	-1.4941905770134438e-5	15.360605704702962	1.0629523035310033	2.004746567806727
5.396246025255928e8	13.409059314096837	-0.18042507839265814	0.00016723146732180156	-7.579434459636568e-6	15.16890208826797	1.0622345520945966	2.2929943427352644
5.396248445009568e8	13.437267933488554	-0.1817101380762911	8.428833173345443e-5	-3.859555760697311e-6	14.981615372060872	1.0614375346038634	2.581439244645832
5.39625312693372e8	13.464814339292689	-0.18297788632600787	4.260121068897332e-5	-1.970577991183206e-6	14.797702698523764	1.0605622727585644	2.8702148377418033
5.396262206223507e8	13.491836860311295	-0.18423414944979907	2.1571788446239247e-5	-1.0079269675339897e-6	14.616393677329782	1.0596086574601944	3.1594115634484727
5.396279849822336e8	13.518441205654772	-0.18548346040034047	1.093609608767546e-5	-5.161313077303606e-7	14.43710495984584	1.0585758201202242	3.4490933851688084
5.396314203596473e8	13.544709332159503	-0.1867294075968785	5.54786676987663e-6	-2.644684470178492e-7	14.259388921802852	1.0574623406705925	3.739302638866984
5.396381224283825e8	13.570707489504862	-0.18797496933608399	2.8150525867607966e-6	-1.3554656711632116e-7	14.082885477910011	1.056266234822649	4.0300862632566945
5.396512208297492e8	13.596486449362521	-0.1892224906462611	1.4283012497648717e-6	-6.946839482334367e-8	13.907325466208803	1.0549850899644222	4.321454164280909
5.396768664080684e8	13.622089140442869	-0.1904740237218236	7.244500669286463e-7	-3.559250293546229e-8	13.73248318258561	1.0536156565432904	4.613432468064761
5.397271669193088e8	13.647550477604764	-0.19173130226354387	3.672512391160196e-7	-1.822710044713812e-8	13.558182083177883	1.0521534802669004	4.906037885811724
5.398259928044591e8	13.672898865321326	-0.19299579766866837	1.8604735609814551e-7	-9.328381988568159e-9	13.384290709319245	1.0505919401289499	5.199275335459647
5.400204704699428e8	13.698157512186135	-0.19426876747334504	9.418001495746021e-8	-4.770834709674041e-9	13.210723592340287	1.0489202885786042	5.493135983614458
5.404038269813832e8	13.723349266332201	-0.19555148318348797	4.763575685945027e-8	-2.4380470072221972e-9	13.037425781199488	1.0471194608277197	5.787636330038065
5.411607132012376e8	13.748494035552094	-0.1968450807876263	2.407499460795972e-8	-1.2449656586233103e-9	12.864424426892683	1.0451544556670573	6.082766623173867
5.426573893104962e8	13.773612935969515	-0.19815073670108355	1.2160160909336068e-8	-6.353227707212016e-10	12.691866534366426	1.0429585247139703	6.378505591876378
5.456215069544921e8	13.798734144513134	-0.19946991063813518	6.140844276524953e-9	-3.2409476547241385e-10	12.52010974694447	1.0404016893334476	6.6748299358961365
5.515000087151647e8	13.823898271533158	-0.2008045077158141	3.1034033512195927e-9	-1.6537837028276332e-10	12.349945617343252	1.0372284686835809	6.971664635396039
5.631722207892312e8	13.849175639560922	-0.2021575450587975	1.5725179975057608e-9	-8.452839273752222e-11	12.182997884605882	1.0329331489355573	7.2688638564859955
5.863683722580137e8	13.874699437114186	-0.2035344071790276	8.019404653814158e-10	-4.339156902020361e-11	12.022520552814811	1.0265113386802815	7.566152423721825
6.324690522634603e8	13.900729099432283	-0.20494512423554195	4.1473196756131833e-10	-2.2490926431648906e-11	11.874978933489288	1.01596879059225	7.862945284156291
7.239391580796032e8	13.92778869033116	-0.20640919711057315	2.207796189992806e-10	-1.1894361530501761e-11	11.752980686110035	0.9973631641357875	8.158001695003087
9.04346403134135e8	13.956963178247342	-0.20796476797716107	1.2452888822069294e-10	-6.5468908045047766e-12	11.680267996951812	0.9630219578100226	8.44852132324189
1.253765423756434e9	13.990543567066307	-0.20968357830260495	7.846709901836478e-11	-3.88470584374997e-12	11.697553042286685	0.8987476870188943	8.727694514944146
1.8956213152151854e9	14.033268441823614	-0.2116776511422368	5.986734212193389e-11	-2.608194100274212e-12	11.856156716239369	0.7823870497035216	8.978664109121693
2.9406357015826516e9	14.093943311890847	-0.21403304725147967	5.879087081081958e-11	-2.0070748428546057e-12	12.162788907096143	0.5936993384871306	9.168878202004334
4.434296009441741e9	14.190050679213842	-0.21668205257353929	7.145856906416811e-11	-1.5413579405269087e-12	12.524157632466853	0.3254684984137686	9.264913131401013
5.969812915232712e9	14.314634742355304	-0.21858130000624038	9.169463743714061e-11	-8.767077205428925e-13	12.758449074096049	0.056257626001322635	9.254297782793223
7.225950004247949e9	14.441430482172041	-0.21919015279980755	1.099836130796958e-10	-4.893442232399792e-14	12.84735407208224	-0.1506019453685218	9.19775004167235
8.650281068668509e9	14.609901644830707	-0.2184505459570857	1.2482889886537707e-10	1.1004390165211933e-12	12.847070729980814	-0.3587658884772719	9.119785391520624
1.0235305289941816e10	14.811800846096153	-0.21574870206889363	1.2772887418064574e-10	2.261570523069542e-12	12.779373260783998	-0.5555386914229162	9.065261077195585
1.190987830376e10	15.021704083863112	-0.21113933760447498	1.225786295983546e-10	3.2096999757598396e-12	12.7156441894967	-0.7414119714739474	9.056873093251772
1.2730783333165943e10	15.121304447843402	-0.20833130607291445	1.2027101584206533e-10	3.634386040390708e-12	12.698674829114594	-0.8293402312512789	9.062079147342848
1.302136558583827e10	15.156275861376562	-0.20724733692062539	1.2084006896014414e-10	3.845997375407072e-12	12.70038548781227	-0.8633027932355873	9.064088347021116
1.3207313013230152e10	15.178901641026796	-0.2065141346855532	1.2269451866774222e-10	4.047020655628243e-12	12.709945293867307	-0.8881189140387967	9.06475832300269
1.3392139521909184e10	15.201814955141366	-0.20574526910334337	1.2535002730684043e-10	4.276232640184484e-12	12.7247359790519	-0.9132480859160418	9.064439189282208
1.3579326382229221e10	15.22557125498431	-0.20492175852531075	1.2854375993335618e-10	4.524764056714238e-12	12.74255136139368	-0.937746994860922	9.062858127950914
1.3764512821889694e10	15.249695751280722	-0.2040601968540677	1.3204486989983434e-10	4.7815657047623285e-12	12.761262646181095	-0.9605468126900133	9.059931920740343
1.395005445138446e10	15.27453819673078	-0.20314847772850578	1.3576196518457992e-10	5.0474051706619606e-12	12.779554030659085	-0.9821842572666576	9.055629043469203
1.4238826778196861e10	15.31459606311208	-0.20162972890248643	1.4167228342274484e-10	5.472722383527391e-12	12.804417136001291	-1.0143009052280132	9.046421876701611
1.4766630821217642e10	15.392092084214068	-0.19853684716483427	1.516776132694131e-10	6.238231101416215e-12	12.833033624761953	-1.068167478932262	9.02373276504506
1.5273965660702202e10	15.470967304880382	-0.19520395449743852	1.5873752076652393e-10	6.8791961866444075e-12	12.837613666518877	-1.113812744908277	8.999142166376043
1.551245474285526e10	15.509135889083115	-0.19352989712188476	1.6148532248931867e-10	7.172347481948135e-12	12.834930404705133	-1.1347523380727214	8.98808554328256
1.565473726237742e10	15.532288930894044	-0.19249250614404778	1.641748097220491e-10	7.423174695160308e-12	12.836799261095464	-1.149599388891015	8.981643410203818
1.5791211569417051e10	15.554934925491224	-0.19145914859314797	1.6785299359007044e-10	7.728932724964044e-12	12.84304451758696	-1.1655111814913846	8.975248902079908
1.592655143648752e10	15.577943794813645	-0.19039026914465879	1.7226610025295267e-10	8.071521704532958e-12	12.852581862626323	-1.1816240442518904	8.968419260366241
1.6065822891812408e10	15.602283875798172	-0.18924012734391923	1.7734392302487503e-10	8.447914231873712e-12	12.86457382673062	-1.1975176486942551	8.960681784076014
1.6195703224666052e10	15.625644055076215	-0.1881194844390459	1.8241607755179865e-10	8.809530372842675e-12	12.876923034535892	-1.2110103756108712	8.95270096873916
1.6317828374423319e10	15.64822166793872	-0.18702276098216178	1.8734186706032558e-10	9.150775912673448e-12	12.888666700927786	-1.222284671456355	8.94447574953157
1.6462414380491392e10	15.67573006952223	-0.18567081775295854	1.9314441153293697e-10	9.548192742877179e-12	12.901209806696016	-1.2341881986854186	8.933870515891268
1.6728735308791227e10	15.728507269828645	-0.183035506784563	2.029175348058185e-10	1.0226503203375235e-11	12.916400726505302	-1.2528888533491263	8.912505048013411
1.6980063539373928e10	15.780469952633279	-0.18039543667134708	2.1033263825101424e-10	1.077202536779495e-11	12.91963458617559	-1.2674780993260015	8.891607465446
1.7100549670636923e10	15.806031590549797	-0.17908031452129558	2.141726067964761e-10	1.107465856765488e-11	12.920446242014435	-1.2753838307995538	8.881754911246613
1.7203739131411106e10	15.828355445521755	-0.17792006828334464	2.1873001862851939e-10	1.1428364447949535e-11	12.924380321804534	-1.284016652834533	8.873285102754311
1.730371301449303e10	15.850495444760156	-0.176757063024642	2.2436976898090036e-10	1.1848649013217458e-11	12.931741476548751	-1.2934369790183424	8.864803807325345
1.740247981606742e10	15.872971680907431	-0.1755640317021694	2.309083699067407e-10	1.2317038284847108e-11	12.94186935813704	-1.3028206659920887	8.85593471826374
1.7502726937420864e10	15.896484582330135	-0.17430394260260854	2.383024162152823e-10	1.2826862324238276e-11	12.954230536993876	-1.3115807123759347	8.846255254796187
1.759421489817664e10	15.918615282383408	-0.17310852059197057	2.455588584004421e-10	1.3307252767356267e-11	12.966763877284862	-1.318265653226994	8.836710963589878
1.7679191127162647e10	15.939778702752593	-0.17195868736600192	2.5257104847187027e-10	1.375453483868631e-11	12.978738314489007	-1.323096361204424	8.827180899360156
1.7775875560524406e10	15.964587486397859	-0.17060459251718751	2.6060800888173103e-10	1.4253733620876792e-11	12.991420300232576	-1.3272039289650708	8.815565127029458
1.7899409573962776e10	15.997413773311624	-0.1688047075414242	2.709556793772094e-10	1.4896238591073828e-11	13.00517165553127	-1.3314559025339865	8.799685566115217
1.7977254940672993e10	16.018793609244234	-0.16762658424403304	2.7861652465830176e-10	1.539361078726686e-11	13.014792088372232	-1.3351478560021006	8.789109255621817
1.804982438513202e10	16.039327732644992	-0.16648861591680564	2.8765033021742433e-10	1.599204694509235e-11	13.027036458194303	-1.3400168503781755	8.778686928731375
1.811896739190844e10	16.059573059988054	-0.16535940579622632	2.982964999602343e-10	1.669132296082059e-11	13.042478594464697	-1.3454642629445683	8.76800885010574
1.8186044008393093e10	16.079982771588636	-0.16421392138655572	3.1057131337973936e-10	1.7480301333068397e-11	13.06092496573136	-1.350742645387842	8.756701536134
1.825177939964479e10	16.1008444046961	-0.1630368346343242	3.244524860208605e-10	1.834709909637163e-11	13.081974610979827	-1.3551534680647765	8.744477170262043
1.8310693678413944e10	16.120366115502776	-0.16193120552788423	3.3854572510235255e-10	1.9199344195646456e-11	13.103220065424082	-1.357942859688037	8.732366250905054
1.8363191452622696e10	16.138506656086513	-0.16090141538343514	3.529391818590739e-10	2.0055442375276928e-11	13.124588485639677	-1.3597456312418121	8.7204878584688
1.8411056009780426e10	16.155768852726183	-0.1599192891808511	3.6898600503590907e-10	2.1024255036497832e-11	13.148043086561998	-1.3619956410050065	8.708558152324365
1.845492884219393e10	16.172354780482962	-0.15897249111863104	3.8793441133728374e-10	2.2190115500243548e-11	13.175414761245278	-1.3653888232855327	8.696399624313333
1.849523972258056e10	16.188428813866228	-0.1580510347698498	4.1054187059585694e-10	2.3586959806447067e-11	13.207656055801507	-1.3696425575945967	8.683813079508374
1.853232529389305e10	16.20413229966852	-0.1571468493046864	4.3756549248703627e-10	2.525008144381413e-11	13.245467364829196	-1.3743605529288916	8.670595343636773
1.8559407271568302e10	16.216319680342142	-0.15644217480068168	4.637945391071464e-10	2.6877178401511668e-11	13.281455506951616	-1.379038202767383	8.659588904598104
1.8579186941058968e10	16.225740916595733	-0.15589490009618917	4.903870957818083e-10	2.856741757133727e-11	13.317400505220704	-1.3846233547956346	8.650523011612394
1.859028365504211e10	16.23129233419868	-0.15557075097887332	5.112299520922163e-10	2.993104017736927e-11	13.345220981452044	-1.389820923340279	8.644889664322939
1.859941427410532e10	16.23606292488853	-0.15529058403903678	5.351667037626757e-10	3.154121402136349e-11	13.376693005183071	-1.3966389592377604	8.639823791076617
1.8606952364769684e10	16.240199339158046	-0.15504579289586656	5.643475895436356e-10	3.355587013567933e-11	13.4142000182715	-1.4057502828166644	8.635211613370515
1.8612771331198788e10	16.243577579775504	-0.15484389886373254	5.995258436023774e-10	3.603882969722925e-11	13.457984512716465	-1.4172500842474778	8.631242149099908
1.8617218903360153e10	16.2463343347778	-0.15467714142866626	6.442061905386863e-10	3.925029269543275e-11	13.511236744826235	-1.431910397196608	8.627817686376227
1.8620443031507908e10	16.248495804045263	-0.15454444334568204	7.029334732260077e-10	4.353775191743375e-11	13.57727539153963	-1.4505226192692233	8.62496838637152
1.862231816463255e10	16.249868765157107	-0.15445875792096778	7.686420757454933e-10	4.839278059327078e-11	13.646263767977146	-1.4699564772636797	8.62305013656347
1.862353896517357e10	16.250853839123756	-0.1543962005238117	8.568468930498168e-10	5.4974112724604724e-11	13.7316545833704	-1.4935961739481722	8.621596134973643
1.8624146595710846e10	16.251400272868963	-0.15436086059916904	9.547538287366244e-10	6.233133790270323e-11	13.818195581552615	-1.516705979877236	8.620746812847395
1.8624457633826054e10	16.251712557611075	-0.1543403187325516	1.069495623260294e-9	7.098022082262672e-11	13.910596112143807	-1.5400023062201103	8.62023954391016
1.8624603913613953e10	16.251877005996846	-0.1543293326203576	1.1972039913692438e-9	8.059907152851413e-11	14.0041757516979	-1.5618016993022141	8.61996198556905
1.862466646962232e10	16.251955308999243	-0.1543240349068204	1.3224578847748497e-9	8.997723451740076e-11	14.088427559128107	-1.5794469095443546	8.619825611869848
1.862469721122998e10	16.251997762188918	-0.15432113521235	1.4567031100943475e-9	9.993035271934129e-11	14.172053632010645	-1.59485047374803	8.619749760180742
1.862471095379885e10	16.252018539896298	-0.1543197061872562	1.5808672585088131e-9	1.0902857259967408e-10	14.24426721663123	-1.606406606644655	8.619711825188741
1.862472010720009e10	16.25203370346466	-0.15431865793517371	1.7579294872792662e-9	1.2183113427486173e-10	14.339935666067461	-1.6194657008937814	8.619683570444376
1.8624724843649635e10	16.25204249630231	-0.1543180475775653	1.99640676258441e-9	1.3880493429582015e-10	14.457117166059632	-1.6326086641523678	8.619666795531419
1.8624726717713215e10	16.252046449528077	-0.15431777255807577	2.271246614915816e-9	1.5806899642213864e-10	14.578222497507184	-1.643689509091841	8.619659069055118
1.8624727425843384e10	16.252048146401915	-0.15431765448520582	2.5734936372118877e-9	1.789787827683375e-10	14.697228902429188	-1.6527666449684466	8.619655679532011
1.8624727709992275e10	16.252048918708873	-0.15431760081426868	2.924566471097203e-9	2.0299670077752835e-10	14.820349010322659	-1.6607846196420406	8.619654106780828
1.8624727819820946e10	16.252049257934942	-0.15431757729603737	3.3233640244710284e-9	2.3001481916805719e-10	14.944410429253551	-1.6678356529140925	8.619653403818335
1.862472786249128e10	16.252049407746732	-0.15431756694281257	3.77941728387515e-9	2.606482500743832e-10	15.06995450517148	-1.6742047767079282	8.619653088536122
1.8624727879207634e10	16.252049474559197	-0.15431756234312755	4.3093925367625105e-9	2.9597168137348683e-10	15.19864521582626	-1.6801460391380292	8.619652945981532
1.86247278858827e10	16.25204950507316	-0.15431756025164806	4.95262851630332e-9	3.385279244792005e-10	15.335554730567722	-1.6859809858575148	8.619652880060313
1.8624727888629753e10	16.25204951961727	-0.15431755925994653	5.804843952410533e-9	3.944792407287208e-10	15.492263931219824	-1.6921930386174748	8.619652848268485
1.862472788981008e10	16.25204952706542	-0.1543175587554348	7.083285740176936e-9	4.776796543983102e-10	15.689242585670982	-1.6994725697242632	8.619652831793648
1.862472789036139e10	16.252049531436434	-0.1543175584620106	9.196629633686999e-9	6.137870078469288e-10	15.948184832739216	-1.7084908707884074	8.619652822004596
1.8624727890678936e10	16.25204953487163	-0.15431755823427526	1.3189347665997733e-8	8.67685306459488e-10	16.306227161925435	-1.7205368092192364	8.619652814215097
1.8624727890908558e10	16.252049538765103	-0.1543175579807581	2.2584096792507147e-8	1.4550042834666417e-9	16.84056926925639	-1.7382963911418672	8.619652805286961
1.862472789108935e10	16.25204954474267	-0.15431755760138824	4.953656278084381e-8	3.1014826999592683e-9	17.620600960882328	-1.7645139905303202	8.619652791481187
1.8624727891213356e10	16.25204955432034	-0.1543175570105244	1.2041061161309875e-7	7.347085603511604e-9	18.496224877048306	-1.7977316251471247	8.619652769399297
1.8624727891309425e10	16.25204957435095	-0.15431755580005826	3.558243462686965e-7	2.1361306132939826e-8	19.54054850682384	-1.8514905277646285	8.619652724310601
1.8624727891391193e10	16.252049636278837	-0.1543175521300154	1.4967042353512584e-6	8.77888781381798e-8	20.931899811491505	-1.9217637642047647	8.619652591038518
1.8624727891448326e10	16.252049817560298	-0.15431754166766812	6.083811747516945e-6	3.470987718248338e-7	22.30667353001961	-1.9825695486726798	8.61965221382508
1.862472789147858e10	16.252050113942964	-0.1543175249371063	1.5041555473579789e-5	8.419704145746331e-7	23.19905760046025	-2.018930367228522	8.619651608078302
1.8624727891501987e10	16.252050645389392	-0.1543174954779894	3.296990897288925e-5	1.8129256534084658e-6	23.97583738939356	-2.0478515456457265	8.619650533063242
1.862472789152107e10	16.252051549514167	-0.15431744623486116	6.595695202792606e-5	3.563365334294957e-6	24.66533344493847	-2.0701962818193165	8.619648715474888
1.862472789153866e10	16.25205320403386	-0.15431735778872374	0.0001299842681150462	6.886537569642868e-6	25.34339461137442	-2.088233897313027	8.619645398282893
1.8624727891555004e10	16.252056206316198	-0.1543172005472469	0.00025159493104131696	1.305015840364261e-5	26.006714198032213	-2.1019284869773474	8.619639375905281
1.8624727891570232e10	16.252061556465385	-0.15431692632348495	0.0004762557423569224	2.4170123809256376e-5	26.649755928979474	-2.1121136870014	8.619628612618117
1.862472789158471e10	16.25207112619511	-0.15431644640659656	0.0008908975610495271	4.4243963347194466e-5	27.281232697977188	-2.1203831013557135	8.619609286700369
1.862472789159898e10	16.25208888006369	-0.15431557508160504	0.0016848330114438083	8.190062239158738e-5	27.92277703375207	-2.1283241123849534	8.619573314555891
1.8624727891613922e10	16.252125044907814	-0.15431383858460496	0.0033596270093548663	0.00015974899297280237	28.61665953578982	-2.13727255881845	8.619499875564392
1.8624727891629593e10	16.252203342718644	-0.15431016302343423	0.007124159611882692	0.0003311086059565608	29.37294276703456	-2.147760475316803	8.619340589619798
1.8624727891646553e10	16.252392684532825	-0.15430148385893802	0.01657073042811198	0.0007517270098471842	30.22572351009113	-2.1607166305785244	8.618954243758738
1.862472789166327e10	16.2528305684777	-0.1542818792365662	0.03908982490261474	0.001733092776910891	31.100567917581643	-2.1756590273524985	8.618055629275315
1.8624727891681763e10	16.254048087331068	-0.15422864192524577	0.10271443826230366	0.004447465575294859	32.10759459659339	-2.195223426815868	8.615527348605871
1.8624727891703445e10	16.258137758455273	-0.15405418787730726	0.309367316271344	0.013065708159400738	33.33739402902428	-2.2221923115600357	8.606766605093972
1.8624727891722992e10	16.267917312564304	-0.15364586003319083	0.7388493136496496	0.030596849944997187	34.467994832492465	-2.2488028800905053	8.584471327125689
1.8624727891742325e10	16.288605837739507	-0.15279727771722618	1.4451896802915223	0.058843207170275275	35.54540775466465	-2.273573988362055	8.533295162545814
1.8624727891764957e10	16.33321381111595	-0.1509985071558862	2.528805998579506	0.10118023291633321	36.65862712410127	-2.29427320856485	8.413825097417575
1.8624727891793007e10	16.42494715906377	-0.1473675984161216	4.025563935207302	0.15788411398827293	37.71630552009715	-2.300430424865016	8.15245821677046
1.862472789182862e10	16.602499915124127	-0.14049632835021333	5.9364474628075365	0.22699527043893844	38.51272874135559	-2.273536154783635	7.625521605987712
1.8624727891868214e10	16.878370905244648	-0.1301157052819217	7.9851712828618595	0.29585212790875887	38.75512029910264	-2.2001259011369623	6.787958381636956
1.8624727891892944e10	17.09123731745109	-0.12232020896165549	9.227159652512249	0.33396662886897494	38.608144401354494	-2.1322652271648743	6.135351347570247
1.8624727891910748e10	17.263345416902514	-0.11615068866008547	10.098589646536	0.3584897257021719	38.36732480162509	-2.072922906059132	5.605604150034094
1.8624727891926918e10	17.432845988375973	-0.11019167375456507	10.866641000838648	0.3783120554704773	38.05057481061995	-2.011488881421495	5.0826784573200525
1.862472789194413e10	17.626727904287954	-0.10351747857412176	11.659621092307091	0.39682978556425746	37.61418347513565	-1.9384235478986984	4.4835279247815985
1.86247278919647e10	17.876058264070537	-0.09515657125853419	12.581250026210679	0.4155714276538294	36.96898925044711	-1.8411905793072834	3.7119900272603608
1.8624727891991207e10	18.225157169491887	-0.08387461939340655	13.74703034226847	0.4343324595495626	35.959983009734074	-1.7006305986547268	2.6305601456894783
1.8624727892017292e10	18.598641494329147	-0.07237406332590762	14.887183444428185	0.4461670955242843	34.79179067231864	-1.54615427472238	1.4728324838357494
1.8624727892033337e10	18.8431237138599	-0.06518617327089275	15.576793880259649	0.4488458218764506	33.98494339375186	-1.442912873351261	0.7151305148462455
1.862472789204463e10	19.02160805826443	-0.06012332145447617	16.03568190210586	0.44751651046109187	33.36757762527232	-1.3662337043817452	0.1631166817407068
1.8624727892055313e10	19.195166765973898	-0.05535983756448921	16.424776818839238	0.4430887341730054	32.73693938754589	-1.2905565557340266	-0.3696352494404941
1.862472789206665e10	19.38333925685624	-0.050382747795939174	16.738652074413082	0.4337129396107752	32.01547226738951	-1.2072677101108693	-0.9311285905388388
1.8624727892076935e10	19.556181057351896	-0.04599404244975853	16.82926130526372	0.4183513273109267	31.317179198792914	-1.1294715070814143	-1.4005270468858817
1.8624727892086372e10	19.714248532994965	-0.04214566075747786	16.61827720169963	0.3958882092749494	30.653986961075944	-1.0572852986941068	-1.7364803532090876
1.8624727892095676e10	19.86660612193229	-0.03859634100219316	16.11188617625343	0.3667034139039481	30.011083574865197	-0.9873416532327808	-1.9312149759000248
1.8624727892104935e10	20.012774612554775	-0.03534714152655283	15.446933442501646	0.3350672803597983	29.41607325077716	-0.9207778541582078	-2.0103799546381986
1.862472789211538e10	20.170007340664856	-0.032029565017663846	14.677718784868054	0.3009244054509995	28.821412347130277	-0.8505799767576326	-2.0290153771391735
1.8624727892128624e10	20.358485798124253	-0.028302852381726567	13.798973636794772	0.262694498764578	28.18380381055256	-0.7689409290145903	-2.0161091056636575
1.862472789214673e10	20.599091692279078	-0.02395137742337238	12.815462611392585	0.21951024933206822	27.489204603316168	-0.6690028120674751	-1.9857019335350743
1.8624727892171566e10	20.904071379494926	-0.0190998538128152	11.796673544387518	0.17324655395380228	26.778458363046454	-0.5491578580849557	-1.946836674904003
1.862472789220314e10	21.261108110944548	-0.014364355445369273	10.869147523142697	0.12878877475600806	26.136554280052437	-0.41811353321000894	-1.9074874298958633
1.862472789224138e10	21.66063377074354	-0.010251204490605343	10.07461069658114	0.08825200226400727	25.59052452362816	-0.2825713277927014	-1.8712266413362828
1.8624727892287136e10	22.10504135594937	-0.0070952238149115925	9.386791804674536	0.051355620959878126	25.120451547451452	-0.14456455195050966	-1.8381066268310782
1.8624727892341267e10	22.595724684290857	-0.005261680602530492	8.770484346169114	0.017864503223004386	24.700527524570603	-0.0064806953950273605	-1.8071381299646347
1.862472789240376e10	23.12537301551058	-0.005114703648912953	8.198893518329593	-0.011840408461134782	24.311128748867006	0.12736232834508257	-1.7772051878738309
1.862472789247344e10	23.677348722245515	-0.006859875289238509	7.657069816256943	-0.037075092940767655	23.94117045067803	0.251825609412705	-1.7474567615908423
1.862472789254875e10	24.23410352465909	-0.010459210111120826	7.1375807694271804	-0.057481297324327454	23.58506510408027	0.36352059171353074	-1.717299638982416
1.8624727892628014e10	24.779853607689667	-0.015669185828955167	6.639853011027193	-0.07309938088699643	23.242167436553714	0.4609317082176932	-1.6865207600903724
1.8624727892711357e10	25.31291628875594	-0.02226922650247843	6.15732131530804	-0.08451870421930412	22.907822461488124	0.54567604245698	-1.654544478354359
1.8624727892799126e10	25.832405042071088	-0.030054864736946414	5.686853391981164	-0.09226117157697138	22.579738943722774	0.6192794645948133	-1.6209557591332144
1.862472789289167e10	26.33715307661159	-0.038827437180244194	5.227554475189749	-0.09678885653167936	22.25715764891406	0.683029952178675	-1.5854467610069047
1.8624727892989567e10	26.826627764528528	-0.048409365759403675	4.7788442431267715	-0.09852882539470648	21.939500181262176	0.7381352909735103	-1.5476840117322301
1.86247278930936e10	27.300632454571133	-0.05864378527681097	4.3401763121164745	-0.09786384867432178	21.626143357054005	0.7856850599179134	-1.5072650770324847
1.862472789320473e10	27.758742760907044	-0.06938311684664147	3.911282470419445	-0.09513259435934718	21.316560190122075	0.8266128281075961	-1.4637135318064065
1.8624727893324223e10	28.200637082606743	-0.08049475388614873	3.491717211616279	-0.0906320814452499	21.009946776183384	0.8617558206807204	-1.4163970404052724
1.862472789345368e10	28.625632768836887	-0.09184853326232421	3.081183691364934	-0.08462259975352768	20.705381068056894	0.8918373585224261	-1.3644985210376102
1.862472789359532e10	29.033009144997653	-0.10332297864641159	2.6791071694953446	-0.07732559008207282	20.4013765613161	0.9175163215479712	-1.3068653443041407
1.8624727893752064e10	29.42139222399722	-0.11478651261677272	2.285063845279578	-0.06893231665100374	20.095953343270892	0.9393707145640654	-1.2418934717109933
1.8624727893927715e10	29.78807435726176	-0.12607245280249765	1.8992637159521784	-0.05962169706454554	19.786558701626134	0.9579033104157734	-1.1673510340365334
1.862472789412646e10	30.12727578569433	-0.1369160514576419	1.5242740846226719	-0.0496183106819687	19.470634009830363	0.9735218999109908	-1.0803982650022228
1.8624727894349255e10	30.426238509214496	-0.14680878963508046	1.1703011351726493	-0.03937609403769985	19.14914246213759	0.9864534195559024	-0.9790014063578524
1.8624727894584557e10	30.66406430512071	-0.15492559075230367	0.8615797056656816	-0.029846071692041107	18.834281548167	0.9966870755256648	-0.8666757511066797
1.862472789483513e10	30.84553115840314	-0.16129392855710553	0.5974109614282115	-0.02126160317787164	18.512164041737933	1.0051402488061785	-0.7408338662859878
1.8624727895108967e10	30.9777153261975	-0.16605754544145065	0.38045578588535955	-0.013903238684053975	18.1652457524675	1.0124293919560137	-0.5980361846532443
1.8624727895466717e10	31.079265721547323	-0.16981895102057132	0.20671387234915467	-0.007770301145878224	17.755062922187463	1.0188805357328283	-0.4160599096878249
1.862472789606472e10	31.162294312933042	-0.17298254900691126	0.0934986103376351	-0.0036121181275147363	17.31232956546505	1.0233307719620706	-0.16911565866666356
1.8624727897225925e10	31.23081978780601	-0.17566102759449984	0.038366795799951496	-0.0015172895041212634	16.907067932517705	1.025713021950345	0.13399690961630203
1.8624727899345272e10	31.283475260114603	-0.17776231975131093	0.016690476969619474	-0.0006721052446044943	16.583432116895565	1.026808394053839	0.4375347494147821
1.8624727903270702e10	31.327013940561578	-0.17952882696289296	0.007651450840987168	-0.00031279362581226877	16.31072046866801	1.0273319326561998	0.7351534674083515
1.8624727910613205e10	31.36505126816702	-0.18109418148937848	0.003639055819064195	-0.00015075978489236064	16.069317837158863	1.0275600453967704	1.0275416916943598
1.8624727924513737e10	31.399680775808047	-0.18253764738171507	0.0017689790976559085	-7.41912623508234e-5	15.847140951929234	1.0276039352227928	1.3175086548801338
1.862472795101331e10	31.432001344044814	-0.1839010637823151	0.000872134482040888	-3.700487719717777e-5	15.637796477076463	1.0275121459482708	1.6063194578163982
1.862472800177034e10	31.462668769188433	-0.1852095702059016	0.00043409884369690336	-1.862586603013049e-5	15.437481092554307	1.0273089967703772	1.8946330708962444
1.8624728099342377e10	31.492108892222646	-0.18647963075393245	0.00021750038287946793	-9.434256899863797e-6	15.243743846513794	1.0270077111549283	2.1828374516915714
1.8624728287455242e10	31.520612409677614	-0.18772259168561525	0.00010948296770868648	-4.799792607523046e-6	15.054928824478807	1.026615774136072	2.471158476925753
1.862472865106284e10	31.548388959889255	-0.1889467416935028	5.528796150442798e-5	-2.4494723324076854e-6	14.869852049691204	1.0261373697545022	2.759758795047379
1.8624729355489384e10	31.575592234193714	-0.19015824158838582	2.798173035111152e-5	-1.2526851198939552e-6	14.68765500988404	1.025574685805432	3.0487369359188032
1.8624730723163994e10	31.602340298265	-0.19136191335899536	1.4181897960438096e-5	-6.415095245820337e-7	14.50768242096278	1.024928542696619	3.338178512554401
1.8624733383914192e10	31.628723394341097	-0.1925615159884978	7.1938097053156e-6	-3.287895040191894e-7	14.329439178488158	1.0241988364144452	3.6281345481942795
1.862473857028392e10	31.654812669372365	-0.19376008637609182	3.6504975375084945e-6	-1.685778046683223e-7	14.152538502494522	1.0233847113200574	3.91864425214354
1.862474869866064e10	31.680665209535373	-0.1949601323066456	1.8524902093618129e-6	-8.643725740755458e-8	13.976673148963798	1.022484612714331	4.209740763581933
1.8624768512594955e10	31.706325269586326	-0.19616365975670527	9.39868122637409e-7	-4.431211065847454e-8	13.801611614442734	1.0214962797618166	4.501428447681387
1.862480734738773e10	31.731833019044817	-0.197372560779974	4.7660385607846906e-7	-2.2706118631472862e-8	13.627142918325504	1.0204161878908395	4.793755253037739
1.8624883582359196e10	31.757215590457854	-0.19858817391690073	2.415447833400891e-7	-1.1628805543591216e-8	13.453143129645511	1.0192392654697315	5.086689647334675
1.862503350409771e10	31.782501628332977	-0.19981195881510044	1.2232154139756434e-7	-5.95136574838835e-9	13.279483934909209	1.0179568454858743	5.380269851571031
1.8625328818932102e10	31.80771266027617	-0.20104507175608996	6.18947005842325e-8	-3.0434443239355047e-9	13.106105708434214	1.0165540837163738	5.674488187984176
1.862591144755618e10	31.832868283020925	-0.20228859420822812	3.129389504698377e-8	-1.5551890690076805e-9	12.93300830703295	1.0150037847672053	5.969331371715441
1.862706277490433e10	31.857990036942915	-0.20354369793242974	1.5811014811522993e-8	-7.941240090057188e-10	12.760275458852604	1.0132542623829413	6.264798221466427
1.8629341305342354e10	31.883101519645443	-0.20481160425845343	7.985430321824762e-9	-4.0530426607113873e-10	12.588174632475003	1.0112055885882845	6.5608539460885575
1.863385734074544e10	31.908238162371	-0.2060939839074548	4.034262714424596e-9	-2.0685202463729339e-10	12.417289514734748	1.0086615550456333	6.857457467567105
1.8642819680538364e10	31.93345633136314	-0.20739323853381736	2.0416701923600433e-9	-1.0567375648184537e-10	12.248854283522476	1.0052345884201694	7.154497708345263
1.86606241470156e10	31.958859466219014	-0.2087134611008264	1.0380643501787241e-9	-5.4148992984953697e-11	12.08536197418313	1.0001556523583972	7.451759627868172
1.8696009955559116e10	31.984647162202712	-0.2100621594088871	5.333391220023677e-10	-2.7944509894909826e-11	11.931783209708087	0.9918971322184417	7.748803357050044
1.8766282997788406e10	32.01121853614835	-0.21145377689384992	2.8010344673848946e-10	-1.4640471740005855e-11	11.797884300770548	0.9774315505990633	8.044711834014993
1.8905296364234512e10	32.03938877338348	-0.21291637824777207	1.5380108168896917e-10	-7.908298411191912e-12	11.702386650530954	0.9508220191247626	8.337432946288159
1.917703684702098e10	32.07087316106904	-0.21450406199388775	9.211461224872012e-11	-4.530619604150598e-12	11.678944904900433	0.9007896962230441	8.622173741575082
1.9689788256618214e10	32.10928313153461	-0.21630980175313572	6.461585376804027e-11	-2.8777690777635547e-12	11.777676154616714	0.8080698555145059	8.886968755089356
2.0571530179555138e10	32.16165239122309	-0.21843541544482875	5.748567717658175e-11	-2.1004097076354604e-12	12.03280655011433	0.6495489658530759	9.105078253905141
2.1886234844100826e10	32.240994949285685	-0.22087231367714663	6.499841111154743e-11	-1.6423934775389439e-12	12.387932497432402	0.4139172004766352	9.240713985340822
2.3525805378372128e10	32.36224787030605	-0.22310197173625637	8.418015215410132e-11	-1.0302077323466672e-12	12.693932217183217	0.12453840676655832	9.266916509674848
2.482126738604312e10	32.4834083637537	-0.2239771326142419	1.030657602973077e-10	-2.7278365020285414e-13	12.823641356384385	-0.0937560079646415	9.222837777970538
2.6154195144299706e10	32.632849990531845	-0.22366969527719407	1.2010563027223963e-10	7.638304053331164e-13	12.85760216916556	-0.29788977964016733	9.15022911197574
2.7708534912132515e10	32.82769774413089	-0.22150789166035312	1.2815129620739681e-10	1.9855018753598254e-12	12.807514384318452	-0.5016442297344278	9.080045529802467
2.9325638085320766e10	33.03315501825464	-0.21745735337020283	1.2486693470743245e-10	2.9778923504796534e-12	12.735769641618518	-0.6856526981039709	9.055768465508189
3.061666880696798e10	33.19156075706843	-0.21317974760866776	1.2069918802951776e-10	3.641093804089345e-12	12.700658097953081	-0.8240242781123582	9.060581771862397
3.102275088817885e10	33.2404364230111	-0.2116559553804957	1.2041682895768168e-10	3.883180548107067e-12	12.697467356711812	-0.8686658525145382	9.063548270872097
3.1215371653459732e10	33.26374587774312	-0.21089080615300268	1.2183280528916346e-10	4.071187628011956e-12	12.704237205259815	-0.8933752502756359	9.064547116788315
3.140132090558271e10	33.28661182427074	-0.21011351027097233	1.2423041313229422e-10	4.293640622410467e-12	12.717294757629546	-0.918598281160882	9.064664244122364
3.159025915479129e10	33.3103636888609	-0.20927918631231318	1.2727538364328322e-10	4.540746439806889e-12	12.734312090496658	-0.9437295599767935	9.063589217462697
3.177639777392604e10	33.33436587114958	-0.20841026804517707	1.3067471847385736e-10	4.79728701475403e-12	12.752804425206435	-0.9671693818731243	9.061187619197149
3.1952359749754433e10	33.357661157757505	-0.20754414392468792	1.341313777684643e-10	5.048424792571633e-12	12.770459662107797	-0.9880300228808055	9.057643341028141
3.2177156630523964e10	33.3883266716747	-0.20637229367306753	1.3871279402516627e-10	5.378898512534741e-12	12.79132731211753	-1.013465655725941	9.051381349837504
3.2607438853049065e10	33.44988645525219	-0.20391981104000897	1.4731285777638942e-10	6.018913182906839e-12	12.821576065145692	-1.0590488149072408	9.034869587123344
3.3150918311830894e10	33.532514631360776	-0.20044078361479717	1.5624390291411917e-10	6.763763395513562e-12	12.837050772059698	-1.1103964521152034	9.00913575796962
3.3504796546536766e10	33.58855465173981	-0.1979727646607753	1.603193175930146e-10	7.1811882458238186e-12	12.834430208818063	-1.1406690993491702	8.99225258887914
3.3673072491579163e10	33.61572146806381	-0.19674471836885069	1.6279306856752092e-10	7.430886576434595e-12	12.83412370563606	-1.1566515551594407	8.984609793481354
3.3810971643786106e10	33.638381069902366	-0.19570119789259627	1.6603209700224754e-10	7.714607179993516e-12	12.838407140877521	-1.172030540682206	8.978286457504304
3.3948110262173965e10	33.66142651557143	-0.19462078523872245	1.701844176338056e-10	8.04842596821605e-12	12.846656643204724	-1.1882648723490918	8.971620296621255
3.408187439326764e10	33.68449703965613	-0.19352067910653561	1.7483984876299714e-10	8.403703800045856e-12	12.857267558448783	-1.2038906643288072	8.964526607856957
3.4215992879628746e10	33.708283272465934	-0.19236872775276126	1.7992203502834185e-10	8.776220383290168e-12	12.86948759446473	-1.2185032903195274	8.95668114792554
3.4346896304427124e10	33.73217500271162	-0.19119573130220166	1.851346711085633e-10	9.145477709009705e-12	12.88206887636774	-1.231260334223121	8.948232364604952
3.4470091823155716e10	33.75528950719333	-0.19004773662023253	1.901107829639372e-10	9.490601088439221e-12	12.893457887123319	-1.2418999268274593	8.93955438963729
3.4653948459533806e10	33.790910193144825	-0.18825665634760208	1.9728810620877052e-10	9.987747217050896e-12	12.907331050273925	-1.255938615579035	8.925453420176057
3.4963789769290184e10	33.85370116505547	-0.1850443660515163	2.0753500001037812e-10	1.0720382241945462e-11	12.918008444771445	-1.275327611956602	8.899922922033417
3.51291371507483e10	33.88839875333561	-0.18324256668507485	2.1224679893315795e-10	1.1084891482910386e-11	12.918357714129186	-1.2848762643464555	8.886290947825515
3.523464230605809e10	33.91099005623765	-0.182057293838108	2.1622074026145524e-10	1.1399934420910851e-11	12.920557176725495	-1.292719192972784	8.877681471984877
3.533687348722565e10	33.933347426813484	-0.18087233203178324	2.2137938303198687e-10	1.1795574518118073e-11	12.92629590809851	-1.3018631006047863	8.869182664318869
3.543725380070024e10	33.95587165485761	-0.179665889275338	2.275627200123138e-10	1.2250977206745706e-11	12.935230041259459	-1.3114091308938713	8.860441603596044
3.553341651301016e10	33.97807317076891	-0.1784650605946468	2.343015619409926e-10	1.2729346904021956e-11	12.946117219520673	-1.3202380251288317	8.85150753949247
3.5629693554940094e10	34.00098116900613	-0.17721542398929818	2.4166515964642537e-10	1.3232579376638977e-11	12.958641564573966	-1.3280242016034718	8.841873652392419
3.572186655612425e10	34.02359780663816	-0.17597315684662407	2.4912985719836795e-10	1.3722719968937276e-11	12.971493786331862	-1.3340013843150829	8.831912294001816
3.580579255160903e10	34.044798229079966	-0.1748028448738732	2.5609582164850067e-10	1.416507266725945e-11	12.983048930298892	-1.3381075004730931	8.82218327549439
3.592127665773006e10	34.07492475694042	-0.17313258070871826	2.65632824135175e-10	1.4759672464709988e-11	12.99697520964311	-1.34228017971372	8.807842288771383
3.601951763486431e10	34.10143340106567	-0.1716564727972092	2.74267213732662e-10	1.5310698908873402e-11	13.007854512739712	-1.3458960087374572	8.794890994002273
3.6093872930824265e10	34.12211701519321	-0.17049881740991207	2.82400278623253e-10	1.585111623873175e-11	13.018422303591777	-1.3500686094237524	8.784560554571417
3.616535199972579e10	34.14264192121893	-0.16934310978233508	2.922459785195201e-10	1.6508627619536474e-11	13.032257216430608	-1.3552940211857243	8.773980597241607
3.6233875839836914e10	34.16304915043316	-0.16818670529116742	3.037104798725663e-10	1.7262435585921997e-11	13.049227874632962	-1.3607460678169947	8.762986395875112
3.6298297792278915e10	34.18301088164275	-0.1670490897242	3.1629796758688455e-10	1.8070217211429573e-11	13.068257660762086	-1.3655402689257539	8.751657415255568
3.6361500715533424e10	34.203437167752824	-0.16587974302855776	3.30365666352657e-10	1.8946079662669095e-11	13.089545097665862	-1.3692541180911955	8.73939683113659
3.641959915653247e10	34.22304734121315	-0.1647537152074872	3.450324702322667e-10	1.9833720116631807e-11	13.111490021166517	-1.3715392447281227	8.72693952004437
3.6469310177497246e10	34.24055492606097	-0.16374633380675316	3.5982940394832306e-10	2.0727571796758524e-11	13.13328829281302	-1.373357409590853	8.715200507727134
3.651508352382834e10	34.25740138125196	-0.16277446421138556	3.7697644109765165e-10	2.178506107927207e-11	13.158226543153333	-1.3760914702961804	8.703262029380287
3.65570128481806e10	34.2736159095128	-0.16183557036311763	3.9732606268546004e-10	2.3055465656860623e-11	13.187491915735691	-1.3798895572537337	8.691039096024888
3.659554181420566e10	34.289370362595136	-0.16091943696129282	4.214988830974031e-10	2.45629219973307e-11	13.22172157775232	-1.3843066991238115	8.678322611794824
3.663020037192688e10	34.304448192934565	-0.16003892039339132	4.5000403132796233e-10	2.6338885077373013e-11	13.261247726407206	-1.3892180730041683	8.665225932787791
3.665276087790456e10	34.31487058774175	-0.15942765552718965	4.75267172844461e-10	2.7939991968668274e-11	13.295655919580057	-1.3940707808123254	8.655532778821794
3.66682606772925e10	34.322412949551925	-0.15898321017525094	4.993028722957286e-10	2.950399152824432e-11	13.327967156218861	-1.399555726258664	8.648104818495758
3.667825675993213e10	34.3275063928298	-0.15868146105111824	5.209565555550684e-10	3.095454554100407e-11	13.356692015274248	-1.4053523205184264	8.642836030523963
3.668662139191359e10	34.331965094007494	-0.15841561363044182	5.467744038676278e-10	3.273100486112087e-11	13.3903315472336	-1.4130984767896615	8.638005634595478
3.669343192812949e10	34.33578917548192	-0.15818565999167983	5.785733960267294e-10	3.4972255043753905e-11	13.430674214598199	-1.4233353367101917	8.633648745259238
3.669879391200242e10	34.33899078111104	-0.15799102011890265	6.191381534536352e-10	3.7890226575718306e-11	13.480227254499496	-1.436737597223958	8.629794723846363
3.6702425315587906e10	34.34131657443662	-0.15784777705706976	6.66085871741541e-10	4.132306681216409e-11	13.534856693259556	-1.452039546319318	8.62683159962642
3.670515867394715e10	34.343216409559005	-0.15772896981108686	7.315589823733816e-10	4.6177202334785394e-11	13.60638380193457	-1.4723246607998133	8.624265480943665
3.670665024209965e10	34.344354655450736	-0.15765657138981898	8.027467466997191e-10	5.151235497353565e-11	13.678594661655566	-1.4926263779006022	8.622636736603106
3.670761391336441e10	34.34516894710241	-0.15760385715457068	9.010856387073096e-10	5.894800914618108e-11	13.770042748513177	-1.5177196126161192	8.621407572279317
3.670804145090639e10	34.34557264462874	-0.15757725292733593	1.0001814705841883e-9	6.648158039903276e-11	13.854055827668859	-1.5397635168597577	8.62076764206818
3.670827591856596e10	34.345819620504365	-0.15756071590473875	1.1248672674193453e-9	7.597635357386405e-11	13.950340510044683	-1.5634575636178847	8.620359945742262
3.670837698102004e10	34.34593887192059	-0.15755261410289234	1.2527227520659434e-9	8.56870978940084e-11	14.040297957321812	-1.5837030407772976	8.620155913688437
3.670842291795092e10	34.34599904069234	-0.15754847987206272	1.3840582643313838e-9	9.558667232126301e-11	14.125375890878914	-1.6007535771974668	8.620049973530147
3.6708443991951744e10	34.34602940177927	-0.1575463762767727	1.5125840295294005e-9	1.0517241103500018e-10	14.202758682976892	-1.6143306838810048	8.619995240671937
3.670845504276544e10	34.34604678935142	-0.15754516438240013	1.6505995792757877e-9	1.1534243454905631e-10	14.280397088077066	-1.626123724737709	8.619963255770601
3.6708462189286064e10	34.34605919874625	-0.15754429539058465	1.8546901073851502e-9	1.301684945397516e-10	14.386285730486819	-1.6396513416197809	8.619939940565171
3.6708465426358826e10	34.3460655419186	-0.15754384968182905	2.1092926323101403e-9	1.483731812645725e-10	14.505654003108546	-1.6520954020426764	8.619927733793864
3.670846667963315e10	34.34606833459663	-0.157543653190248	2.398551830894242e-9	1.687575040312524e-10	14.627007587391645	-1.6624782795258597	8.619922233534984
3.670846715416118e10	34.34606953522744	-0.1575435687531396	2.716533298964907e-9	1.9089283128573756e-10	14.746091705783797	-1.6710479198580845	8.619919819540177
3.6708467345251366e10	34.346070083419725	-0.15754353026764625	3.086322050997807e-9	2.1636542742574244e-10	14.869346618952775	-1.678689671895753	8.619918697022223
3.670846741937778e10	34.3460703250449	-0.15754351335092578	3.507471799577516e-9	2.4510865241572626e-10	14.993776586689322	-1.6854798085282146	8.61991819401522
3.670846744827402e10	34.34607043214426	-0.15754350587861363	3.9912958374343076e-9	2.7785863615523127e-10	15.120153150867012	-1.691680698242504	8.619917967767087
3.670846745966939e10	34.34607048028294	-0.15754350253359842	4.560598590466431e-9	3.1610318257161635e-10	15.251090977730499	-1.6975594407964951	8.619917864732036
3.670846746427892e10	34.346070502635314	-0.1575435009876845	5.272829995333444e-9	3.635935926036067e-10	15.394060349581949	-1.7035015232764585	8.619917816310386
3.6708467466203514e10	34.34607051354041	-0.15754350023775446	6.259692729543635e-9	4.2886732549338027e-10	15.563574438033768	-1.7100533598036625	8.619917792409975
3.670846746706117e10	34.34607051944053	-0.15754349983504348	7.828708043890089e-9	5.31661989057197e-10	15.785137108065456	-1.7180425942491206	8.619917779321872
3.670846746748327e10	34.34607052319854	-0.15754349958117997	1.0486311431582029e-8	7.038251673577625e-10	16.07519050074059	-1.727982011124092	8.619917770880393
3.670846746775636e10	34.346070526671774	-0.1575434993499195	1.5993243252787465e-8	1.0555455567749601e-9	16.494469874689983	-1.7419987726792352	8.619917762983643
3.670846746796431e10	34.34607053116242	-0.15754349905714263	3.012970402383071e-8	1.9409015839795368e-9	17.123750999597306	-1.7629448698969432	8.619917752670643
3.670846746812093e10	34.34607053830111	-0.15754349860448044	6.981953183356813e-8	4.3681805618469505e-9	17.957372154290923	-1.791640604029457	8.619917736205936
3.670846746823196e10	34.34607055081663	-0.15754349783177674	1.8117597327798072e-7	1.1088394317559386e-8	18.888956187069326	-1.8318810413485973	8.619917707583989
3.6708467468321495e10	34.3460705811325	-0.1575434959936948	6.129312997932154e-7	3.6880733738488304e-8	20.060967170969107	-1.8948032721932344	8.619917640713242
3.6708467468393875e10	34.34607067837246	-0.15754349023199896	2.6796668020087596e-6	1.569698136092623e-7	21.497715555540893	-1.9634977836839262	8.619917435197753
3.670846746843864e10	34.34607090600306	-0.15754347708540667	8.912496039816112e-6	5.093953083670255e-7	22.678837742350723	-2.014154601287189	8.619916966699602
3.670846746846609e10	34.346071291601895	-0.15754345527519203	2.1159900023579287e-5	1.186871778226913e-6	23.532624084519014	-2.047923513734028	8.61991618465261
3.670846746848671e10	34.346071926629534	-0.15754341998502222	4.332229357492903e-5	2.38882006725026e-6	24.243151689973004	-2.073150780516223	8.61991490757425
3.670846746850517e10	34.34607307371174	-0.157543357362906	8.620932248453749e-5	4.666627429792739e-6	24.928777778893178	-2.093887949091947	8.619912611527036
3.670846746852227e10	34.34607516986132	-0.15754324513982038	0.00016887544486148532	8.957271005031849e-6	25.602255296184424	-2.110183996003527	8.619908421506489
3.670846746853812e10	34.34607893277773	-0.15754304788070342	0.000323536622552754	1.679448544113768e-5	26.25637847655021	-2.1222958854032004	8.619900887403844
3.670846746855301e10	34.34608565655238	-0.15754270302215528	0.0006093416268698883	3.0944215840627964e-5	26.894773357884347	-2.131507579815314	8.619887377440213
3.670846746856731e10	34.34609771148005	-0.157542098039329	0.0011378572395287763	5.655493183161706e-5	27.524319654249283	-2.1393900192792086	8.619863062876243
3.6708467468581764e10	34.34612087868724	-0.15754096027771092	0.002187334792871016	0.00010639238894273283	28.181957623750307	-2.1475403880967576	8.61981619713786
3.6708467468597e10	34.34616945937882	-0.1575386267937237	0.004469393601051818	0.00021256579552830576	28.900446354252736	-2.1569953955972805	8.619717725350503
3.6708467468612946e10	34.34627693181855	-0.15753358172843374	0.009711010049076872	0.0004512908752632916	29.682207706089415	-2.168132993464109	8.619499418804063
3.670846746863002e10	34.34653866431476	-0.15752158538866787	0.02293176531853209	0.0010402916917605376	30.552667620626053	-2.181875168066126	8.618965665393697
3.6708467468647026e10	34.347162637355254	-0.1574936498776023	0.05529112715130617	0.0024515744022747554	31.45530150023866	-2.198032981987994	8.617683643563087
3.670846746866685e10	34.3490864006122	-0.15740958232538718	0.15549317562548645	0.006727288211989613	32.55227010022766	-2.22041091938713	8.61366348539372
3.670846746868832e10	34.35506892214167	-0.15715437064732768	0.44617763865938687	0.0188532639474284	33.78469137004494	-2.248443527565986	8.600611764144357
3.670846746870716e10	34.36793363407511	-0.15661637051227673	0.965894550309077	0.04008428607153775	34.86777892087311	-2.2741257679725866	8.570436676218298
3.670846746872738e10	34.39552498480997	-0.15548216288685163	1.8025177498910794	0.07354855192142846	35.95737206284208	-2.2981067437891887	8.50009522792662
3.67084674687518e10	34.454340750441546	-0.15310623826213532	3.039352023274995	0.12177339525758815	37.06766724459426	-2.3150674425825892	8.338564583588614
3.670846746878229e10	34.57202540359342	-0.14844523938383772	4.684159826323564	0.1836752272465982	38.05487893059326	-2.3115251815704805	7.997429203794673
3.670846746882189e10	34.79928508933462	-0.13966811742069649	6.781268903002998	0.2582716516223531	38.686441892560495	-2.264588491495571	7.3157814594271375
3.6708467468854904e10	35.05109306167017	-0.13021146367920894	8.468161103034346	0.31364089420160274	38.723664848908996	-2.1911782246829463	6.547750212024729
3.6708467468877174e10	35.25198694629496	-0.12285246514037837	9.57622501035454	0.3468920109883341	38.525321466872825	-2.124667672952023	5.930784797562672
3.670846746889393e10	35.4192109560473	-0.11685175873022971	10.386982239990319	0.3691953736151483	38.25945542976213	-2.065543323819517	5.415564804206271
3.6708467468910164e10	35.59412179932384	-0.11069681610197993	11.14959975403553	0.3883933042871092	37.90661388239478	-2.000889024677702	4.875575857161308
3.6708467468928345e10	35.804554673832115	-0.10345582294454415	11.978635955874422	0.40710030007987463	37.405852161430644	-1.9202045858801846	4.224922749895102
3.6708467468950714e10	36.08380190366911	-0.09412335022127463	12.972808618396854	0.4261786063761333	36.65093026022852	-1.809537432506283	3.360424662303879
3.6708467468979675e10	36.47763765540994	-0.0815079870419696	14.240831536489654	0.444276778069304	35.47308316216761	-1.6485577896503874	2.1400121603687015
3.670846746900075e10	36.78762985909444	-0.07204988352787083	15.159860061713381	0.4518518327350413	34.48211877633959	-1.5187851744110963	1.1790230562511976
3.6708467469014824e10	37.00539744251373	-0.06567315798126558	15.756164778954574	0.4529102555021721	33.75152231329919	-1.4258880798987472	0.5043994570615242
3.670846746902572e10	37.17945072466183	-0.060748154516950544	16.184914394116205	0.4505702450608516	33.13870702388432	-1.3504005779356036	-0.03296582437035923
3.670846746903647e10	37.35528215641443	-0.0559371135570763	16.54983267880836	0.444799628691856	32.48738638270352	-1.2730265694793548	-0.5693035822682754
3.670846746904789e10	37.545864965818794	-0.05091931007271473	16.80361637151218	0.4329850143559569	31.741978845703684	-1.187827338666992	-1.1248762933807819
3.670846746905758e10	37.7089411513795	-0.04679970147079855	16.787513191722486	0.4153860456454964	31.071979559095794	-1.1136796852523618	-1.5387523197892874
3.670846746906694e10	37.86515750887365	-0.043015570854227	16.458696758003068	0.38994381981191817	30.41208023146136	-1.0418006353070561	-1.8245218932352303
3.6708467469076164e10	38.01449987958821	-0.039556103400075156	15.87783093173713	0.35929083591411565	29.787102755055813	-0.9730468955981048	-1.9702566763569362
3.670846746908566e10	38.16209551301202	-0.03629665734718976	15.175042683651535	0.32675476434535644	29.19976689506298	-0.9059539453632635	-2.022143861871454
3.670846746909691e10	38.32831421351938	-0.032822941415525816	14.367190075562403	0.2910600579594612	28.593299871116713	-0.8321634739564419	-2.0269670942296907
3.670846746911165e10	38.533188949052665	-0.028836737239503515	13.448746487551041	0.25080658146334645	27.935144511157787	-0.7442852462030121	-2.0064850257600675
3.670846746913208e10	38.796941729490875	-0.024195483846795155	12.439674660958667	0.20576019967876638	27.226242788201787	-0.6363268098993968	-1.9720082579579459
3.670846746915944e10	39.122821614635264	-0.019231719853781644	11.44224208742965	0.15933573547592836	26.532473778568217	-0.510763727271591	-1.9322109753807242
3.6708467469193375e10	39.49533120854172	-0.01459533218300295	10.564211789357293	0.11599112142212141	25.92638162067341	-0.37725201495939237	-1.8938413742492894
3.67084674692342e10	39.91056316439253	-0.010700000695013626	9.81293960882136	0.07658744145214452	25.411229348898317	-0.240172493130394	-1.858805476805388
3.670846746928293e10	40.37186802129668	-0.007881659029941647	9.155073951068909	0.04069276834494878	24.962283539137232	-0.10127189506197655	-1.8266009415398448
3.670846746934016e10	40.87791851049096	-0.006520889800504652	8.557726720983206	0.008294955213822081	24.55545971370283	0.03634330996783904	-1.7961354898495834
3.67084674694054e10	41.41750755086033	-0.0069458800520935575	7.998523872263785	-0.02004891434266257	24.174313384006737	0.16778400916159028	-1.766367287075734
3.670846746947742e10	41.97374902415813	-0.009283705853691024	7.464743412525574	-0.04376315485549712	23.809418940524168	0.28853570524639477	-1.7364864741202028
3.670846746955412e10	42.52653806324771	-0.01339810685398565	6.9544691747356815	-0.0625235350696557	23.459063140750757	0.39530606368842075	-1.7061977658666856
3.6708467469634766e10	43.06725157235509	-0.019044716572667382	6.4633034236272335	-0.07669529123247301	23.120035908636183	0.48829551506080665	-1.675072587108504
3.670846746971961e10	43.59517416878595	-0.02601420413839637	5.9856651090656205	-0.08685937886973692	22.788361845749776	0.5692094474314326	-1.6425743763708114
3.6708467469809e10	44.10909539401673	-0.034102107871602526	5.519617872227056	-0.09350706557476952	22.46257197911764	0.6394411195379738	-1.6083500392302807
3.6708467469903366e10	44.60826883105339	-0.043120382627752876	5.064297066068515	-0.09708926716878388	22.14191571126004	0.7002703104736944	-1.572076137427501
3.6708467470003365e10	45.092155634733274	-0.05289688467387627	4.619293891373378	-0.09801511276748008	21.82591276635374	0.7528405997683835	-1.533407465492213
3.670846747010982e10	45.56038838234626	-0.06327606771257381	4.184266158162209	-0.09665179939181005	21.514052954482295	0.7981738094931142	-1.4919270947472667
3.6708467470223755e10	46.01260728008378	-0.0741158053277701	3.758871838566164	-0.09332437227949385	21.20571061095616	0.8371721599179017	-1.4471083551489887
3.670846747034659e10	46.44837848956241	-0.08528457137734452	3.3427150545737825	-0.08831732563532305	20.900048235935927	0.8706325505121172	-1.3982611164054093
3.670846747048013e10	46.867062629683446	-0.09665661945108597	2.93536101135912	-0.08187726292596566	20.59593346035969	0.8992584750592928	-1.3444583153698628
3.670846747062677e10	47.26764108180646	-0.10810512624592641	2.5363744651722415	-0.0742166774864208	20.29180437029801	0.9236733063423727	-1.2844216903697205
3.67084674707897e10	47.64838026974828	-0.1194895810174773	2.145472376143796	-0.06552095924366437	19.98548294585602	0.9444313140402921	-1.216349716501982
3.670846747097317e10	48.006041704339964	-0.13062716057796994	1.7631035469517182	-0.05596844888274547	19.67404525639178	0.9620203841506781	-1.1377091411267959
3.670846747118075e10	48.33264731083308	-0.1411795562993753	1.3939760375712111	-0.04584149555128128	19.355739457019652	0.9767826915080405	-1.0456945077175104
3.670846747140898e10	48.61084112553123	-0.15047273580941414	1.0545413432372392	-0.035798499954718	19.03622235410002	0.9887995209121473	-0.9401192237906824
3.670846747164873e10	48.82741312406169	-0.15792633894700572	0.7623473510039672	-0.026620396191781935	18.72134113942373	0.9983604660511135	-0.8235570558952953
3.670846747190501e10	48.98974823550118	-0.1636674649736277	0.5153966241854337	-0.018482845460201926	18.39383896402792	1.0063770862047805	-0.6927366818679078
3.6708467472199135e10	49.10939948654825	-0.16801364816120226	0.3125642110803329	-0.011517249552231212	18.026290029095335	1.0134812530099262	-0.5388973546224807
3.670846747261226e10	49.20248153504705	-0.17149071726206713	0.15968833207453947	-0.006052459861405193	17.600493111277856	1.0193370270566116	-0.3380317074593592
3.67084674733778e10	49.2815792124854	-0.17452869914624353	0.06780444140521946	-0.0026393023473317958	17.1571868932174	1.0230680857135106	-0.06277029197824165
3.670846747481028e10	49.34337971319841	-0.1769599325216277	0.02838522882192524	-0.0011285567427897162	16.785133637976188	1.024889887450816	0.2419182705545357
3.670846747744734e10	49.39230326808898	-0.1789215425621168	0.012587282541428881	-0.0005089657787099485	16.48206724145355	1.0257548271940846	0.5439289614238837
3.67084674822644e10	49.43310495523494	-0.1805830991540762	0.005910598185689798	-0.0002424111204550265	16.225225625278895	1.0261686466140312	0.8358704958087955
3.670846749139396e10	49.46980208232525	-0.1820978998621422	0.002835824906325567	-0.00011781785259431142	15.991414957959208	1.0263418367831483	1.1271915805681678
3.670846750872494e10	49.50354234559269	-0.18350813166371088	0.001386198521458325	-5.828869292121172e-5	15.774206550864179	1.026350472550684	1.4166397980171959
3.670846754182302e10	49.535234997009525	-0.18484843367673134	0.000685963990314994	-2.9176759720155238e-5	15.568311856600488	1.0262327349241052	1.7052093550227145
3.6708467605292015e10	49.56543709389018	-0.18614016758988255	0.00034233819826004215	-1.472304641416394e-5	15.37051065462812	1.0260084881335494	1.9934056994840466
3.6708467727418755e10	49.594524068183176	-0.1873978842365763	0.00017184748625667767	-7.4709383411562886e-6	15.178646462987402	1.025688726827968	2.2815860988823746
3.670846796301171e10	49.62274943785825	-0.18863148048335593	8.662847032366007e-5	-3.8062813241554495e-6	14.991284453824633	1.0252797946298078	2.569897693048666
3.670846841873774e10	49.65030911437283	-0.1898487565789309	4.379005754874439e-5	-1.944331530254212e-6	14.80731419289232	1.0247850561189409	2.858559930872422
3.670846930215169e10	49.67733898280574	-0.1910551702962172	2.2178352605117393e-5	-9.950478342699e-7	14.625982723923485	1.0242062919182333	3.1476245080611744
3.670847101827064e10	49.70394709982547	-0.19225515796306383	1.1246225135081924e-5	-5.098259689238104e-7	14.446691912287022	1.0235440114280177	3.4371701587957677
3.670847435842682e10	49.730215478575936	-0.193452153916077	5.706751169048429e-6	-2.6139480674164294e-7	14.26899446048624	1.0227979061183048	3.7272323192755787
3.67084808717039e10	49.75620982363197	-0.19464898300508388	2.896649648534685e-6	-1.3405982903511702e-7	14.092534566706846	1.0219669279288872	4.017845838024127
3.670849359897818e10	49.78198778067813	-0.19584821082649329	1.4700393708207256e-6	-6.87443008670036e-8	13.91699667016293	1.021049138438672	4.309093734729261
3.670851850882943e10	49.80758664528687	-0.19705154658965313	7.458250651143538e-7	-3.5242386275573086e-8	13.742193536671508	1.0200420940824342	4.600935695015862
3.670856734623438e10	49.8330413983086	-0.19826065668521733	3.782094653974901e-7	-1.805932515219752e-8	13.567948264691339	1.0189419037646228	4.893386153369712
3.67086632755224e10	49.85838473444864	-0.19947716102514332	1.9164876369667503e-7	-9.247827193943707e-9	13.394099706695286	1.017742281142598	5.186497470468025
3.670885199499688e10	49.88363728294608	-0.20070214909123058	9.704159875483933e-8	-4.73238085084126e-9	13.220579183689964	1.016433168045107	5.480229886105391
3.670922387139057e10	49.90882128325658	-0.20193681722619597	4.909746175252753e-8	-2.419851502089878e-9	13.047334020070323	1.0149963702465337	5.774592101470977
3.670995788972531e10	49.93395836195346	-0.20318234754900308	2.4820284937398652e-8	-1.2363828125011503e-9	12.874375519297942	1.0133980816230859	6.069594944667024
3.6711409047272705e10	49.95907026018207	-0.20443991149214125	1.2539189816656577e-8	-6.31268670704685e-10	12.70183822187262	1.0115737947649366	6.365227024512168
3.671428180570662e10	49.98417994141984	-0.20571066034669885	6.333922461969757e-9	-3.222114553616247e-10	12.530099011158384	1.0093983585702653	6.6614096006091525
3.671997740689039e10	50.00933072866479	-0.2069965754767952	3.2015917284831927e-9	-1.6450049575040042e-10	12.359897451699524	1.0066247570814373	6.958112704500559
3.673128361508308e10	50.0345914568987	-0.20830050633881786	1.6223446509484625e-9	-8.411077460089241e-11	12.192800918424624	1.002764495149118	7.2552003441265285
3.6753746342196144e10	50.060090055862304	-0.20962740252002662	8.271947511819104e-10	-4.318393769059193e-11	12.031965839506782	0.9968479265290638	7.5523919558579715
3.679838378631189e10	50.08607955112441	-0.2109866639971599	4.2748782012173074e-10	-2.237605959345381e-11	11.883639166855474	0.986948910643365	7.849144090103978
3.688694480109522e10	50.113064662267526	-0.2123962321425524	2.27193404948172e-10	-1.1819662562622917e-11	11.760046768373755	0.9692608247134838	8.144238891144889
3.7061641229360695e10	50.14209077917109	-0.21389122661495558	1.2770584234455788e-10	-6.487598765831131e-12	11.684241549910112	0.9363713577749792	8.434968321149768
3.7400350264414276e10	50.17536685975664	-0.21553781249415957	7.99345288568658e-11	-3.827426797767764e-12	11.695995520163152	0.8745194114441656	8.714819083640794
3.8024724608694305e10	50.21747230832709	-0.21743953750482053	6.03254806564003e-11	-2.544204768430069e-12	11.84671014189162	0.7619681634346737	8.967622674634425
3.904830501462874e10	50.27696168803275	-0.21967511860771444	5.852891337486575e-11	-1.9329559317893716e-12	12.14713367562571	0.5781132849582477	9.161503212710262
4.05193550843926e10	50.37074147581753	-0.22217033322036567	7.055371979021962e-11	-1.4633361466171596e-12	12.5084302442868	0.3152776067124921	9.262734253839449
4.207298444419331e10	50.49533442673104	-0.22396288453810773	9.077406552411005e-11	-7.882878349624445e-13	12.75165376209766	0.044097142562730195	9.256099765218185
4.332770562321183e10	50.62082426023199	-0.22446007017731046	1.0910491099541867e-10	3.939049827085126e-14	12.844767270069283	-0.16195017008279514	9.201105425167574
4.4736387330203926e10	50.78639034368842	-0.22361139435300845	1.2430894344748525e-10	1.17930386783606e-12	12.848732478932234	-0.3678376115888142	9.123657296922651
4.6317950270000244e10	50.9876066784937	-0.2207869684739837	1.2787896261570308e-10	2.3444242340280268e-12	12.782485568938753	-0.564180177671025	9.066759312547715
4.798400210599651e10	51.1969008184759	-0.2160691887451348	1.228905766224181e-10	3.2831369221118697e-12	12.717180072595639	-0.748354437571325	9.056445839933476
4.887075916915946e10	51.30465154559354	-0.21295880353988197	1.203168385989041e-10	3.733631416343073e-12	12.69793915884624	-0.8426787592060997	9.06183804977025
4.917662049677284e10	51.341456960417055	-0.21178714921207933	1.2077418221979376e-10	3.948501192848827e-12	12.698970428217834	-0.8778687226318923	9.063982943563934
4.936271070589641e10	51.36408160768432	-0.21103449632343285	1.2256667467196863e-10	4.147969135352139e-12	12.708091861534811	-0.9024928047209234	9.06470094249496
4.954727545097926e10	51.38693472417837	-0.21024811376468272	1.251796028308928e-10	4.377109170219142e-12	12.722562545986662	-0.9275133473710248	9.06445253043643
4.973511997790713e10	51.410740709402475	-0.20940257361895087	1.283563327269461e-10	4.627766988608796e-12	12.740242191953897	-0.9521085802489736	9.062950267534397
4.992166840968225e10	51.43500810413521	-0.20851511846734017	1.318639402986934e-10	4.888307604244905e-12	12.758992843395973	-0.9751074104288154	9.060086716557237
5.010239468741507e10	51.4591633094938	-0.20760822326528314	1.3547275718481524e-10	5.1490753471167455e-12	12.77684596831854	-0.9961650321615799	9.055989814610045
5.037088764873086e10	51.49627374048263	-0.2061724766659094	1.4096607738760139e-10	5.547216277484376e-12	12.800375347094999	-1.026021606337184	9.047667877096133
5.086361664804271e10	51.56813084060727	-0.2032590439827666	1.5046965338427471e-10	6.272052468666286e-12	12.829299457111475	-1.0766084039324537	9.027042017349748
5.138988453642758e10	51.64948731207873	-0.19977254487004226	1.5816104987539897e-10	6.954917276013429e-12	12.836755835961654	-1.1242974481243808	9.001602728556751
5.165409058732057e10	51.69165683056248	-0.1978943858183354	1.6112594094835813e-10	7.271543700327245e-12	12.83374434799073	-1.147020808032005	8.989254294440979
5.1801099593090195e10	51.715518048091845	-0.19680825067806665	1.6371165657802722e-10	7.51931152696779e-12	12.834958349716103	-1.1618801384257424	8.98260029412738
5.193827673150297e10	51.73820816761942	-0.1957567188089061	1.6726867682371761e-10	7.8210288021339e-12	12.840616959170873	-1.1776289708243266	8.976220730865402
5.2074200091637405e10	51.76123126831821	-0.1946707686085268	1.7160681370657202e-10	8.163290283840037e-12	12.849764056542952	-1.1937506107982017	8.969443445436042
5.2213155410645935e10	51.785418666563054	-0.1935105276994157	1.7660334771527808e-10	8.539422174102955e-12	12.861416723370112	-1.2096995430491633	8.961832628225968
5.234157392961711e10	51.808413923500744	-0.1923908820029828	1.8157057750876805e-10	8.899174738846933e-12	12.873443801247063	-1.223227929129427	8.954064858260637
5.2467852102056305e10	51.831661314528525	-0.19124460206221983	1.866407290622082e-10	9.255429867373067e-12	12.88556953381881	-1.235066614140204	8.945680606811049
5.260192362329492e10	51.857047207399155	-0.18997859334008593	1.9203470720220008e-10	9.628685441775117e-12	12.897483301650212	-1.2462341491462043	8.93598418830994
5.282877560064036e10	51.90160181276656	-0.1877255077662365	2.0059843724172198e-10	1.0225115785710538e-11	12.912206578313445	-1.2626286223537557	8.918081124629053
5.3113732824442764e10	51.9600708053362	-0.18471774116155948	2.09372905319936e-10	1.0864932905129616e-11	12.918183637983944	-1.2794420493215388	8.894428599517987
5.3248730283613815e10	51.9885988269709	-0.1832303911365356	2.134543112377553e-10	1.118671200285245e-11	12.91869404454043	-1.2877762512785218	8.88336546591752
5.335240463466994e10	52.01094202503351	-0.18205373582435974	2.1779711196687305e-10	1.1528263294605237e-11	12.922011500744887	-1.2960842143486455	8.874881131988738
5.345293335233074e10	52.0331019811213	-0.18087460625386004	2.2326363295026952e-10	1.1942055895580371e-11	12.92880799694133	-1.305372531971102	8.86641999813568
5.355256549337048e10	52.0556594437251	-0.17966185227582898	2.2970059783247035e-10	1.2410474967840226e-11	12.938554576920993	-1.3148240570666203	8.857574208612322
5.365245319370916e10	52.07895956747999	-0.17839708351060263	2.369402891720281e-10	1.2918120974168827e-11	12.95050584978226	-1.3236962852191525	8.848059130089444
5.374338458350453e10	52.10082527841765	-0.1772006764230612	2.4405796446696307e-10	1.3398057650200619e-11	12.962723482917298	-1.3305838062245743	8.838716103568037
5.383197246480458e10	52.12276557705112	-0.1759928888339761	2.5131341580323373e-10	1.386906350244044e-11	12.975148030060339	-1.3358588580642985	8.82892023472791
5.3920300347159996e10	52.14528770036173	-0.17474735948676182	2.5864996000071206e-10	1.4331480952648846e-11	12.986985824607771	-1.3397900138518146	8.818461131647982
5.404544776372129e10	52.17830363032379	-0.17291351251910916	2.6902697510928045e-10	1.4979779285229977e-11	13.001286681519574	-1.3440504617138875	8.80259100162907
5.41283986800934e10	52.2009312732666	-0.17165084986710966	2.768072697337965e-10	1.548505690249639e-11	13.01101887939366	-1.3475722045203564	8.79145636103448
5.420184511126478e10	52.22156851789509	-0.1704930689473305	2.855041680942406e-10	1.6066076169427672e-11	13.022629983364041	-1.35217146812598	8.781055452676544
5.427180022318436e10	52.241890093601924	-0.16934587370033558	2.958295335202807e-10	1.675333256897499e-11	13.037447795917515	-1.3575272201635034	8.770439349917352
5.433982220979299e10	52.262411019519995	-0.16818018731182727	3.078587930911595e-10	1.7538678097923804e-11	13.055435420609072	-1.3629028301356796	8.759197663066566
5.440520138310641e10	52.28296677195912	-0.16700616815856872	3.212577563199705e-10	1.8390298259225888e-11	13.075727349295406	-1.3674799418250403	8.747302569751952
5.446454910241452e10	52.30243346332831	-0.16588992782206316	3.350337440430309e-10	1.9238993057990886e-11	13.096519605510323	-1.370551495889898	8.73538791544337
5.451993577901477e10	52.32138491571012	-0.1648004974529017	3.4966754882898774e-10	2.0120972745816574e-11	13.11830554414145	-1.3725179591175893	8.723137212589226
5.45686086216e10	52.338767963482226	-0.16379912001127286	3.6519172361211686e-10	2.1064906593435784e-11	13.141069927285358	-1.374560434131361	8.711274997229497
5.461310631566758e10	52.35540444483438	-0.16283787334503258	3.8333921517453657e-10	2.2190990967870793e-11	13.167368152075554	-1.3776800328659342	8.699250946536623
5.465421588385036e10	52.371591380888056	-0.1618988606263198	4.0510430151137784e-10	2.3551280388614077e-11	13.198530087705436	-1.381777346662479	8.686773589453054
5.469159853107748e10	52.38719316291435	-0.1609899062661463	4.3071351313026617e-10	2.5146484421383796e-11	13.234547527011287	-1.3863246168764298	8.673867389160272
5.472196180456961e10	52.40066637170713	-0.16020171712602008	4.5814874730059815e-10	2.6862286737155486e-11	13.272349604044749	-1.3911271864462067	8.661895008297973
5.4743063914512856e10	52.41059680013369	-0.159618158824278	4.845324612596913e-10	2.854940961865987e-11	13.308112189834063	-1.3965007954744593	8.652467387648489
5.47554370005436e10	52.416718201372774	-0.15925665468695765	5.060585731331027e-10	2.996477460205761e-11	13.336925582534619	-1.4017131735158859	8.646330354510283
5.476488739566179e10	52.421602477793634	-0.15896662353206537	5.28916773077703e-10	3.1510429743725596e-11	13.367093492058999	-1.4080959733566043	8.641202675598473
5.477274276207934e10	52.42585846939301	-0.15871210725996124	5.565268322023764e-10	3.3426823032745414e-11	13.402790815300492	-1.416619345302167	8.636516933588714
5.477896860751956e10	52.429420167167464	-0.15849714624048233	5.902195266171097e-10	3.5819058414843244e-11	13.445074358954358	-1.427612291666416	8.632388440191162
5.478383149360334e10	52.43238630156648	-0.15831604015268114	6.336010466233112e-10	3.895822468764095e-11	13.497316050358862	-1.441939869817311	8.628753403766991
5.478716438714091e10	52.43457674582381	-0.15818042511990008	6.860052893735649e-10	4.281033750399344e-11	13.557119572645561	-1.4588085561819295	8.625908338580269
5.478941075482831e10	52.43618418640519	-0.15807932315085052	7.527225835118528e-10	4.777705639810159e-11	13.628372648764369	-1.4790019725406494	8.623695694843848
5.479074359665889e10	52.43723469938351	-0.15801209633365612	8.337058780429156e-10	5.386773991565481e-11	13.708297940360993	-1.5013390486985188	8.622165318882628
5.479149414824643e10	52.437893004120966	-0.157969199899386	9.34585651818024e-10	6.151589120580668e-11	13.799215118065732	-1.5259767126647497	8.621154190253547
5.479184046146818e10	52.43823269670283	-0.15794667612470875	1.0415912369357916e-9	6.966163950018988e-11	13.88703198807191	-1.5485610276423807	8.620607663567984
5.479201869969146e10	52.43842812930681	-0.15793351462432986	1.1702437971301902e-9	7.945936371454434e-11	13.983102279196103	-1.5715597468296278	8.620280745227232
5.479209329762952e10	52.4385195047474	-0.157927277544964	1.2962089732752932e-9	8.901015425772525e-11	14.069131526435868	-1.5902212850460355	8.620122738980546
5.479212978752899e10	52.43856897605939	-0.15792386595899185	1.4335409313112269e-9	9.933035584758272e-11	14.155705015049833	-1.606812042157231	8.62003487086521
5.47921452479814e10	52.43859197911326	-0.15792226772635712	1.5556197026213397e-9	1.084022125908648e-10	14.227433069682561	-1.618796560726808	8.619993091641188
5.4792154935504906e10	52.43860771255372	-0.15792116876771883	1.7132513658034654e-9	1.1997139389607607e-10	14.313850894611974	-1.6312402652675109	8.619963949895368
5.4792160583705376e10	52.43861791844524	-0.15792045276781197	1.938664178116927e-9	1.3626932951358918e-10	14.426959230317053	-1.6447716514070707	8.619944620303018
5.479216291834014e10	52.438622700060435	-0.15792011638175923	2.2045421035698884e-9	1.5519930695270883e-10	14.546967153118842	-1.6564959969303439	8.61993534370433
5.479216381875651e10	52.438624796555835	-0.15791996878631967	2.5052879492332055e-9	1.7632742275078756e-10	14.668262447493547	-1.6663394904323032	8.619931184707312
5.4792164165035324e10	52.43862571233087	-0.1579199043690246	2.843137382869079e-9	1.9980123232942653e-10	14.789630532822585	-1.6747529379989308	8.61992933156653
5.479216430042376e10	52.43862611872096	-0.1579198758380332	3.2278840227578395e-9	2.2629421901069716e-10	14.912399957023084	-1.6822521337918321	8.619928494624428
5.479216435307705e10	52.43862629815939	-0.15791986327394525	3.6648022965176936e-9	2.561680603285758e-10	15.035897356645776	-1.6891308452679394	8.61992811928776
5.479216437372507e10	52.438626378091485	-0.1579198576944592	4.16612205883371e-9	2.902735434249805e-10	15.161070160479667	-1.6957424615193502	8.619927949793619
5.4792164381945526e10	52.43862641433113	-0.1579198551730697	4.757028933159449e-9	3.303659532930254e-10	15.290780593869002	-1.7025381142635323	8.619927872020265
5.4792164385317764e10	52.43862643139	-0.15791985399000688	5.4995002390741915e-9	3.8074627897836936e-10	15.432588859995704	-1.71027667017439	8.619927835016663
5.479216438675903e10	52.43862643991194	-0.15791985340075246	6.528688939147335e-9	4.5075463538577836e-10	15.600052994412593	-1.7201324320484395	8.619927816349433
5.479216438743627e10	52.43862644477715	-0.15791985306525635	8.164394256065712e-9	5.621609585659288e-10	15.818067571234806	-1.7336502503756044	8.619927805594154
5.479216438780111e10	52.4386264481817	-0.15791985283123638	1.1028404498018027e-8	7.564082472211024e-10	16.11169852448036	-1.7514567578534086	8.619927798003983
5.4792164388052414e10	52.43862645158382	-0.15791985259868133	1.7223185862147513e-8	1.172652228728216e-9	16.548291937187813	-1.7761427595327939	8.619927790365487
5.479216438824863e10	52.43862645624165	-0.15791985228360053	3.3730957495577625e-8	2.2667631911604365e-9	17.208377504466526	-1.8107928087281606	8.619927779870313
5.479216438838991e10	52.43862646342637	-0.15791985180491735	7.730256601237547e-8	5.1138305910687035e-9	18.022292593394653	-1.8524175367134428	8.619927763738541
5.4792164388492485e10	52.43862647616232	-0.15791985096678968	1.9825830640845782e-7	1.3019025345831251e-8	18.93023368452255	-1.9075570836376619	8.61992773565319
5.479216438857721e10	52.43862650748622	-0.15791984891090746	6.660139128298349e-7	4.3658091888337806e-8	20.080032473093482	-1.9893539810276841	8.619927669878082
5.47921643886447e10	52.43862660287378	-0.15791984269601383	2.7451446274677464e-6	1.7788790716828347e-7	21.44367228391242	-2.075454911797695	8.619927480454201
5.479216438868369e10	52.43862678964126	-0.15791983067852552	7.869429281427563e-6	5.034853507568458e-7	22.468399235491248	-2.1333560357768127	8.619927122445457
5.479216438870972e10	52.438627103256735	-0.15791981074221598	1.7742027957301266e-5	1.1217394368031555e-6	23.263932419532082	-2.1746281365721094	8.619926533804884
5.4792164388729485e10	52.43862760253861	-0.15791977937591567	3.495512091196906e-5	2.1837500977736e-6	23.930933656082132	-2.2056886312585324	8.619925609327371
5.479216438874727e10	52.43862847681495	-0.15791972516438954	6.720635053997837e-5	4.1399662029427555e-6	24.57754743911353	-2.2315465341571796	8.619924005178648
5.4792164388763626e10	52.438630008017846	-0.15791963166613965	0.00012679588303224	7.683147894822749e-6	25.20936821734638	-2.251961573872847	8.619921210784872
5.479216438877894e10	52.438632687729154	-0.157919470916193	0.000235615942726528	1.4011653716318369e-5	25.829702462609603	-2.267101393490868	8.61991632944316
5.479216438879355e10	52.43863742932591	-0.15791919207510324	0.00043504746914182	2.534234257905132e-5	26.44629905384228	-2.277843680634328	8.619907683822548
5.479216438880799e10	52.438646152737114	-0.15791869005197914	0.0008138317936093923	4.636556141496403e-5	27.076985463537838	-2.285711750809655	8.61989173863389
5.479216438882191e10	52.4386618675554	-0.15791780557841245	0.001518147946734149	8.459771739241281e-5	27.7040852797913	-2.2920718909979887	8.619862949366773
5.4792164388836006e10	52.438692015495064	-0.15791614640931675	0.0029155082223361866	0.00015884613065641608	28.35911688718251	-2.2985130137756724	8.619807665313987
5.479216438885091e10	52.43875532018811	-0.1579127428017649	0.005957633450251338	0.0003169734202715996	29.076326620284433	-2.3060254657670627	8.619691579995004
5.479216438886652e10	52.438895470019254	-0.15790538934787254	0.012940258942208394	0.0006716870583975323	29.857183937508765	-2.3150470723000716	8.619434445219566
5.4792164388883194e10	52.43923631362765	-0.15788795627742835	0.03048233794710141	0.001542026451878621	30.726121686062257	-2.3266166268132173	8.618807163463089
5.479216438889983e10	52.440046611378264	-0.15784753602444582	0.07309921988179799	0.0036091189186239223	31.627694021558526	-2.3409377264236904	8.617303744425824
5.479216438891902e10	52.44246773658486	-0.15772979068340784	0.19950982790304433	0.009601444213622485	32.70890006800779	-2.3614777267118927	8.61271283475317
5.479216438893821e10	52.44884384729964	-0.15742698676437905	0.5054192759840765	0.023778946097884588	33.826605914034715	-2.3859779288060574	8.599963687762939
5.4792164388956795e10	52.46298644188315	-0.15676878728957203	1.0629530060359789	0.049071740447850405	34.908116894749654	-2.41139157900283	8.569040582083534
5.479216438897635e10	52.49166937554612	-0.1554572177549147	1.9089853103805001	0.08663789056396792	35.97396786702281	-2.4352986113081556	8.499593462376357
5.4792164388999794e10	52.55037942688489	-0.15281869514161506	3.123055760512589	0.139232541090844	37.05959930854165	-2.4531649665963413	8.344097571316915
5.479216438902907e10	52.66514761480124	-0.14775782991989084	4.7256588697641115	0.20642834480275618	38.042136716351834	-2.452348603105528	8.019345307497092
5.479216438906682e10	52.88199419282304	-0.13841548976435344	6.7560642094319805	0.2874172129223231	38.70295882708008	-2.411129961563609	7.378783996740228
5.479216438909497e10	53.09292545470634	-0.12954101919279848	8.2219561696302	0.3421544580878905	38.802895805522795	-2.3520869038109367	6.742378956367653
5.479216438911533e10	53.27090582720532	-0.12220258265795694	9.25836398035705	0.3781659525717928	38.68910934089838	-2.2943708944135732	6.200517846885401
5.479216438913192e10	53.431381671922075	-0.11570472274017732	10.083500823105215	0.40468856517000823	38.48472305622023	-2.2377004078732794	5.709575612366844
5.479216438914794e10	53.59920148954827	-0.10903272240177656	10.858164453603043	0.4275955411669084	38.1916883754259	-2.174906105414133	5.194462723085348
5.479216438916439e10	53.784195306820564	-0.10182410252647743	11.629502510320386	0.44837718132883053	37.79547148210817	-2.102726314027008	4.625184585927153
5.479216438918365e10	54.01673257602289	-0.09297801976178696	12.507694640690895	0.4694050866875139	37.21707976504844	-2.0089355915471283	3.9081179244032165
5.479216438920808e10	54.33560918656331	-0.08123499411057786	13.597920421530178	0.49115577951135087	36.32445364651848	-1.876487316214093	2.923100606873509
5.479216438923254e10	54.681526873396336	-0.0690111180937776	14.680868415206122	0.5070892078175521	35.27066102761087	-1.7291630440599366	1.8532346442659025
5.479216438924824e10	54.91750553294746	-0.06099474246987939	15.370493908765413	0.5131337711458632	34.51315360916415	-1.6264233883234582	1.1230057064155547
5.479216438925956e10	55.09424291995043	-0.0551768622124943	15.852686281516108	0.5142462093772446	33.92298974944801	-1.5477253900072172	0.5762825141958691
5.479216438927028e10	55.266702801367444	-0.04966730836634984	16.27982255305189	0.5118932520690682	33.32156580711121	-1.4692057072040987	0.044046617253796536
5.479216438928085e10	55.440936832948175	-0.04428119376699257	16.645119819090787	0.5055377464498625	32.68237730040478	-1.3882229419109893	-0.48863328719709104
5.479216438929129e10	55.616111774977405	-0.03906096897323455	16.893756658809437	0.4935035413514702	32.00458488456475	-1.3049812435516195	-1.0066049962680093
5.479216438930079e10	55.77687520177899	-0.03445682921705013	16.917565075179777	0.47451794138246467	31.350423263578435	-1.2265792055553633	-1.4364542182665705
5.4792164389310135e10	55.93364122726004	-0.030155251693386436	16.638205212529446	0.44614015009736624	30.688291192827492	-1.1483030751698544	-1.7610445428154557
5.479216438931933e10	56.084165726861244	-0.026213521317404936	16.085579373918836	0.41094569250902496	30.049081263791848	-1.0722898099958862	-1.9443340939793787
5.4792164389328514e10	56.228904369697844	-0.022607444760106687	15.406084957182701	0.3739663673514275	29.45672924658011	-0.9996477905722624	-2.0169547065927538
5.479216438933893e10	56.385237365419286	-0.018922868093960665	14.639427719417498	0.33462955224346436	28.86278033154197	-0.9227995939302839	-2.0325648953058697
5.479216438935217e10	56.57325726330995	-0.014787871176079811	13.771061615202411	0.2908751915248221	28.224157897991077	-0.8333876358208828	-2.018440842906384
5.47921643893703e10	56.81388671129978	-0.009975056570113832	12.80026816058926	0.24164271584829677	27.526813461055283	-0.7241538401994909	-1.987629917959027
5.479216438939515e10	57.11879923633907	-0.004651856307649934	11.794241872907381	0.18922876403405062	26.81306974451526	-0.5939947648279938	-1.9486977405186066
5.479216438942664e10	57.47489948520798	0.000482337751910339	10.877098901372511	0.13933020094286933	26.168663688249822	-0.45299989346129976	-1.9093955375783038
5.4792164389464676e10	57.872884436912145	0.0048852413256059955	10.087956340954326	0.09428750137195756	25.619283659723195	-0.30837319750224845	-1.873114225006158
5.479216438951018e10	58.315498586099764	0.008210218417370331	9.400845857431724	0.05375223614191842	25.14470283454854	-0.1621388147415838	-1.8398477331591754
5.479216438956396e10	58.80373565500286	0.010080306615970796	8.782813432966224	0.017473205722998018	24.720068001616838	-0.016880913305406316	-1.8086624632765895
5.479216438962597e10	59.33005039840636	0.010135409078135607	8.208815700960127	-0.014211598414044358	24.326475268562504	0.12293073647840204	-1.7785014183904486
5.479216438969516e10	59.87873240887679	0.008188845270793764	7.6642234994047875	-0.04075462282998678	23.952723789606765	0.25231332377504423	-1.748515856549479
5.479216438976995e10	60.43208785762357	0.0043077408584826365	7.142597822171671	-0.06191338783189291	23.593691753687736	0.36784995281796956	-1.7181618111675432
5.479216438984874e10	60.97480873828179	-0.001235629247584978	6.64325142692274	-0.07788455222358834	23.24853271176802	0.4682165541665377	-1.6872204474585848
5.479216438993161e10	61.50503647153916	-0.008198907823478995	6.159754536139363	-0.08937851841541655	22.91259817851649	0.5551824194988008	-1.6551265150623569
5.479216439001895e10	62.022131732964645	-0.016366726899569126	5.688644625969182	-0.09701216309844528	22.583319546222597	0.6304613643764706	-1.6214460956448289
5.479216439011111e10	62.52482609011034	-0.025528857720007854	5.22900471628035	-0.10130884626709655	22.25989211276449	0.6954396167212457	-1.5858721389265318
5.479216439020867e10	63.012805190692326	-0.035505503060117606	4.779943492723549	-0.10274116224383052	21.941495134879986	0.7514442833565168	-1.5480476482164134
5.479216439031242e10	63.48559081326836	-0.04613012421249734	4.341075701877429	-0.10172159751850592	21.62760019804422	0.799607708608521	-1.5075836177855115
5.4792164390423294e10	63.94275269320906	-0.057251717708397785	3.9120583096628625	-0.09861165225205255	21.317611978543724	0.840928064296225	-1.4639982385484387
5.479216439054252e10	64.38375949191717	-0.06873018019674257	3.4925780597394023	-0.09372617314903643	21.010811328549167	0.8762795307185735	-1.4166763337994346
5.47921643906718e10	64.80825809804686	-0.08044256916919588	3.081967960117101	-0.08733185354667777	20.705994330755075	0.9064551277210974	-1.3647595727726471
5.479216439081319e10	65.21502682508677	-0.09225263941294379	2.6800945413124366	-0.07966418929391225	20.401995647876802	0.932114763416282	-1.3071550544677346
5.479216439096976e10	65.60314002174415	-0.1040408267025701	2.286055674065872	-0.07090979470875522	20.09646911661902	0.9538948675458635	-1.2421940288311106
5.47921643911451e10	65.96938198244601	-0.11562330913376662	1.90055527695779	-0.06126144213622914	19.787249501969214	0.972294381935335	-1.1677359142302177
5.479216439134342e10	66.30815729669781	-0.1267367404389078	1.525977522134056	-0.05094354768685497	19.471666019752675	0.9877536410919227	-1.0809388847654728
5.479216439156552e10	66.60662923214979	-0.1368604416786919	1.1726502862714994	-0.04042207710575027	19.15086966132573	1.000515840875025	-0.9798546752326945
5.4792164391799484e10	66.84381188791194	-0.14515015072436085	0.864998848030253	-0.030672654437625534	18.837477245182086	1.0105840646333168	-0.8681831940317197
5.479216439204959e10	67.0257587375303	-0.15168437249781958	0.6004862404106731	-0.021863474561547382	18.51577051187543	1.018929092576425	-0.7426243471534815
5.4792164392322395e10	67.15826372696702	-0.1565683785479111	0.3832845121402011	-0.014322038811664953	18.16996811796504	1.0261051612640728	-0.6003782991013339
5.479216439267764e10	67.26003817733368	-0.16042204367205695	0.2089896683847848	-0.008028808246433997	17.761188906631233	1.0324211241553456	-0.41940550057040227
5.479216439326864e10	67.3431790122944	-0.16365895356517177	0.09488996923889043	-0.00374494750630369	17.31904795000584	1.036704883343664	-0.17396666394703802
5.479216439441703e10	67.41197557993758	-0.16640562631402722	0.03894669702206334	-0.001572981135451468	16.912589871867127	1.038914452833071	0.12865903123866626
5.479216439651366e10	67.46483133438213	-0.1685595231853818	0.016927358082804947	-0.0006959810393490107	16.587870318390074	1.0398542932415074	0.43224563818817247
5.479216440039668e10	67.50849378157862	-0.1703681260745955	0.00775397052769691	-0.00032358530663627614	16.31446493754312	1.0402386433713777	0.7299782426682202
5.479216440765693e10	67.54660163750337	-0.17196888543012495	0.0036864042711336246	-0.00015587163361450643	16.072674717741293	1.040340272211924	1.0223906494792503
5.479216442139788e10	67.58127589467327	-0.17344389706457627	0.001791660927320438	-7.667873104055872e-5	15.850260589937434	1.0402664816499774	1.3123413990194095
5.479216444758618e10	67.6136257139317	-0.17483632593887005	0.0008832677497025616	-3.8236869533332515e-5	15.640769772734885	1.0400632844330844	1.601106409678053
5.479216449774145e10	67.6443158566354	-0.17617223290488615	0.0004396205462888725	-1.9241950728831325e-5	15.440343888380895	1.0397532669047476	1.8893858477305197
5.47921645941099e10	67.67376555500843	-0.1774681400439175	0.00022030355068156532	-9.746361765112178e-6	15.24657736825192	1.0393485919076142	2.1774793427227204
5.479216477985498e10	67.70227581687936	-0.17873608266794164	0.00011091271071910344	-4.958642365921811e-6	15.057748102577094	1.0388558165631958	2.4656959288967046
5.4792165138744415e10	67.73005387535342	-0.17998441546931868	5.602383895061177e-5	-2.5307762375120103e-6	14.872688956081575	1.0382785652671684	2.754164239370206
5.479216583385221e10	67.75725804123975	-0.18121963428919188	2.8360556457836226e-5	-1.2943624262042096e-6	14.690511312471486	1.0376184822698111	3.0430240712617977
5.479216718311362e10	67.78400641121618	-0.18244666324233003	1.4376908103315807e-5	-6.628940676851291e-7	14.510560031494165	1.036876022011309	3.3323576036783136
5.479216980758835e10	67.81039023495885	-0.18366938549309159	7.293990879906888e-6	-3.397592817605981e-7	14.332333492290232	1.0360507682071078	3.6222239961260763
5.4792174921741684e10	67.83647769228176	-0.1848907609147406	3.7021405692672344e-6	-1.7421520086486422e-7	14.155465249323257	1.0351417443957216	3.9126272057088816
5.479218490583586e10	67.86232621833628	-0.18611336037469137	1.8791825931210315e-6	-8.93381395489381e-8	13.979646015826134	1.0341472308172996	4.203601604552069
5.47922044336748e10	67.88798329097585	-0.18733938069631176	9.536177460519722e-7	-4.5802752519705817e-8	13.804622500314295	1.0330647176185888	4.495186307727988
5.4792242694737175e10	67.91348567371814	-0.188570586155579	4.837060236343554e-7	-2.3472945455258488e-8	13.630207016394834	1.0318907227293719	4.787389313498761
5.479231779079708e10	67.93886463116696	-0.18980853908829634	2.451959053586584e-7	-1.2022401805946194e-8	13.456247289572289	1.0306199471160122	5.080225532343804
5.479246542937566e10	67.96414543886712	-0.19105456131197096	1.242008629534783e-7	-6.153454183208686e-9	13.282637774570858	1.0292438908790367	5.373693752530848
5.479275614827946e10	67.98934942120147	-0.19230981688995757	6.286345877232477e-8	-3.147249914589145e-9	13.109319543148118	1.0277478656979582	5.6677833381224705
5.47933296484411e10	68.01450111841496	-0.19357565372799432	3.17896428018475e-8	-1.6083189974435112e-9	12.936256845962149	1.0261046930657753	5.962538974814767
5.479446263626148e10	68.0396173590565	-0.19485302942286778	1.606490923526195e-8	-8.213211888798033e-10	12.763562544593142	1.0242636839971986	6.257905341223047
5.479670443382939e10	68.06472339019564	-0.1961432730736984	8.115148204940291e-9	-4.192099607878175e-10	12.591486123469863	1.0221262849406012	6.553869401790713
5.480114663292357e10	68.08985321717242	-0.1974480197066585	4.100491130596001e-9	-2.1396130782796017e-10	12.420607619960393	1.019499442841531	6.850378613297779
5.480995992080499e10	68.11506152851985	-0.19876964383822096	2.075506097916568e-9	-1.0931289679193147e-10	12.252145286138344	1.016002006424263	7.147313392446934
5.4827464694968216e10	68.14045202132758	-0.20011236597589516	1.0553043761290662e-9	-5.6013602258064655e-11	12.088535829408002	1.0108773977918293	7.444485174234312
5.486224746832131e10	68.16621998747696	-0.20148369221312776	5.421078805149425e-10	-2.890386619150592e-11	11.934669531811338	1.0026236725623325	7.741452207037427
5.49313082823745e10	68.19275647487956	-0.2028981004800011	2.845530585331261e-10	-1.5138867039945538e-11	11.800149105120923	0.9882648581558032	8.037306762672646
5.506793671459318e10	68.2208654589862	-0.20438404936080498	1.5602361833801296e-10	-8.171542462610395e-12	11.703373838912185	0.9619585737443169	8.330085674696925
5.533507488979625e10	68.2522226644849	-0.2059957921772631	9.318184463404557e-11	-4.675370608300709e-12	11.677550050108621	0.912603090219218	8.61504662140161
5.583980260306424e10	68.29037363858733	-0.20782817607543766	6.503187080852695e-11	-2.9641029745754826e-12	11.772495560807911	0.8211339857462242	8.880546059050351
5.671048401255738e10	68.34223249675324	-0.20998872013956849	5.7466859705833125e-11	-2.1625442180479135e-12	12.023774042618143	0.664342800742664	9.100276771064005
