# problem=SEAS Benchmark BP5-QD
# code=Thrase
# modeler=B. A. Erickson
# date=2023/01/09
# element size=xx m
# location=on fault, z = -5.5 km
# Lz = 80 km
# t slip_y slip_z slip_rate_y slip_rate_z shear_stress state
0.0	0.0	0.0	1.0e-9	1.0e-9	13.273061180906112	13.273061180906112	8.146128035678238
6.6349145094533995e7	0.06635822121798672	5.693800310565115e-10	1.0003509349355528e-9	3.107571757974079e-17	19.49003480960245	1.174221613191528e-6	8.14610710447355
2.0300334898212495e8	0.20327323297079156	4.3438456351416653e-8	1.0049864915992598e-9	9.161072783896737e-16	19.489543841476042	2.8641460847758076e-5	8.145589449777432
3.011482046242373e8	0.30257614133008487	2.682699300126921e-7	1.0228014352394668e-9	4.520292687709254e-15	19.487325042392367	0.0001368485762487906	8.143409568731089
3.7588832686262363e8	0.38050083149019076	9.115681357004962e-7	1.0719444131973553e-9	1.4753516988910116e-14	19.48125644027787	0.0004245641910747295	8.137499490018783
4.334185085100298e8	0.4449018588461886	2.362263755419215e-6	1.187486478426491e-9	4.0738904282235664e-14	19.46820680147627	0.0010553114316896274	8.12470591805361
4.760979102365386e8	0.49999066862711283	5.205603372272726e-6	1.4396837126547449e-9	1.0617277610644173e-13	19.444711648315412	0.0022601373341863927	8.101213314455915
5.0484152612011904e8	0.5474800895883923	1.012019554537039e-5	1.9679381955179413e-9	2.7505410381500865e-13	19.409529813338814	0.004260853048658633	8.064694012511364
5.2270545801063013e8	0.5907869730102047	1.8224524135329682e-5	3.148272855899029e-9	7.641348405673646e-13	19.36300384413545	0.007345515647793585	8.013232847353098
5.3161950504511607e8	0.6270537277459932	2.9231713569916045e-5	5.555210837957985e-9	2.0629210052080968e-12	19.31573906716872	0.011148529364991916	7.955816248059784
5.356653079711779e8	0.6564896735332024	4.209616053164234e-5	9.987781565213625e-9	5.0682607859435414e-12	19.27559268380341	0.01512015883327822	7.9010578293651745
5.376395736273851e8	0.6826628333865091	5.721627127461924e-5	1.8385718570716353e-8	1.1975146939023572e-11	19.24145797729639	0.019270271417013474	7.848035420549161
5.386249261408267e8	0.7069766988290637	7.485191729141664e-5	3.454402871142188e-8	2.7697015650939994e-11	19.212671296285265	0.02356511252442584	7.796539129139842
5.391208270196964e8	0.7301706922862993	9.52356163937006e-5	6.599561641536381e-8	6.320176399615394e-11	19.18843909070442	0.027973591842731745	7.746349442777511
5.393710011117221e8	0.7526804491168808	0.00011858256295611842	1.2777684173469785e-7	1.428575704149387e-10	19.167907958368207	0.0324715988733354	7.697211459848328
5.394971668684117e8	0.7747793387094647	0.0001450926063006131	2.5004722576402826e-7	3.2060037461191573e-10	19.15026178939776	0.03704167228413351	7.648863716262103
5.395606763649287e8	0.7966419440385644	0.0001749457291823102	4.935234411495762e-7	7.153810222478734e-10	19.13478831472979	0.041670841917869024	7.601072680886246
5.395925630526824e8	0.8183812388686421	0.00020830190033220488	9.808643285768008e-7	1.588762334086795e-9	19.120904075806116	0.04634943423033215	7.55364459178764
5.396085255643969e8	0.8400705415644535	0.0002453021100940482	1.96065688222668e-6	3.514503992773905e-9	19.108153774854777	0.05107015781334939	7.50642745947091
5.396164921220597e8	0.8617584220317812	0.0002860726266314687	3.938357463146078e-6	7.749056115045469e-9	19.09619453552441	0.05582771164358679	7.45930460704568
5.396204556040378e8	0.883475284305949	0.0003307235361760502	7.944474103614388e-6	1.703931022664034e-8	19.084776379383804	0.06061782707853939	7.412193191753332
5.396224215905607e8	0.9052433678925875	0.0003793599642657107	1.608725766216744e-5	3.738758534007555e-8	19.073718835538656	0.06543785700144045	7.365028267055682
5.396233938568282e8	0.9270782458892556	0.0004320812728213285	3.2692783960777376e-5	8.190404400029603e-8	19.062893420026125	0.070286014138801	7.317761694705623
5.396238732374157e8	0.9489897553760662	0.0004889794197264648	6.666041802181171e-5	1.7920901694962455e-7	19.05220841351444	0.07516080781219288	7.270360471862003
5.396241089779481e8	0.9709938247418981	0.0005501689598465691	0.0001363772746932832	3.918743399588489e-7	19.041590150059456	0.08006311572211591	7.222780621083785
5.396242246350219e8	0.9931162683297321	0.0006158051756641172	0.00028002143049716947	8.570397392760921e-7	19.030968309642528	0.08499657716930206	7.174957931140037
5.396242812747416e8	1.0154056410301724	0.0006861357992409441	0.0005774503023957304	1.876846319606553e-6	19.02025303299027	0.08996998260107864	7.126778407329533
5.39624308991081e8	1.037959860228367	0.0007616149073086212	0.0011977393269291597	4.123870040934383e-6	19.009294022253787	0.09500252643960413	7.07801754933722
5.396243225767453e8	1.0609932453843887	0.000843195800031394	0.0025074509924162135	9.129089387795956e-6	18.99779049067526	0.1001374621581805	7.028188828620175
5.396243292808776e8	1.0849873389901745	0.0009330306241300237	0.0053394663426692655	2.054282682980157e-5	18.985079120357046	0.10547271588628773	6.976201641942387
5.396243326258985e8	1.1108371954225482	0.001035361892716015	0.011685336515705072	4.755852009146204e-5	18.96970081082759	0.11118566979708973	6.920002709067843
5.396243343126326e8	1.1397802889477247	0.001156751841013795	0.026192205244126576	0.00011309534660591941	18.948625588839192	0.11749988450413117	6.856631994977817
5.3962433519818e8	1.1741607070400488	0.001310216795317642	0.05902106219915334	0.0002720142931883024	18.91528652544544	0.12482232711454995	6.780370020641626
5.396243357073675e8	1.218583434150189	0.0015231709630861064	0.12964252886910643	0.0006453194619235787	18.856797254591832	0.13395323170484782	6.679954031400955
5.396243360245745e8	1.2770635984859204	0.001828275014867244	0.2594665972051137	0.0014156296481468045	18.759205703884852	0.14551949367696135	6.545207544260565
5.396243362523956e8	1.357827235911887	0.0022954721625400086	0.47652476429994206	0.0029134233711536326	18.603113202116123	0.16097330025963927	6.356462625143556
5.396243364350169e8	1.473053164423188	0.003054440351972556	0.82106131540004	0.005798659938171281	18.360845125327884	0.18241466666303532	6.0847488874104165
5.396243365857319e8	1.6314179737596788	0.004278052767099317	1.3244420957987162	0.01112145820741976	18.012224175691777	0.21109036607573964	5.709262532211933
5.396243366821228e8	1.7816362709987048	0.005636578515236112	1.8225492047762477	0.017667170424138234	17.678044028383944	0.2375093427998316	5.351703331379875
5.396243367654521e8	1.9580483567558713	0.007480922768450463	2.455014087780576	0.027515747359077518	17.309871738178053	0.26722803906082293	4.928417468826412
5.396243368341861e8	2.1519631363766902	0.009809891874124113	3.236115843429552	0.041420122630044895	16.953620259437983	0.2975560165913545	4.453975047360231
5.396243368948504e8	2.3759491776392454	0.01287490557666545	4.193430895804008	0.061042330936350926	16.553502620079954	0.32911215978883074	3.893312215544808
5.396243369337376e8	2.5533357065036366	0.015576644216254702	4.945907339591255	0.0786207287978372	16.217688259893222	0.3511915305959322	3.4425335877064085
5.39624336964487e8	2.7152661279667667	0.01824592638532733	5.588975899027668	0.09535374034062954	15.879889464172383	0.36841244122393496	3.027326622730364
5.396243369891373e8	2.8593223761294886	0.02077469792529161	6.093403239617346	0.10990903786128763	15.540251293764872	0.3807518114647765	2.655297379962854
5.39624337013048e8	3.010394988992551	0.023573214895169257	6.531219183393699	0.12410423009451785	15.134343896965134	0.3903572555269188	2.2623088630809405
5.396243370365431e8	3.1680925121450914	0.02664533230208676	6.875739547897342	0.13718064305026875	14.650904541592347	0.39666357596248014	1.8485123640981662
5.396243370603448e8	3.3347277389081733	0.030049572819796314	7.102299595940139	0.14841914074660548	14.071262307429663	0.3991920344591712	1.4063128404304763
5.396243370835692e8	3.500694237086443	0.03359173069712011	7.157579674735578	0.1558658486756676	13.422518457730352	0.39740413465876856	0.9585477580150769
5.396243371078358e8	3.6726383776086617	0.037408340089420344	6.964323853936876	0.1573886901918267	12.672257651718144	0.390702459442818	0.480793298789293
5.39624337134157e8	3.8495392195185687	0.041470813830720814	6.430654802901724	0.14982272813515407	11.798263227598781	0.377592107967051	-0.03849555670066415
5.396243371584264e8	3.998157100247518	0.04496567395148015	5.819320075077421	0.13790679957721808	10.9616602335432	0.3603534870931835	-0.5026009933943114
5.39624337186084e8	4.150627791738376	0.048594421706785004	5.23711890522669	0.12491615008136674	10.020591250006792	0.33625226826805754	-0.974934924988713
5.396243372181629e8	4.310790202435448	0.05240459699903285	4.782941374380259	0.11316507068417053	9.055527815274182	0.3063814072165696	-1.353283981141859
5.396243372463402e8	4.441610899145386	0.05547173054281856	4.518313807210481	0.10471826740106048	8.432888200738788	0.28246282273196766	-1.4948005993628588
5.396243372761934e8	4.5734360198476205	0.058475589424878134	4.327249747086682	0.09664126592360445	8.041587549911615	0.2610365500501698	-1.5241890827911886
5.396243373109016e8	4.721279076189191	0.06167886449602168	4.211490176203951	0.08808878565821066	7.860383309350407	0.23910251982724198	-1.5101856025582578
5.396243373522427e8	4.8951746929622	0.06512750722258365	4.229750286894742	0.07888489742509995	7.879593404856461	0.21286534889059475	-1.4958713549054634
5.396243374019947e8	5.110648349801847	0.06878521450093783	4.470093236213811	0.06802978081607627	8.082223625318143	0.17714251190898336	-1.5077148342673912
5.396243374429415e8	5.300510746474543	0.0713661615301225	4.824060430981147	0.057679948638903134	8.332067488876824	0.14315279378864645	-1.5386281553287975
5.396243374725392e8	5.44790321582602	0.07294219691876706	5.141207900468734	0.04853611666042311	8.536012578291817	0.11579981244723317	-1.5681865842136746
5.396243374952679e8	5.567667813974504	0.0739538440376632	5.397877032378545	0.04029879649023755	8.69153375316857	0.09331946742464706	-1.5922142444761096
5.396243375174212e8	5.690028193747591	0.07474786258746922	5.64871837702271	0.03121332513246908	8.838104899583932	0.07046474516645376	-1.6150139482618588
5.396243375422308e8	5.833678482483175	0.07538383465698675	5.932832916693658	0.01985116947071429	9.00300990743925	0.04408461992681003	-1.6391095888507685
5.396243375724466e8	6.018375824594253	0.07575435320656014	6.2970338706170494	0.004372682808233914	9.219022267702343	0.011055451941397034	-1.6671140957867703
5.396243376052352e8	6.231815925236203	0.07559412233883488	6.729104043205367	-0.014516470246699486	9.48240629661823	-0.025951259997265417	-1.6974686534779917
5.396243376256423e8	6.37204401089912	0.07516822294399253	7.015193237164249	-0.027344999897298942	9.65764962886147	-0.04959473216319674	-1.7166274650893534
5.396243376400595e8	6.474643542280835	0.07470637832290238	7.216641919441717	-0.03675428049434814	9.778396094410638	-0.06638914222423173	-1.7299531895071352
5.396243376534337e8	6.5723651910640495	0.07415584262037922	7.394715355423179	-0.045575190033341144	9.880975605175806	-0.08178407558406173	-1.7416936564105063
5.396243376673998e8	6.676850514107424	0.07345536623595557	7.564894468164534	-0.05470477303018361	9.973571381237868	-0.09740719604966172	-1.7528362150133971
5.396243376794984e8	6.769174633748584	0.07274690425210059	7.694009922447264	-0.062353310848974636	10.038315059517593	-0.11028874381112394	-1.7612408038901926
5.39624337691031e8	6.858517802171494	0.07198770799484226	7.796487244779354	-0.06922693497811733	10.083481974972422	-0.1217077302333783	-1.7679243084734688
5.396243377023244e8	6.947026738223344	0.0711703829773947	7.874497594523997	-0.07542369333738343	10.11063746490479	-0.13186326368060872	-1.7730298117032224
5.396243377143258e8	7.041906065205234	0.07022893415462858	7.932809325459314	-0.08135069436625716	10.121906037864505	-0.14145372529563868	-1.776808834300508
5.396243377289346e8	7.158124152906141	0.06899338251159724	7.972393678778163	-0.08763087217293578	10.115051442484258	-0.15151449120287183	-1.779215645990779
5.396243377483307e8	7.31291024862922	0.06722471841762037	7.980438978316615	-0.09446754292603572	10.080008689785878	-0.16244145273885072	-1.7792462863402183
5.396243377748412e8	7.523940236911456	0.06462303355320875	7.93026545443871	-0.10137841412132224	10.001849355186707	-0.17370210308857523	-1.7750572586679723
5.396243378096001e8	7.797420518724365	0.06099131136312293	7.795720317644064	-0.10702579544269755	9.87299804423715	-0.1836512692671365	-1.7651878291386616
5.3962433785311e8	8.131831148208978	0.05625319411700876	7.568760222685752	-0.11017640846016395	9.698490330078172	-0.19089852231282925	-1.7495776619644923
5.3962433790666e8	8.528778224785944	0.05033629718532789	7.253082777865528	-0.11028760085236662	9.48626713943981	-0.19504376759654588	-1.728672256969942
5.396243379713187e8	8.985072175473986	0.04328506417375068	6.861098867538953	-0.10745395331924622	9.245242614230165	-0.1964000158648871	-1.7029894576787559
5.396243380465965e8	9.484680746842422	0.03537958920262841	6.415757459562255	-0.10240815102211916	8.98693938132299	-0.19582932187422616	-1.6732521236857762
5.396243381304443e8	10.002690136932495	0.02705257456051101	5.944987972541584	-0.09619059072686528	8.72398356103907	-0.1943534576479776	-1.6403387055799976
5.396243382197582e8	10.512455584432725	0.0187543329408104	5.475675704606143	-0.08968348572530482	8.46866127235122	-0.192706019142265	-1.605313559628448
5.396243383142328e8	11.007706957273003	0.010590896745798061	5.014529652337659	-0.0832102990144955	8.223284540079497	-0.1911774539510436	-1.5681277995900957
5.396243384144318e8	11.487214098795988	0.002576882070601168	4.5627226133798215	-0.0768307265042585	7.988216592304404	-0.18982779827253576	-1.5284213640646482
5.3962433852116e8	11.950243608441944	-0.005282175975450924	4.120504040446637	-0.07051781868531581	7.7639174633669015	-0.1886445107142479	-1.4857431858995684
5.396243386354762e8	12.39616212578419	-0.012979443970001513	3.6877144306925316	-0.06422270609696283	7.551003602387659	-0.18761192095763365	-1.439514690531133
5.39624338758761e8	12.824244043870785	-0.020502704542245672	3.263967272087669	-0.057900127015323266	7.35031036449174	-0.18674069358490822	-1.3889694116021196
5.396243388928401e8	13.23353127931302	-0.027832369242291786	2.848689935658746	-0.05151492067785339	7.162997786625944	-0.18608168010565848	-1.333057203061624
5.39624339040149e8	13.622565243431458	-0.034937476200949884	2.4411952893969557	-0.0450416266523119	6.99077868451139	-0.18573859987490934	-1.2703006931955652
5.396243392039915e8	13.989020472541362	-0.04176952855628724	2.0407156105157944	-0.03846078523882807	6.83628146847375	-0.18589017779217074	-1.1985464048426697
5.396243393885214e8	14.328421796121214	-0.04823800583939394	1.647263920871426	-0.0317683311829523	6.703942083200893	-0.18683331196388384	-1.1147054519525126
5.396243395973237e8	14.631359512193646	-0.05415270618823869	1.2645421882204995	-0.025022995584578413	6.601496301863541	-0.18904298918557713	-1.014935256283707
5.39624339826669e8	14.879323127647034	-0.05912695271382442	0.907957468223154	-0.018497596058607894	6.540626885995316	-0.1931169289020945	-0.8975323482850984
5.396243400680479e8	15.059335281189602	-0.06285030212203424	0.5932178350385413	-0.012491922954540349	6.52957385450717	-0.19964450362425132	-0.7624215031682726
5.396243403252783e8	15.175510356368655	-0.06533939633534341	0.32145452755721204	-0.007038481696283973	6.572996629538061	-0.20956562230386308	-0.6027562884934986
5.396243406235344e8	15.236504672744747	-0.06670128040273572	0.10959161916140062	-0.002513241282649528	6.685489630457617	-0.22435624115091232	-0.40251404473711955
5.396243410470252e8	15.256884865343283	-0.06717710381241844	0.015476119778106643	-0.0003710488336269233	6.900248485289261	-0.243953253289485	-0.145766851865445
5.396243418183762e8	15.260631497948829	-0.0672680233236788	0.0010175211885227195	-2.520159009347948e-5	7.195939025591294	-0.2646461068644208	0.15489346764981918
5.39624343269278e8	15.261027878618178	-0.06727791548147165	4.331340218573148e-5	-1.097191927836298e-6	7.474579736884756	-0.2823327034716623	0.45566567833293614
5.396243459517184e8	15.261056641518897	-0.067278647926901	1.4479865696296473e-6	-3.7298773477348765e-8	7.7042486385526345	-0.2966523850193348	0.7427707498839358
5.396243509283621e8	15.261058333124927	-0.06727869167724322	4.1014869678211904e-8	-1.070852747687568e-9	7.8956746477464534	-0.308656657832852	1.0214198128225156
5.396243602889229e8	15.261058419096583	-0.06727869392933349	9.976773493232445e-10	-2.635084741846042e-11	8.062557492402966	-0.31922079872338127	1.2981068406843987
5.396243780643296e8	15.261058422910823	-0.06727869403036421	2.1236210928290633e-11	-5.666832833601168e-13	8.213130826504816	-0.32883650953503274	1.5756634297872827
5.396244120197533e8	15.26105842306096	-0.06727869403438072	4.050336558017719e-13	-1.090975474984474e-14	8.352153776852965	-0.33778462045319135	1.8548924920271794
5.396244771565409e8	15.261058423066316	-0.06727869403452524	7.071240148059492e-15	-1.921235432920939e-16	8.482607811755024	-0.34624172243697005	2.135874620289564
5.396246025255928e8	15.261058423066494	-0.06727869403453003	1.1494979520605376e-16	-3.148628376851521e-18	8.606494503553414	-0.3543271910970216	2.418471087221356
5.396248445009568e8	15.261058423066496	-0.06727869403453016	1.7629497509062834e-18	-4.8662590512113215e-20	8.725224373067185	-0.36212574894776384	2.702497586715575
5.39625312693372e8	15.261058423066496	-0.06727869403453016	2.5763691494369525e-20	-7.163966843393156e-22	8.83982969235938	-0.3696998385018555	2.987786989676033
5.396262206223507e8	15.261058423066496	-0.06727869403453016	3.614710610268715e-22	-1.0122388938402167e-23	8.951087731052475	-0.3770968079145316	3.2742038662924537
5.396279849822336e8	15.261058423066496	-0.06727869403453016	4.896731039760537e-24	-1.38061747711012e-25	9.05959787096237	-0.384353426644515	3.5616449964947647
5.396314203596473e8	15.261058423066496	-0.06727869403453016	6.433143522967099e-26	-1.8258162853568967e-27	9.165829711763841	-0.3914986859286542	3.850029363024091
5.396381224283825e8	15.261058423066496	-0.06727869403453016	8.222610398453757e-28	-2.3487228976671897e-29	9.270164116386717	-0.3985562509353686	4.13931241081388
5.396512208297492e8	15.261058423066496	-0.06727869403453016	1.0254773156548965e-29	-2.9475930242671686e-31	9.37290050699584	-0.4055446888504861	4.429435833845081
5.396768664080684e8	15.261058423066496	-0.06727869403453016	1.250431530942362e-31	-3.616260574210688e-33	9.474292653639715	-0.41247960663024696	4.720374204727497
5.397271669193088e8	15.261058423066496	-0.06727869403453016	1.4933684102024528e-33	-4.344800514217143e-35	9.574552606246833	-0.41937353428019963	5.012105037393733
5.398259928044591e8	15.261058423066496	-0.06727869403453016	1.749640445451022e-35	-5.120390623258603e-37	9.673862036843524	-0.42623604598059583	5.304603354968112
5.400204704699428e8	15.261058423066496	-0.06727869403453016	2.014316258597672e-37	-5.929010854468984e-39	9.772384961710962	-0.43307343179256175	5.597837785258115
5.404038269813832e8	15.261058423066496	-0.06727869403453016	2.281735779265392e-39	-6.754065428694167e-41	9.870299076574831	-0.43988855854458353	5.891808630449419
5.411607132012376e8	15.261058423066496	-0.06727869403453016	2.5481456091483827e-41	-7.584064279507584e-43	9.96780860802091	-0.44667722251962916	6.186496603600087
5.426573893104962e8	15.261058423066496	-0.06727869403453016	2.8137543734786904e-43	-8.41871659762566e-45	10.065204685249846	-0.45342334971060994	6.481879410417266
5.456215069544921e8	15.261058423066496	-0.06727869403453016	3.086746420274375e-45	-9.280844623570704e-47	10.162974846576041	-0.46008872938083734	6.777946108636558
5.515000087151647e8	15.261058423066496	-0.06727869403453016	3.394848159595685e-47	-1.025082504127957e-48	10.261995842726385	-0.4665908222357946	7.074658058491565
5.631722207892312e8	15.261058423066496	-0.06727869403453016	3.80904698543983e-49	-1.1536996639638758e-50	10.363941986632192	-0.47276028563016115	7.371951820727673
5.863683722580137e8	15.261058423066496	-0.06727869403453016	4.5104746622300056e-51	-1.3672507049654926e-52	10.472090932523834	-0.4782560599064787	7.6697261690719225
6.324690522634603e8	15.261058423066496	-0.06727869403453016	6.03026024692819e-53	-1.8213033267331603e-54	10.592901923652526	-0.48239692285692737	7.967757172648072
7.239391580796032e8	15.261058423066496	-0.06727869403453016	1.040668563078886e-54	-3.1044829218723247e-56	10.739123901152674	-0.48383757784397763	8.265560250936788
9.04346403134135e8	15.261058423066496	-0.06727869403453016	3.0207812683425395e-56	-8.749512581138666e-58	10.935630642377369	-0.479978021013888	8.561962035378246
1.253765423756434e9	15.261058423066496	-0.06727869403453016	2.4544880969932604e-57	-6.677467313674256e-59	11.228918143132255	-0.4660875516495411	8.853784018018258
1.8956213152151854e9	15.261058423066496	-0.06727869403453016	1.3399358538583113e-57	-3.2234611335724624e-59	11.694263459594488	-0.4350896223834546	9.132258720623591
2.9406357015826516e9	15.261058423066496	-0.06727869403453016	1.4086866913262867e-56	-2.728872839044806e-58	12.416133138634443	-0.3816088902841712	9.380394215062953
4.434296009441741e9	15.261058423066496	-0.06727869403453016	7.129315961816891e-54	-9.75186977900411e-56	13.5021046935938	-0.3073855693991727	9.590470851391656
5.969812915232712e9	15.261058423066496	-0.06727869403453016	4.763052101542082e-50	-4.302707445595887e-52	14.79820403842347	-0.23906364740354288	9.734814911645522
7.225950004247949e9	15.261058423066496	-0.06727869403453016	3.291252412762408e-46	-1.9780835288634558e-48	16.039708360019752	-0.1888087885689341	9.825187525494394
8.650281068668509e9	15.261058423066496	-0.06727869403453016	2.9302715161952183e-41	-9.178585900526476e-44	17.61644723772796	-0.13246381177266084	9.909056020906135
1.0235305289941816e10	15.261058423066496	-0.06727869403453016	2.208916904728687e-35	-6.258965112588728e-39	19.467994498255045	-0.0631681300138662	9.986578315964872
1.190987830376e10	15.261058423066496	-0.06727869403453016	3.827762141967551e-29	9.428120032900318e-32	21.402402660223167	0.01971415117297395	10.055769889195803
1.2730783333165943e10	15.261058423066496	-0.06727869403453016	4.164832186508649e-26	1.5407650516266752e-28	22.32046457189984	0.06316412871783175	10.084345706041315
1.302136558583827e10	15.261058423066496	-0.06727869403453016	6.388242403112126e-25	2.567564214223173e-27	22.53192964181762	0.07823736220630742	10.071389406808324
1.3207313013230152e10	15.261058423066496	-0.06727869403453016	4.9678848156157666e-24	2.0688488752201427e-26	22.513152550628114	0.08693226518229316	10.03188811411492
1.3392139521909184e10	15.261058423066496	-0.06727869403453016	4.3985552917624737e-23	1.900792985938704e-25	22.435256719320485	0.09498868456962198	9.980087780985663
1.3579326382229221e10	15.261058423066526	-0.06727869403453005	4.331297236290433e-22	1.9455905071906606e-24	22.3432175183814	0.10282666426391932	9.924476796435663
1.3764512821889694e10	15.26105842306684	-0.06727869403452857	4.416910752514952e-21	2.061217251828446e-23	22.249283818929506	0.11040508614868097	9.86870853465717
1.395005445138446e10	15.261058423070198	-0.0672786940345125	4.761644602984738e-20	2.3062821497910847e-22	22.15456508934046	0.11790524050668175	9.81285595153852
1.4238826778196861e10	15.261058423225835	-0.0672786940337265	2.1028780916455044e-18	1.0756643687481222e-20	22.008431991607715	0.12948541946929762	9.727185755339635
1.4766630821217642e10	15.26105861678973	-0.06727869296228633	2.649966734871439e-15	1.48460433747573e-17	21.754560603488848	0.15060888315540313	9.579599120476658
1.5273965660702202e10	15.261270321585032	-0.06727742220609965	2.9174254995934264e-12	1.7704775270307444e-14	21.53996926480803	0.17128216699972112	9.456272596772015
1.551245474285526e10	15.265766831319052	-0.0672494523091082	5.296199218035619e-11	3.3258098399616995e-13	21.45476410068924	0.18232403166219005	9.40537670470111
1.565473726237742e10	15.27823841138812	-0.06717038167685804	1.187535962929777e-10	7.580431063008622e-13	21.40928547327514	0.19071206532104082	9.373713859271808
1.5791211569417051e10	15.296729089928096	-0.0670515444478953	1.4703529758715636e-10	9.507151595729895e-13	21.3597215158888	0.19888771381917827	9.33932271283379
1.592655143648752e10	15.317398197114706	-0.06691709556645942	1.5701242810926259e-10	1.0272942934451934e-12	21.30203680503633	0.2059424703403018	9.302442961688639
1.6065822891812408e10	15.339663048825232	-0.06677053171778438	1.623182404843466e-10	1.0749928343569902e-12	21.239047698212126	0.2121353833795743	9.263941275132039
1.6195703224666052e10	15.360981175049446	-0.06662851651881306	1.6578569236376536e-10	1.110964800144848e-12	21.18049319070466	0.21720280110737125	9.228770859587623
1.6317828374423319e10	15.381383693428212	-0.06649099822261155	1.6820855988577282e-10	1.1404549072098686e-12	21.12695160286126	0.22156460523840552	9.196944829539984
1.6462414380491392e10	15.405849360906025	-0.06632391005985988	1.7002336307611683e-10	1.1697507354148715e-12	21.066540635622566	0.22657203963549602	9.161428532223876
1.6728735308791227e10	15.451282586095228	-0.06600685095941215	1.7063494111250523e-10	1.2082000675965745e-12	20.967277353355634	0.23595704396550668	9.103940983825925
1.6980063539373928e10	15.494154080747784	-0.06569868263883512	1.724302933828244e-10	1.2607375649967111e-12	20.891405980605263	0.2457775635097912	9.060141494979888
1.7100549670636923e10	15.515684497266847	-0.06553933017557637	1.8830799312813505e-10	1.4125251799020503e-12	20.8629159882313	0.25294624771538243	9.041037498050324
1.7203739131411106e10	15.53636711327688	-0.0653821798027109	2.127941713266958e-10	1.6359297334538777e-12	20.839197827860808	0.26105044021478563	9.022344932664183
1.730371301449303e10	15.558650796726663	-0.06520917706878941	2.3156484886287253e-10	1.8130844596684939e-12	20.810046776601773	0.26861958851295376	9.000766365334794
1.740247981606742e10	15.582120806220528	-0.06502415437707726	2.4272729910195086e-10	1.9251240759440406e-12	20.774931470880894	0.2748549591197481	8.977125417056682
1.7502726937420864e10	15.606824576367087	-0.0648271996772517	2.4961936848628016e-10	1.9996101569715766e-12	20.736068828404335	0.27993947299724453	8.952281738346523
1.759421489817664e10	15.62986493430508	-0.06464192694494962	2.5377233662061583e-10	2.047958790025494e-12	20.699947322978936	0.283585188854803	8.9297168145156
1.7679191127162647e10	15.651540731004449	-0.06446646527481124	2.5615491928332993e-10	2.0797245610813846e-12	20.666758109953612	0.2862844868220131	8.909314520900372
1.7775875560524406e10	15.676372501287423	-0.06426415145552551	2.573191213441132e-10	2.1042090879455057e-12	20.63023646979486	0.28901347037963615	8.887260948501195
1.7899409573962776e10	15.708392568568705	-0.06400048452672136	2.6406534742911807e-10	2.1960251903146342e-12	20.587810845525915	0.293283259009288	8.861259269624597
1.7977254940672993e10	15.729699969520023	-0.06382124887789531	2.8674391152383174e-10	2.443221746740574e-12	20.564479776662388	0.29810584877463703	8.844691314031689
1.804982438513202e10	15.751702558726196	-0.06363123625467727	3.203025958753096e-10	2.800542058238327e-12	20.541617625677354	0.3042437346897282	8.826641650585623
1.811896739190844e10	15.774916837965646	-0.06342615267111494	3.5016140429058495e-10	3.1214025201740517e-12	20.51424862340543	0.31020291009079265	8.805896061819295
1.8186044008393093e10	15.79920255078653	-0.06320812669020366	3.7302020945396254e-10	3.3692685203220434e-12	20.481457091335535	0.31515820877726486	8.782746214657308
1.825177939964479e10	15.824331821194667	-0.06298009163760321	3.9105344292691e-10	3.562595454848699e-12	20.444699734865516	0.3188762431161635	8.757965602617105
1.8310693678413944e10	15.847819410797193	-0.06276552486569857	4.0663707382816983e-10	3.724376460188702e-12	20.409273538377626	0.3212031114517698	8.734496122451771
1.8363191452622696e10	15.86967170365489	-0.06256473470384714	4.286011776471796e-10	3.955513320696449e-12	20.376763993811245	0.3230858820089075	8.71250121822617
1.8411056009780426e10	15.891118946797391	-0.06236527672482575	4.72904104978221e-10	4.438904385050362e-12	20.346623336476604	0.32605875916750776	8.69041154848563
1.845492884219393e10	15.913292382507366	-0.06215476697214696	5.420306169379311e-10	5.204564063193866e-12	20.3160415272636	0.3304608979862258	8.666329625774791
1.849523972258056e10	15.936727044031814	-0.06192728116473501	6.227878066288214e-10	6.106587010949429e-12	20.281217254337243	0.3353490612390821	8.638965553422015
1.853232529389305e10	15.961410150262115	-0.06168301555940147	7.127394795190873e-10	7.117263918317945e-12	20.240699071364908	0.3400166027259184	8.607990359085509
1.8559407271568302e10	15.982024672366453	-0.06147528767900207	8.223126743328873e-10	8.375200312837402e-12	20.206047577589693	0.3442954382440091	8.580459575981044
1.8579186941058968e10	15.999755703683046	-0.06129237517828111	9.92989294074702e-10	1.0395821826281713e-11	20.178261162700444	0.34948478410818384	8.55535404220529
1.859028365504211e10	16.01175160807927	-0.06116516773611199	1.1902728370380694e-9	1.2800485198219252e-11	20.16180174495998	0.3544381718529821	8.537471099999674
1.859941427410532e10	16.023908794527948	-0.06103219570761617	1.5099956944248017e-9	1.6815880322943166e-11	20.147920397865256	0.3610563098601366	8.518560761286901
1.8606952364769684e10	16.037106419845745	-0.060881984457297394	2.0623318137161025e-9	2.4004481869276073e-11	20.13605684048634	0.36999568242862146	8.497223445723849
1.8612771331198788e10	16.051488302677956	-0.060710245907116336	3.011231483224068e-9	3.688890178077538e-11	20.126078124370288	0.38130850668705885	8.473222034136496
1.8617218903360153e10	16.068186643333124	-0.06049950952748103	4.7738796881447564e-9	6.202668831186032e-11	20.11688217575287	0.3956912597337679	8.444642594768817
1.8620443031507908e10	16.08828908732943	-0.06022924505649683	8.358041355355244e-9	1.161352871426529e-10	20.107326573763892	0.41386282721050577	8.40951403876441
1.862231816463255e10	16.108882302131125	-0.05993369903413214	1.482850602995438e-8	2.1953026806754857e-10	20.098324221806998	0.4327515160797618	8.3729379013597
1.862353896517357e10	16.134040975949308	-0.059547572171578016	2.981331348312716e-8	4.73575881375809e-10	20.087701787992565	0.45566331407163146	8.327670352329857
1.8624146595710846e10	16.1592309160018	-0.059134247995306394	6.010544010215117e-8	1.0171967794438582e-9	20.07746116543951	0.47801903918055616	8.281865116236196
1.8624457633826054e10	16.185740755981257	-0.05867176627184432	1.2677585446194268e-7	2.2764781509323308e-9	20.067501675725858	0.5004904921214685	8.233210887285734
1.8624603913613953e10	16.21211933361744	-0.058185320592059005	2.695740739145895e-7	5.097921531342392e-9	20.05851125064519	0.5213975600830566	8.184314914762373
1.862466646962232e10	16.235322308911858	-0.05773757041446728	5.318009224531168e-7	1.045989621394065e-8	20.051816935927896	0.5381302107589115	8.140828963507664
1.862469721122998e10	16.257764462005788	-0.057288749178624795	1.0437218702217062e-6	2.1201960473607664e-8	20.046527689997227	0.5524986335950284	8.098232838310942
1.862471095379885e10	16.27665929446434	-0.05690037923534657	1.8663706836678712e-6	3.879017497944662e-8	20.042831022848652	0.5630633938603431	8.06187690558582
1.862472010720009e10	16.301087241124236	-0.05638618469415262	4.015827560193671e-6	8.553241528331365e-8	20.038416074797176	0.5747360389372455	8.01412589160803
1.8624724843649635e10	16.33027630306661	-0.05575692625739255	1.0179425111623736e-5	2.2189327130632768e-7	20.032623609626775	0.5861345903814259	7.955954444115643
1.8624726717713215e10	16.359824452090017	-0.05510665846971411	2.634948078278084e-5	5.849775447487659e-7	20.025538994893886	0.5953832630689262	7.895960475524441
1.8624727425843384e10	16.38842509435648	-0.0544670686611211	6.649887450172204e-5	1.4971508240111838e-6	20.017406509314533	0.6026334183351486	7.837020344970147
1.8624727709992275e10	16.417691727661563	-0.05380421188881138	0.00017193825467816138	3.915929858149073e-6	20.007912295408865	0.6087359437741028	7.776012957642601
1.8624727819820946e10	16.446946166019536	-0.053134680072396974	0.0004445682165578845	1.0221222901672498e-5	19.997393580478764	0.6138357758363007	7.714487623688929
1.862472786249128e10	16.47638184938271	-0.05245513970632799	0.0011529431108778586	2.6719454681229295e-5	19.985839394675374	0.6182124755538532	7.652150004671993
1.8624727879207634e10	16.50644165184842	-0.0517560194439803	0.00302050765734363	7.048814973999759e-5	19.97285684127923	0.6220887899876758	7.588108399585467
1.86247278858827e10	16.538366829557415	-0.051008551711897464	0.008157393569536006	0.00019158827825074818	19.956939796429488	0.6256766014861553	7.519643811830389
1.8624727888629753e10	16.574965753859015	-0.05014615309861155	0.023344170832092854	0.0005517905628569301	19.933360134434658	0.6291670544865557	7.440341071037723
1.862472788981008e10	16.621297703166608	-0.049047056279863666	0.06897561820710843	0.0016418582685120006	19.888871725608148	0.6325842010480803	7.337984853281621
1.862472789036139e10	16.682921548620865	-0.04757404672010433	0.18089027560118584	0.004341386768060507	19.800915712143826	0.635642551817356	7.198084679543277
1.8624727890678936e10	16.769016307556935	-0.04549648496474811	0.3975563622283886	0.009645356943895764	19.64359462551659	0.6384125741771519	6.998153662737584
1.8624727890908558e10	16.898353651397105	-0.042332793969944375	0.7781449076024939	0.019191672016991644	19.375825039523313	0.6414591046994416	6.693766053578027
1.862472789108935e10	17.08781185686506	-0.03760128341663304	1.3807346727129743	0.03491975716937652	18.95913204546205	0.6453406081021765	6.2447373577427685
1.8624727891213356e10	17.299661784105414	-0.03217196936657037	2.0934029774644194	0.054269968054940526	18.487975652418534	0.6485031515593577	5.740743264135411
1.8624727891309425e10	17.540900223093	-0.025872415842258124	3.0067425285055194	0.07898154800734195	18.00530357019148	0.6491299786020829	5.162180493331288
1.8624727891391193e10	17.834200204665756	-0.018083461240600136	4.252925683258321	0.11452902095844779	17.49256512583046	0.6556496937550664	4.440944677748402
1.8624727891448326e10	18.110279927319976	-0.010521120091126308	5.4635461030808	0.15232291666639808	17.000183483765717	0.6643660517279588	3.745672733720218
1.862472789147858e10	18.28696237140835	-0.0055413544907687825	6.233061038282625	0.17744063815755395	16.669144748809153	0.6682801971625124	3.2954196114930254
1.8624727891501987e10	18.4403704037099	-0.0011475936812087874	6.881604940154805	0.19792252738645447	16.367377697917085	0.6684148563530203	2.9020006604885866
1.862472789152107e10	18.57684524459371	0.0027759751639351567	7.424823181646295	0.2128742819294883	16.08175553631515	0.6639132007491708	2.5501091465838104
1.862472789153866e10	18.711700621361572	0.006612879340346012	7.909820968854664	0.22276905454772153	15.776379736390034	0.6536184241542038	2.200293137256352
1.8624727891555004e10	18.844349094301403	0.010294856057868252	8.316106237114406	0.22703605610521527	15.445885350250428	0.6372456689006281	1.8535298138120064
1.8624727891570232e10	18.973397483996045	0.01375150334954027	8.62369176881107	0.22636615624721917	15.088714624043071	0.6158784399966036	1.512734278816618
1.862472789158471e10	19.099785280267376	0.01700071568359329	8.817162771517376	0.2219365470013406	14.699494087622817	0.5909965101563803	1.1743575140394609
1.862472789159898e10	19.226199425553677	0.020118018739557576	8.869085773224267	0.21435084176432448	14.267165611004124	0.5636085513734714	0.829113753199851
1.8624727891613922e10	19.35786429556642	0.02323986471253361	8.727953508785914	0.20321957669621493	13.765719332657092	0.5335162658893459	0.4581551957884705
1.8624727891629593e10	19.492067377812994	0.02631518648231977	8.371409251445353	0.18903531762665873	13.190755746492421	0.501678918823347	0.06209008280094381
1.8624727891646553e10	19.62985317589561	0.02938869672182257	7.869278675173984	0.17363601787316876	12.521129601860288	0.4679829512886362	-0.36709654380843043
1.862472789166327e10	19.757376410402212	0.032181122206596066	7.397975503455617	0.16094061980388352	11.829457016314485	0.4362835304138462	-0.776063579391599
1.8624727891681763e10	19.89013804723221	0.035056012443410695	6.977804569460013	0.15055368142205158	11.061944874210873	0.4035038782515775	-1.1773518431430696
1.8624727891703445e10	20.037254853603855	0.03822296317574415	6.617454017073354	0.14218847638574078	10.236752631773648	0.3691728629446204	-1.5057453840568953
1.8624727891722992e10	20.164171712782277	0.04094442783418718	6.381238624972965	0.13644222998690395	9.644772163653052	0.3433072901902269	-1.6424602347950013
1.8624727891742325e10	20.28577044657319	0.04353113950370253	6.2093191322731665	0.13121337483873513	9.239198111523201	0.3227355495466716	-1.6799216683531657
1.8624727891764957e10	20.424709478641375	0.046432987519474216	6.079939133090137	0.12520524569701832	8.969540780264204	0.30358459654477044	-1.676023863497424
1.8624727891793007e10	20.594205147027772	0.04984234049950591	6.0291487445769745	0.11801487886895694	8.859601275121385	0.28403431877800844	-1.659782559405389
1.862472789182862e10	20.810300122391187	0.053889148204549694	6.13740061899766	0.10927648925626121	8.942055769213518	0.26096643369344197	-1.6538916205884504
1.8624727891868214e10	21.059118891248776	0.0580197436126149	6.464044603497597	0.0991907959034567	9.201917343133012	0.23322243359297637	-1.6712241978163302
1.8624727891892944e10	21.222442336258787	0.06038663427726775	6.75421820587654	0.09211803994215306	9.41497166413479	0.21361907927856175	-1.6911304234274325
1.8624727891910748e10	21.34474929008552	0.06197708044560246	6.983580845824532	0.08639017710231667	9.574453341928354	0.19806646729148195	-1.707633448286696
1.8624727891926918e10	21.459355657871743	0.06332671401352416	7.194463986744381	0.08043247401654653	9.714575785675528	0.1826743507444162	-1.72288673711241
1.862472789194413e10	21.585108106181448	0.06464933641182119	7.418879563760839	0.07308457861043827	9.858660520017033	0.16494322552825327	-1.7385869110889494
1.86247278919647e10	21.74049493738426	0.06605049718269414	7.692531440444277	0.06291919664822512	10.031731831143908	0.14221966417349788	-1.7564095816718552
1.8624727891991207e10	21.949385131560728	0.06752278471445497	8.068447348305781	0.04775782908937653	10.270834731988607	0.11101675126192492	-1.778720211207599
1.8624727892017292e10	22.165069362646022	0.06855147965873136	8.474039266892975	0.030805399485250948	10.531861602576903	0.07868488190711523	-1.8010802792074296
1.8624727892033337e10	22.303171860680933	0.06895683337677658	8.737377901661956	0.019658302448600375	10.701008568700196	0.05836860813880442	-1.8151532948690987
1.862472789204463e10	22.40285936201916	0.06913392510786315	8.921261871281859	0.01170709707851927	10.816760369429865	0.04415797144222113	-1.8249482343243464
1.8624727892055313e10	22.49912967670924	0.06921870974670757	9.0880026262789	0.004152578248499702	10.918220126608482	0.030834787227736495	-1.8338291767364063
1.862472789206665e10	22.603132544844375	0.06922047893719835	9.2522918038379	-0.0038201898067293442	11.013637476736228	0.01693619166082785	-1.842516653039898
1.8624727892076935e10	22.698990634028544	0.0691448107144596	9.386023967903936	-0.010846335778871827	11.086661680263951	0.004789937492721632	-1.8495211707217618
1.8624727892086372e10	22.788073027012185	0.0690132232262483	9.491990254386305	-0.016989311978196118	11.139551816504884	-0.0057639831147572075	-1.855049886259845
1.8624727892095676e10	22.876745985702062	0.06882837148009027	9.577876630431986	-0.022717495525411798	11.176553162728489	-0.015544871902744426	-1.8595163242972832
1.8624727892104935e10	22.965753364371785	0.06859282488241068	9.64411366958016	-0.028108787287197224	11.19832401674362	-0.024691120079846505	-1.8629068187544418
1.862472789211538e10	23.066741182451256	0.06826914533016998	9.696536705782723	-0.03383056440632328	11.206470419603711	-0.03433742444646968	-1.865452177456218
1.8624727892128624e10	23.195473633182104	0.06777574196775958	9.732596299987575	-0.04055894457616836	11.19606580696459	-0.04561943114909892	-1.866880763351582
1.862472789214673e10	23.371814276314293	0.06696495952078639	9.736199058833726	-0.04881154850086085	11.153864715701992	-0.05942078762000067	-1.8661460510173595
1.8624727892171566e10	23.61302609300308	0.06562923412220231	9.676916916838593	-0.05842947711135204	11.062139322329706	-0.07559346691012966	-1.8615626625457957
1.862472789220314e10	23.916474201788315	0.06362467768635377	9.530990448518692	-0.06807202922648087	10.916079884082514	-0.09220493516600656	-1.8522067899335335
1.862472789224138e10	24.276515603893678	0.06085105531988618	9.294832388891514	-0.07647898058964125	10.723560251973858	-0.10759332240850264	-1.8383291881084816
1.8624727892287136e10	24.69451359589366	0.05719180877624067	8.973103854034518	-0.08291948805210513	10.493163403719798	-0.12101192541203296	-1.8203655068302027
1.8624727892341267e10	25.169456787956463	0.05257945807269686	8.576149976232669	-0.08700206878044686	10.233452926306292	-0.1321573093004336	-1.7987343981481103
1.862472789240376e10	25.691127622010097	0.047075646550353734	8.12190312526717	-0.08874606555559734	9.954365595312801	-0.14108741074627704	-1.7739456460481877
1.862472789247344e10	26.239923097502594	0.0408884286247198	7.634168316263828	-0.08858148194010641	9.667049752679112	-0.1481582224370476	-1.746639486907175
1.862472789254875e10	26.795850509488123	0.03426716545088603	7.134353367492715	-0.08710062879356176	9.380728779168159	-0.15383875017869048	-1.71736457422504
1.8624727892628014e10	27.341536259577897	0.027450970706613096	6.639654232220887	-0.08479440043018693	9.10292526662608	-0.15847652388984815	-1.6866374825882084
1.8624727892711357e10	27.87443571315091	0.020500678726479073	6.152892957923375	-0.08192085947943002	8.834032783770745	-0.16234320196717358	-1.6542869190623983
1.8624727892799126e10	28.393230845859684	0.013455106004011239	5.6752547948135055	-0.07859322144754337	8.574327555822158	-0.16556980342091815	-1.6200914451077688
1.862472789289167e10	28.896526328828745	0.00635311382987742	5.207749520939526	-0.07486135950733304	8.324420690707576	-0.1682240729781754	-1.5838283567191236
1.8624727892989567e10	29.383644373829316	-0.0007749781351905795	4.750571843997511	-0.07074862482689062	8.084734939839514	-0.1703619649537962	-1.545190542817749
1.86247278930936e10	29.85426248382418	-0.007902794065000216	4.303439217250198	-0.06627196886902875	7.855635516487105	-0.1720457391107432	-1.5037674000967034
1.862472789320473e10	30.30781695247505	-0.014999525782287774	3.86612603452625	-0.06145321487900767	7.637711763369687	-0.17335048148634982	-1.459050308387855
1.8624727893324223e10	30.74380535256566	-0.022034976062267262	3.4381177384883688	-0.056316102915202226	7.431647785094164	-0.17436984894916033	-1.4103497606154982
1.862472789345368e10	31.161299996441972	-0.028972379804228694	3.018980176106498	-0.05088830065968106	7.238502399504462	-0.17521944274434417	-1.3567586730631291
1.862472789359532e10	31.559225909985656	-0.03577317526891999	2.6079155022354787	-0.04519308049158146	7.059666390511502	-0.1760464194041612	-1.2969789301492038
1.8624727893752064e10	31.935687543244526	-0.04238578277864461	2.2041499732596983	-0.039251119298087424	6.897334001568318	-0.177046299793413	-1.2291626191817535
1.8624727893927715e10	32.28719386135905	-0.04873087088453648	1.807317672409808	-0.03308401697173062	6.755112734111613	-0.17849689976985614	-1.150645661906418
1.862472789412646e10	32.60681990622348	-0.05466460694077849	1.419019698334272	-0.02673805202156558	6.639183556967033	-0.1808140106501683	-1.0577897576257629
1.8624727894349255e10	32.88049102067492	-0.05989890266172484	1.048047254435028	-0.020376449022425462	6.559740499069115	-0.18458101424013537	-0.9471554806903602
1.8624727894584557e10	33.087092600539805	-0.06397945528470882	0.7177220194863768	-0.01443363956175553	6.528032666739001	-0.19030381335429966	-0.8204615460503843
1.862472789483513e10	33.22918794942747	-0.06688726413948073	0.4266460632669027	-0.008917291029078444	6.548420293730693	-0.19887255935354295	-0.6714375857579792
1.8624727895108967e10	33.31102410249519	-0.06863124632354042	0.1867911682525193	-0.004082980690076581	6.628810960490092	-0.21136619201360649	-0.49178248323204987
1.8624727895466717e10	33.34568391194598	-0.06940422972034826	0.038296225024975095	-0.0008790877638594297	6.799376778971698	-0.22924112323726728	-0.25692592726462643
1.862472789606472e10	33.35367482158162	-0.06959042140503394	0.0032536449110016387	-7.763412649317627e-5	7.074447527505704	-0.24988143559355033	0.03179782570319657
1.8624727897225925e10	33.354716318972876	-0.06961550733659126	0.00014954084317854482	-3.666302329793272e-6	7.3742967022497865	-0.26907972480551123	0.34265411576954585
1.8624727899345272e10	33.35479695661859	-0.06961749646550178	5.42995016821484e-6	-1.3568235175823744e-7	7.621981997269991	-0.28431044606375155	0.634341773027437
1.8624727903270702e10	33.3548020539719	-0.06961762441616963	1.631178663994641e-7	-4.137192255334106e-9	7.826277661618782	-0.29688171666166885	0.91545711094539
1.8624727910613205e10	33.35480232689091	-0.06961763136355656	4.199715582247135e-9	-1.0785819166992086e-10	8.001292620596452	-0.3077508089504015	1.1923723634440826
1.8624727924513737e10	33.354802339630325	-0.06961763169174587	9.382401837353726e-11	-2.4362015713064695e-12	8.157401026728628	-0.3175366101286612	1.4694307535713527
1.862472795101331e10	33.35480234015402	-0.0696176317053812	1.861539536005934e-12	-4.8817446716119107e-14	8.300412492294221	-0.3265766643887986	1.747978544400985
1.862472800177034e10	33.35480234017339	-0.06961763170588987	3.355197393614503e-14	-8.879384366431491e-16	8.433860790795826	-0.3350763224269846	2.0282865965982215
1.8624728099342377e10	33.35480234017406	-0.06961763170590729	5.59704077265096e-16	-1.4939039113656982e-17	8.560063027973463	-0.3431710922446549	2.310272733768485
1.8624728287455242e10	33.35480234017406	-0.06961763170590785	8.7701482162211e-18	-2.359731074629088e-19	8.680617876969428	-0.350955093633853	2.5937455187932845
1.862472865106284e10	33.35480234017406	-0.06961763170590785	1.3050571627586303e-19	-3.538408945219828e-21	8.79668722235602	-0.35849725276372846	2.8785347321998827
1.8624729355489384e10	33.35480234017406	-0.06961763170590785	1.859918197968838e-21	-5.07991065005314e-23	8.90913249006406	-0.36584900769596573	3.164486415670386
1.8624730723163994e10	33.35480234017406	-0.06961763170590785	2.5542377542904798e-23	-7.025717313266567e-25	9.018619054359881	-0.3730504075139085	3.451498398795221
1.8624733383914192e10	33.35480234017406	-0.06961763170590785	3.3964889795087183e-25	-9.406487660116059e-27	9.125661713774782	-0.38013263047277346	3.7394832521776564
1.862473857028392e10	33.35480234017406	-0.06961763170590785	4.389433874325321e-27	-1.2237376209395165e-28	9.230669934949454	-0.38712062637806777	4.028377794757773
1.862474869866064e10	33.35480234017406	-0.06961763170590785	5.52880487854366e-29	-1.5513835785706868e-30	9.333975187867942	-0.3940346596277373	4.318138919387337
1.8624768512594955e10	33.35480234017406	-0.06961763170590785	6.804876641289412e-31	-1.9215445540509711e-32	9.435841470546968	-0.4008907390109182	4.608713773455592
1.862480734738773e10	33.35480234017406	-0.06961763170590785	8.195820471491146e-33	-2.3286598785108556e-34	9.53650487301352	-0.40770293985357875	4.900106732918903
1.8624883582359196e10	33.35480234017406	-0.06961763170590785	9.681260072887278e-35	-2.7674152110339953e-36	9.636143111704122	-0.41448082098729144	5.192253239640226
1.862503350409771e10	33.35480234017406	-0.06961763170590785	1.1227161258891074e-36	-3.228411853403826e-38	9.734939360185912	-0.4212328071688636	5.485166221347478
1.8625328818932102e10	33.35480234017406	-0.06961763170590785	1.280305603403687e-38	-3.703010186068714e-40	9.833058318923015	-0.4279627900202334	5.778819471211595
1.862591144755618e10	33.35480234017406	-0.06961763170590785	1.4384035533656546e-40	-4.183899964498665e-42	9.93068464639115	-0.4346692640972918	6.073187532934214
1.862706277490433e10	33.35480234017406	-0.06961763170590785	1.595706969270601e-42	-4.666902963031813e-44	10.028072186444014	-0.44134182872567074	6.3682645398281785
1.8629341305342354e10	33.35480234017406	-0.06961763170590785	1.755085653976728e-44	-5.159638041437886e-46	10.1256112260372	-0.4479521503077566	6.664022081090306
1.863385734074544e10	33.35480234017406	-0.06961763170590785	1.9271217966738318e-46	-5.691841910382582e-48	10.223998492669729	-0.4544384493689182	6.960444410112542
1.8642819680538364e10	33.35480234017406	-0.06961763170590785	2.1411603661145266e-48	-6.347564348996298e-50	10.324534545817734	-0.46067179769758737	7.257481429966055
1.86606241470156e10	33.35480234017406	-0.06961763170590785	2.47115992019567e-50	-7.339979606852546e-52	10.429745355919671	-0.46639110249281557	7.555049105079221
1.8696009955559116e10	33.35480234017406	-0.06961763170590785	3.119986690632792e-52	-9.25276468200349e-54	10.544600415939875	-0.47107340145553533	7.852980245162248
1.8766282997788406e10	33.35480234017406	-0.06961763170590785	4.7754610893402574e-54	-1.4044153847254245e-55	10.67891745425161	-0.4736811191354635	8.150925529332639
1.8905296364234512e10	33.35480234017406	-0.06961763170590785	1.0867760788505837e-55	-3.127197898543788e-57	10.851956334462592	-0.47218749455380293	8.448038862608643
1.917703684702098e10	33.35480234017406	-0.06961763170590785	5.475147476180001e-57	-1.5016463205629723e-58	11.100561359107793	-0.46278866870551183	8.742182082444145
1.9689788256618214e10	33.35480234017406	-0.06961763170590785	1.2640674898977344e-57	-3.145335180832533e-59	11.48908928021897	-0.4391670285736655	9.027374221814542
2.0571530179555138e10	33.35480234017406	-0.06961763170590785	3.80455777420771e-57	-7.90726941511429e-59	12.102929241563608	-0.3943907916304821	9.289321847199743
2.1886234844100826e10	33.35480234017406	-0.06961763170590785	3.7786171228786205e-55	-5.829384911711167e-57	13.027648219912443	-0.32735201389966084	9.513418308177119
2.3525805378372128e10	33.35480234017406	-0.06961763170590785	1.7789071708810793e-51	-1.7818636287514442e-53	14.326007797735862	-0.2503419115120957	9.69029156852121
2.482126738604312e10	33.35480234017406	-0.06961763170590785	9.038610597987213e-48	-6.017007871727753e-50	15.53776098473012	-0.19631211286468184	9.792149221830305
2.6154195144299706e10	33.35480234017406	-0.06961763170590785	2.479582370731135e-43	-9.453910424314409e-46	16.958034397843598	-0.14344222208529397	9.876764248590943
2.7708534912132515e10	33.35480234017406	-0.06961763170590785	1.159391618347571e-37	-1.0776002172920273e-40	18.752537522595595	-0.07782813356824578	9.958267899181376
2.9325638085320766e10	33.35480234017406	-0.06961763170590785	1.2801322093847216e-31	2.3061255642382793e-34	20.638804676653685	-0.0004421883137196474	10.029420718953704
3.061666880696798e10	33.35480234017406	-0.06961763170590785	7.701159826947024e-27	2.9281718950100057e-29	22.106429457496326	0.06711306747082293	10.078674549877658
3.102275088817885e10	33.35480234017406	-0.06961763170590785	2.811773630054143e-25	1.2173823893228279e-27	22.49949125707898	0.08878289609127579	10.080385353697782
3.1215371653459732e10	33.35480234017406	-0.06961763170590785	2.1305776555158873e-24	9.555387147365222e-27	22.53253152828868	0.09811584710465251	10.050149154582469
3.140132090558271e10	33.35480234017406	-0.06961763170590785	1.828171225256085e-23	8.47185958415336e-26	22.46886300938926	0.10632409252813893	10.001269708593451
3.159025915479129e10	33.35480234017406	-0.06961763170590783	1.7892550428549903e-22	8.589184498499328e-25	22.378907340883963	0.11423529874955499	9.945901059315501
3.177639777392604e10	33.35480234017418	-0.06961763170590718	1.8066242595799793e-21	8.982763176722406e-24	22.285186703396825	0.12180233393656129	9.890024379927985
3.1952359749754433e10	33.35480234017537	-0.06961763170590113	1.6901097654933893e-20	8.683759439300459e-23	22.19546577171932	0.1288442691707297	9.836991814549723
3.2177156630523964e10	33.35480234019807	-0.06961763170578116	3.1270771540269246e-19	1.6727317285266218e-21	22.081013150989953	0.1377601334661466	9.769725295441246
3.2607438853049065e10	33.35480234741587	-0.0696176316647906	9.76752184953775e-17	5.612517078747226e-19	21.867900025741086	0.15473639404920883	9.64533987438041
3.3150918311830894e10	33.354814651961625	-0.06961755567019522	1.7032594896444823e-13	1.0631730813671116e-15	21.62247154517221	0.1763584256495099	9.503612010570292
3.3504796546536766e10	33.35636476607285	-0.06960748125008913	2.0243654286999977e-11	1.328680569354049e-13	21.4852203570994	0.19118043699332946	9.424426785241115
3.3673072491579163e10	33.365155141742186	-0.0695490293599987	9.198044836064732e-11	6.161742390769243e-13	21.429817151324336	0.2001167660091512	9.388492328289628
3.3810971643786106e10	33.38148964028657	-0.0694388084616574	1.377961715743245e-10	9.35357772685032e-13	21.383698475639484	0.2084905472130342	9.355698645094584
3.3948110262173965e10	33.40164611790485	-0.06930117525668943	1.5348100578153632e-10	1.0538679760317871e-12	21.32876457488684	0.21612799520322626	9.319335666642349
3.408187439326764e10	33.42265954307446	-0.06915609167216606	1.6003834674202005e-10	1.1109655693919927e-12	21.269270457162214	0.22245654591268174	9.28239508981652
3.4215992879628746e10	33.44441796175511	-0.0690042004626519	1.642000978568131e-10	1.1527001713204937e-12	21.208472363610362	0.22794862746549363	9.245629571351015
3.4346896304427124e10	33.4661178383762	-0.06885099065961989	1.6719171419421489e-10	1.1872973800571584e-12	21.150248970648967	0.2327356410945364	9.210862984220995
3.4470091823155716e10	33.486846376009524	-0.06870294603372644	1.6918376848355403e-10	1.215324992679698e-12	21.097473842357694	0.2369680278622033	9.179663792472104
3.4653948459533806e10	33.51811207647469	-0.06847631526101866	1.7063570784940597e-10	1.2482277968791327e-12	21.023966479023308	0.24325601448972436	9.136740496050564
3.4963789769290184e10	33.5709491871623	-0.06808343925431061	1.7019894171569752e-10	1.2873187477214534e-12	20.91899777580071	0.25433350135768906	9.076388978362994
3.51291371507483e10	33.59948087001644	-0.06786507955090455	1.7861681355161818e-10	1.3863516809527774e-12	20.875132227137534	0.2619935719657318	9.049871215746048
3.523464230605809e10	33.61936331900117	-0.06770886646609205	2.0022787016448565e-10	1.592260187592385e-12	20.851583645935456	0.2694982669560555	9.032303211863956
3.533687348722565e10	33.64106101223385	-0.06753437465200189	2.2321173989862368e-10	1.8127160875639996e-12	20.82548622440985	0.2775777128783089	9.012015431262592
3.543725380070024e10	33.66426900946839	-0.0673444072719721	2.378982017577617e-10	1.9607139485698563e-12	20.79265703234328	0.2845311288577371	8.988978196218719
3.553341651301016e10	33.687582082271184	-0.06715121406479724	2.4628578937916605e-10	2.0510587503303084e-12	20.756575886713485	0.28995402037392126	8.965425659784216
3.5629693554940094e10	33.71157103830207	-0.06695057803574471	2.5168839995351394e-10	2.1133874388777807e-12	20.718776387995923	0.2942791432308778	8.941569597784763
3.572186655612425e10	33.73493711298598	-0.06675370965883123	2.550455108228296e-10	2.15578887627624e-12	20.682538779335268	0.29750923433440835	8.919116694590885
3.580579255160903e10	33.75642056337187	-0.06657160850472477	2.566928946021242e-10	2.1819678846053354e-12	20.650228653910666	0.2999200970318963	8.899419970048871
3.592127665773006e10	33.786138586086636	-0.06631786268852474	2.5841197556033576e-10	2.21829876922228e-12	20.60819061789048	0.3032043567881846	8.874123663348392
3.601951763486431e10	33.81200100403889	-0.06609395355530044	2.721839613107209e-10	2.3835365674771536e-12	20.57667333225411	0.3075302080416859	8.853804479047973
3.6093872930824265e10	33.83324331441107	-0.06590556532389824	3.015231848489329e-10	2.7083293499478994e-12	20.554559295275773	0.3130154777796906	8.837017470194837
3.616535199972579e10	33.856000091941056	-0.0656987070538406	3.347793803299496e-10	3.075404832777701e-12	20.529784376487306	0.31923819660526875	8.81760282228401
3.6233875839836914e10	33.87988859031661	-0.06547739283333984	3.6135582030114097e-10	3.3723389080248385e-12	20.49960958022499	0.324775079027114	8.79553107705539
3.6298297792278915e10	33.90382383236194	-0.06525279046959874	3.809872065723478e-10	3.5920206291730073e-12	20.46587696645563	0.32900784086355184	8.772300762545399
3.6361500715533424e10	33.92842779239938	-0.06501999297198212	3.973911138248372e-10	3.771465677131812e-12	20.429255657283512	0.3320452407846107	8.747882562235407
3.641959915653247e10	33.951985543259624	-0.06479584623080983	4.1483907841506727e-10	3.9585330934381966e-12	20.393762917510323	0.33404661201381414	8.724301590993822
3.6469310177497246e10	33.97325736038133	-0.06459190877419148	4.451538485071223e-10	4.2947719872265354e-12	20.362919013354293	0.33621365600849923	8.702751298471753
3.651508352382834e10	33.99480823419153	-0.06438201233090894	5.016312955834768e-10	4.9363886516891284e-12	20.333251073307487	0.3398364113769012	8.680100296291725
3.65570128481806e10	34.01735741487032	-0.06415764783960437	5.76899036425236e-10	5.800778717571674e-12	20.301384856210838	0.3445005144594891	8.654831045562815
3.659554181420566e10	34.04113217929938	-0.06391628190761445	6.593264786856307e-10	6.753256534521352e-12	20.264348580815046	0.3492069571558637	8.626159149473887
3.663020037192688e10	34.06557085762115	-0.06366375797385253	7.597881170353165e-10	7.92648130888576e-12	20.223305278227123	0.3537772830058786	8.594608068436282
3.665276087790456e10	34.08398381027395	-0.06346974013914823	8.881538427221092e-10	9.46819794710813e-12	20.193090538708795	0.3581854231395838	8.569354237884896
3.66682606772925e10	34.09899918677977	-0.0633076361671341	1.0718089892148626e-9	1.1737166785911583e-11	20.17073121842251	0.36330219105322753	8.547607108756765
3.667825675993213e10	34.11077832242905	-0.0631768370027548	1.3112820756988492e-9	1.4781873001587413e-11	20.155764017696676	0.3688438666920164	8.529714564069282
3.668662139191359e10	34.12322530104376	-0.06303392265272098	1.7132767450533922e-9	2.0053802709438602e-11	20.142927496887218	0.3763679820209577	8.510020626972057
3.669343192812949e10	34.13696759044532	-0.0628693234669541	2.415378353502893e-9	2.961388343402473e-11	20.131918778852004	0.3863868094913428	8.487485793851334
3.669879391200242e10	34.15287432795791	-0.06266881298542798	3.713405047381393e-9	4.810960213764159e-11	20.12206059575366	0.3995042106582783	8.460626942726996
3.6702425315587906e10	34.16976475812836	-0.06244359873798491	5.937473488993174e-9	8.142204938221451e-11	20.11345007336437	0.41442675800416867	8.431452239537075
3.670515867394715e10	34.19135543595067	-0.062137069851510615	1.0827172862242799e-8	1.5892849632341795e-10	20.103562642304304	0.43411446729745545	8.393458095432422
3.670665024209965e10	34.21279248418301	-0.06181231776064259	1.9643025120748015e-8	3.0673344894168336e-10	20.094361829891263	0.45374361604606983	8.355172021177161
3.670761391336441e10	34.23962693037646	-0.061377953175692605	4.13353301108875e-8	6.9239225457562e-10	20.083104762741335	0.4779527046989646	8.306676862615308
3.670804145090639e10	34.26396351621874	-0.0609582402774827	8.155009898624915e-8	1.4461445153112138e-9	20.073461583524114	0.4991748877560239	8.262267833937406
3.670827591856596e10	34.29143890409909	-0.060456511248391874	1.7736049757561614e-7	3.330171664511037e-9	20.063432007181326	0.5219001963410772	8.21166970580693
3.670837698102004e10	34.316605939151074	-0.05997273447651092	3.662587560832872e-7	7.198604822516671e-9	20.055270745893587	0.5411637887225333	8.164842677532691
3.670842291795092e10	34.33982417652463	-0.059507819697374634	7.274464837701419e-7	1.4823771560412153e-8	20.049030293668046	0.5571632985144781	8.121135920813927
3.6708443991951744e10	34.360403299320105	-0.05908255924393039	1.3572847829913157e-6	2.841904489099564e-8	20.04450882584738	0.5696662301979594	8.081889855926324
3.670845504276544e10	34.38054625697689	-0.05865592446568498	2.533454766250707e-6	5.4242292807228094e-8	20.040734848544936	0.5802936351732648	8.04293096868501
3.6708462189286064e10	34.4073427303895	-0.05807493727708711	5.902411599059189e-6	1.294644566555107e-7	20.035821871473026	0.5921676370969479	7.990200273183072
3.6708465426358826e10	34.43684011561704	-0.0574208581426061	1.5169704066369383e-5	3.397452992024863e-7	20.029577799957032	0.6027107974658781	7.9310038203663416
3.670846667963315e10	34.466273208834835	-0.05675606304430939	3.9211386125403184e-5	8.925804329754081e-7	20.02204305946814	0.6111338385516001	7.870898127175362
3.670846715416118e10	34.49476973509935	-0.05610316706880022	9.874218281453988e-5	2.2759818633259072e-6	20.01351410544843	0.6177547508750583	7.8119107043339735
3.6708467345251366e10	34.523977926258304	-0.055426302838687914	0.0002549165539463755	5.937018536056388e-6	20.003662014702662	0.6233563967861577	7.750818704331592
3.670846741937778e10	34.553255052697175	-0.0547414206057548	0.0006591346736803977	1.548326942082841e-5	19.9927911016811	0.6280680256703519	7.689084492174964
3.670846744827402e10	34.58284238882189	-0.0540438007240391	0.0017128407409960796	4.052912812228002e-5	19.98078513737662	0.6321399214206862	7.626288402539023
3.670846745966939e10	34.613404122378924	-0.053318257201515146	0.0045218970602984	0.00010768917041996585	19.96694103216661	0.6357835217551397	7.561029745417759
3.670846746427892e10	34.646752385822474	-0.052521581798664556	0.012459807443269284	0.0002985471663240504	19.948819112985667	0.6392078082466719	7.489273682276586
3.6708467466203514e10	34.68643085351875	-0.05156778771559002	0.0363326474232588	0.0008760436530851669	19.91916420910534	0.6425368941415128	7.402743105037944
3.670846746706117e10	34.738787840788454	-0.05030074525498264	0.10518233366124037	0.0025543103779440534	19.859250128682824	0.6456739383010511	7.285818084538102
3.670846746748327e10	34.808142083198405	-0.04860922951091479	0.2533318058315989	0.006204708430406463	19.747615210522078	0.6482646558957418	7.126722041569984
3.670846746775636e10	34.90927771589628	-0.04611716945951477	0.5283068347387545	0.013096737706760415	19.55109818363642	0.6506630965824002	6.890351202318222
3.670846746796431e10	35.06186827201854	-0.042298928696476605	0.9945827362137689	0.02512429613283018	19.225499818983543	0.6533963044290616	6.530001147808583
3.670846746812093e10	35.264373861514756	-0.037116775367014854	1.6521453909988042	0.042819720132195455	18.774906334228355	0.6565664299334899	6.049233354489601
3.670846746823196e10	35.48749104725235	-0.03126990165557501	2.4316314693782752	0.06423823377209072	18.290251270821024	0.6576715756140088	5.517466291428145
3.6708467468321495e10	35.748182892369144	-0.024342763427987926	3.476830955073142	0.09305666079816283	17.80479286143973	0.6588136080366934	4.886973739379304
3.6708467468393875e10	36.04348423213767	-0.016328285221835447	4.756913325690644	0.1312164280108046	17.290794524094316	0.6666172145446146	4.152932499777626
3.670846746843864e10	36.27888732948601	-0.009738449447835973	5.78928774166937	0.1644375189057977	16.862786428026915	0.6730108562361106	3.5567928875289896
3.670846746846609e10	36.447652929880896	-0.004901533078529178	6.517437711161747	0.1882232806800073	16.540552040225727	0.6751418691496867	3.1255145773311948
3.670846746848671e10	36.588062626247556	-0.0008336966584754408	7.098927789518552	0.20590442093901165	16.2578213472165	0.6732040936693398	2.764646586479976
3.670846746850517e10	36.72401734114105	0.00309630892950924	7.621606690330951	0.21902283461473954	15.964884898508764	0.6661873167091094	2.413319047796961
3.670846746852227e10	36.858268652790244	0.006913056283024527	8.07818132933709	0.22665783529534117	15.649641010639677	0.6530875165766283	2.0640825511413103
3.670846746853812e10	36.989317425279864	0.010528765614204953	8.446580403675377	0.22876691950452724	15.309524042931436	0.6342467570954927	1.7202256517776586
3.670846746855301e10	37.11742352911951	0.013928728244005931	8.71185483599512	0.22638514583221694	14.939701427517527	0.6109047122276927	1.3802369193442583
3.670846746856731e10	37.24288792237805	0.017121232335494427	8.85349535390853	0.22059702403828	14.537062231147992	0.5846996473898403	1.0419820045617743
3.6708467468581764e10	37.37095583704823	0.020247992356027988	8.837031893247424	0.21154764581010924	14.08066107934824	0.5558860641268266	0.6884672073931748
3.6708467468597e10	37.50421116564422	0.023380133183066813	8.608478713317904	0.198893363644727	13.550016918961866	0.5245584295747522	0.3067456117275919
3.6708467468612946e10	37.63830613958438	0.02643344348596159	8.186408740932803	0.18393974536087188	12.946921220094374	0.4919562655030264	-0.09756129315434502
3.670846746863002e10	37.773527750413685	0.029439559869822933	7.67782953435762	0.1690984716254691	12.259246606699982	0.4582507499987843	-0.5259091092675884
3.6708467468647026e10	37.90008715747395	0.0322091097805402	7.230613704480422	0.15738179308783473	11.550793262254196	0.42645869046578677	-0.9291815219137083
3.670846746866685e10	38.03926172622937	0.03522708818315603	6.8280860773651915	0.14765064079317888	10.742868311129463	0.3922510918032943	-1.3200856097612526
3.670846746868832e10	38.182261218930684	0.03831372615988978	6.51327626176282	0.14032420596008557	9.979970083887828	0.3600195107986567	-1.576447638565034
3.670846746870716e10	38.30292541795136	0.04090599881495786	6.310254819515937	0.1350371971300429	9.47553027980198	0.33687763988320796	-1.6637906725845844
3.670846746872738e10	38.42888877377846	0.04358263065306082	6.1536258731128886	0.12960835809595725	9.121340168918415	0.3170341615522396	-1.6815223990148547
3.67084674687518e10	38.57769707014904	0.046669326173191854	6.04730739285005	0.12318952044502628	8.907663134055134	0.29791958844927835	-1.6700479735064928
3.670846746878229e10	38.76165041915209	0.05030734013447067	6.043923067776364	0.11553343293861025	8.865616516595288	0.2776022286815405	-1.6552924973413308
3.670846746882189e10	39.00421277690951	0.054690878388016444	6.245640066254556	0.1058616645196705	9.031551183696685	0.2515856014842117	-1.658237002708922
3.6708467468854904e10	39.21537117046388	0.05804453624124742	6.569610737855418	0.09717498576149877	9.281186219328482	0.22742525553170026	-1.6782885934951242
3.6708467468877174e10	39.36461510336375	0.060135796548568	6.8439348019300725	0.09058497574640716	9.478414485220618	0.20916263445416897	-1.697556525116325
3.670846746889393e10	39.48106982452312	0.0616070304028734	7.0616573300094085	0.08496075059310385	9.627111164423333	0.19406762304290728	-1.7133191662680793
3.6708467468910164e10	39.597472134584066	0.06293698407717008	7.273315943280763	0.07867080475324217	9.765710746485958	0.17814849669465196	-1.7285117335140205
3.6708467468928345e10	39.73196301490624	0.06429577105125865	7.5113887207760195	0.07049654463373771	9.917305196103918	0.1589073944022257	-1.7447971833708884
3.6708467468950714e10	39.90342803837008	0.06574639008546344	7.814372551132633	0.05885836345135923	10.10890944459917	0.1335962151890995	-1.7638824590556004
3.6708467468979675e10	40.13563928375338	0.0672040080637261	8.239301712667263	0.04144136741390666	10.380526794606375	0.09879089006688882	-1.7882935828320679
3.670846746900075e10	40.31289392687168	0.06793045136601635	8.576453113596056	0.027291971064526674	10.597846077694989	0.07233021005076659	-1.8065734784788392
3.6708467469014824e10	40.43532978894545	0.06824571388853268	8.808200109982156	0.01744819084594974	10.745913556630036	0.054512088514142264	-1.8189246697783685
3.670846746902572e10	40.5322651601062	0.06839405137566942	8.983421206504678	0.009774759058337868	10.854991484773485	0.040848076949656885	-1.8282624852792033
3.670846746903647e10	40.62962229986131	0.06845832135773232	9.147046707328519	0.0021969859522707772	10.95301188093729	0.02752495467644014	-1.836962886244674
3.670846746904789e10	40.734977901205795	0.06843778306981868	9.306650804974899	-0.0057599664308061425	11.04382583653311	0.013682606752846296	-1.8453705746489755
3.670846746905758e10	40.8258058124733	0.06835014378070824	9.426566329519577	-0.012268092988307984	11.107420960686035	0.0024437667963423076	-1.8516383383045603
3.670846746906694e10	40.914727111775214	0.06820671681379392	9.525230371526508	-0.01825078429409535	11.154486578633545	-0.007825860010193562	-1.856782720217271
3.6708467469076164e10	41.00300258306868	0.06801237626434602	9.603414518400285	-0.02381669557426994	11.185611669976801	-0.01731952259738043	-1.8608346409260728
3.670846746908566e10	41.094582763997344	0.06776001895638242	9.66403867317109	-0.02923345062864581	11.202418923572772	-0.02649882384916522	-1.8638981407129134
3.670846746909691e10	41.2036671071509	0.06739664668303277	9.711341893661023	-0.03525096912475826	11.204744529593178	-0.036633871321970025	-1.8661006671118172
3.670846746911165e10	41.34711285137362	0.06682256292208441	9.738208682548365	-0.04249205029840445	11.184713438911764	-0.04877057650249592	-1.8669038438187306
3.670846746913208e10	41.54582486473578	0.06586260165425366	9.722765130214425	-0.05134193211017185	11.12627684855429	-0.06359293372947314	-1.8649618481500114
3.670846746915944e10	41.81071050539547	0.06431853835797723	9.633442984722024	-0.06118106858157766	11.014316145772831	-0.08024490144528515	-1.858663538759454
3.6708467469193375e10	42.134728452346266	0.06207560833912826	9.454519299186176	-0.07052870014447879	10.850355100258504	-0.09661811485828645	-1.847612238424095
3.67084674692342e10	42.5154834946946	0.059024559863200585	9.186520679250448	-0.0783454413416789	10.643164894179257	-0.11144251792064055	-1.8322033710270857
3.670846746928293e10	42.95458817334777	0.05505570622523853	8.835942105850249	-0.08402493140583202	10.401119826695016	-0.12415791823655867	-1.812857167239151
3.670846746934016e10	43.44808810525944	0.05014082076279155	8.41583056526508	-0.08730650319769474	10.133225740470301	-0.13458364524819819	-1.7900175290278166
3.67084674694054e10	43.98178589319268	0.04439843086110984	7.946890256154558	-0.08836718206499815	9.850072007118548	-0.14289353885508294	-1.764253234584627
3.670846746947742e10	44.535950799571914	0.03805140352702679	7.451988643688296	-0.08772732513241241	9.561861324359235	-0.1495197216626626	-1.7361400959687607
3.670846746955412e10	45.08834137929484	0.03138373144721923	6.953745354061244	-0.08596727567281441	9.278692210868577	-0.1548684023495621	-1.7063648869169898
3.6708467469634766e10	45.629034579744186	0.024548255136810318	6.4622202871214895	-0.08349238162367915	9.004378516954127	-0.1592827293266501	-1.6751037656588335
3.670846746971961e10	46.15664655349125	0.01758841044832466	5.9789422640300165	-0.08049524725348768	8.73893378114142	-0.16297762048976047	-1.6421313791527508
3.6708467469809e10	46.66962835386633	0.010545273022129653	5.505197868555379	-0.07706095597415745	8.482879288173343	-0.16605274323194288	-1.6072404633705824
3.6708467469903366e10	47.16704467509947	0.0034518535082901937	5.041510473987716	-0.07322567835236801	8.23666877334879	-0.16856984473349912	-1.570167054188394
3.6708467470003365e10	47.64822386130357	-0.0036611419369456297	4.588014566904853	-0.06901045976193709	8.000769669712192	-0.17058551437941002	-1.5305781096089084
3.670846747010982e10	48.11267153806704	-0.010764256528104879	4.144532147213736	-0.06443502986024735	7.775669678146791	-0.17216630870074487	-1.4880395077958093
3.6708467470223755e10	48.5598767698062	-0.01782705989725503	3.7107149606986165	-0.05952252150576722	7.5619730914764105	-0.1733944002299748	-1.4419838616658178
3.670846747034659e10	48.98920535539904	-0.02481711971964754	3.2860717357136067	-0.05429880722580569	7.3604814651778625	-0.17437125532487083	-1.3916535886033714
3.670846747048013e10	49.39973875180858	-0.03169787079410872	2.870001584037404	-0.04879031666673745	7.172330454405007	-0.17522301589684972	-1.3360148906047968
3.670846747062677e10	49.79005560711055	-0.038425124905153714	2.4618106509517017	-0.04302138219059763	6.999198839451971	-0.1761115893772834	-1.273616101039432
3.67084674707897e10	50.15782218026298	-0.04493971401479521	2.0608006147879405	-0.03701270200727375	6.8436848135863	-0.177256938326497	-1.2023589095022653
3.670846747097317e10	50.49888496774828	-0.05115007640717748	1.66671818004309	-0.030785601359713127	6.710035919745032	-0.1789798503680132	-1.119170455597637
3.670846747118075e10	50.80401194233721	-0.05686762085752531	1.283137179420006	-0.024416469346308853	6.60585087780138	-0.18175737367771824	-1.020256435584108
3.670846747140898e10	51.05485875568109	-0.06171421151238759	0.9251719203256711	-0.018180962866212867	6.542725603452631	-0.1861705757337144	-0.9038710522578813
3.670846747164873e10	51.23767653883985	-0.06536568682202827	0.6094269951751988	-0.01240515141416324	6.529008431462536	-0.1927822987267603	-0.7703503127334402
3.670846747190501e10	51.35724968937286	-0.06784416253243489	0.3348811988065666	-0.007099331605186635	6.569319651939772	-0.2025835943128713	-0.6121455754176006
3.6708467472199135e10	51.420870292924015	-0.06922037186041571	0.11875388754413345	-0.002639951871232012	6.677109588793918	-0.21696973479148382	-0.4150070073652619
3.670846747261226e10	51.44289107884849	-0.06971915633159642	0.017577996052083728	-0.00040929999576224123	6.88612319069356	-0.23617452876422493	-0.16094241388659555
3.67084674733778e10	51.44707697481887	-0.06981788574758498	0.0011242380945726174	-2.710037655935608e-5	7.186109302053218	-0.25701166561039046	0.1446350059861536
3.670846747481028e10	51.447508050681954	-0.06982835980358174	4.7431522333989463e-5	-1.1705746434415925e-6	7.467800578444873	-0.2746286491132619	0.44757816165828485
3.670846747744734e10	51.447539073603274	-0.06982912960675407	1.5947633086568455e-6	-4.0044921782238345e-8	7.6987132096693145	-0.2887926544727082	0.7349798730655852
3.67084674822644e10	51.44754090387233	-0.06982917575643424	4.7282243040143705e-8	-1.2037366069924944e-9	7.888974037586685	-0.3005288677295803	1.0106222543647443
3.670846749139396e10	51.44754100071811	-0.06982917823045884	1.1572507384897784e-9	-2.981502048531235e-11	8.05661607997721	-0.3109691399469945	1.2872831451238675
3.670846750872494e10	51.44754100503859	-0.0698291783420982	2.4762281880981466e-11	-6.447498122965698e-13	8.20771367830313	-0.3204642112697118	1.5647581781090933
3.670846754182302e10	51.447541005209445	-0.06982917834655869	4.743513696167313e-13	-1.247035820679007e-14	8.347117114233392	-0.32929533200864936	1.8438918816028025
3.6708467605292015e10	51.44754100521558	-0.06982917834671985	8.315414220548724e-15	-2.2056129137341169e-16	8.47784331981169	-0.33763796243739463	2.1247482664893904
3.6708467727418755e10	51.44754100521577	-0.06982917834672524	1.3565638735196735e-16	-3.6283611738679746e-18	8.601938255511676	-0.3456120424496629	2.4072236211696514
3.670846796301171e10	51.44754100521577	-0.06982917834672538	2.088841726365608e-18	-5.631277369803701e-20	8.720806715313621	-0.3533003216312993	2.691076689802446
3.670846841873774e10	51.44754100521577	-0.06982917834672538	3.0627949970521676e-20	-8.319424402296061e-22	8.835527796453256	-0.360767099577991	2.9762218312480813
3.670846930215169e10	51.44754100521577	-0.06982917834672538	4.311460382347598e-22	-1.1796218066131036e-23	8.946870353021417	-0.3680583030216007	3.262483021875212
3.670847101827064e10	51.44754100521577	-0.06982917834672538	5.859104925824477e-24	-1.6142934104707171e-25	9.055444909104132	-0.37521075049545316	3.549769778422984
3.670847435842682e10	51.44754100521577	-0.06982917834672538	7.721862297334526e-26	-2.1419620679278512e-27	9.161722383837777	-0.3822529874163154	3.8379928568908075
3.67084808717039e10	51.44754100521577	-0.06982917834672538	9.903237932914591e-28	-2.765183344145795e-29	9.266082357612369	-0.38920815959313537	4.127094646561164
3.670849359897818e10	51.44754100521577	-0.06982917834672538	1.2382018108827961e-29	-3.479559925558275e-31	9.368852333542556	-0.39609637856020297	4.417088897986966
3.670851850882943e10	51.44754100521577	-0.06982917834672538	1.5138877369278315e-31	-4.281040320517511e-33	9.470263931572312	-0.40293150290085156	4.707883541142693
3.670856734623438e10	51.44754100521577	-0.06982917834672538	1.8132654535184415e-33	-5.159200731401672e-35	9.570529823216113	-0.4097258943341744	4.999453388705347
3.67086632755224e10	51.44754100521577	-0.06982917834672538	2.1295498630973266e-35	-6.095665138834004e-37	9.66984855378221	-0.4164901441672366	5.291820462266945
3.670885199499688e10	51.44754100521577	-0.06982917834672538	2.4575318665509694e-37	-7.076069130433126e-39	9.768373567974017	-0.42322980145618616	5.584922299086317
3.670922387139057e10	51.44754100521577	-0.06982917834672538	2.7906531301676063e-39	-8.08168799487937e-41	9.866279091084245	-0.4299476210999267	5.878751160423864
3.670995788972531e10	51.44754100521577	-0.06982917834672538	3.123375953384938e-41	-9.096106484417599e-43	9.963773506839324	-0.43664011482704757	6.173308001918807
3.6711409047272705e10	51.44754100521577	-0.06982917834672538	3.4549959856660348e-43	-1.0116210106310713e-44	10.061145076512425	-0.44329200721121875	6.468579963600668
3.671428180570662e10	51.44754100521577	-0.06982917834672538	3.797898995384342e-45	-1.1176303192009527e-46	10.158850330917382	-0.4498650874380641	6.764499952667857
3.671997740689039e10	51.44754100521577	-0.06982917834672538	4.1827806368921636e-47	-1.236324379909727e-48	10.25775470048925	-0.45628040660234825	7.061072866259519
3.673128361508308e10	51.44754100521577	-0.06982917834672538	4.693719861784435e-49	-1.3918434827850876e-50	10.359483024838859	-0.4623740410269397	7.358242231367201
3.6753746342196144e10	51.44754100521577	-0.06982917834672538	5.547043105999404e-51	-1.6465226832540641e-52	10.467204771383628	-0.4678153015911668	7.655895581577107
3.679838378631189e10	51.44754100521577	-0.06982917834672538	7.367478578849531e-53	-2.1795200377482248e-54	10.587181766689788	-0.4719445056805336	7.95383849668202
3.688694480109522e10	51.44754100521577	-0.06982917834672538	1.2523156143601273e-54	-3.6607153193760167e-56	10.731748950466375	-0.47345724104572784	8.25158305808098
3.7061641229360695e10	51.44754100521577	-0.06982917834672538	3.5207024661491455e-56	-9.999376088930251e-58	10.924990669789032	-0.46983044291032683	8.547988425748748
3.7400350264414276e10	51.44754100521577	-0.06982917834672538	2.6825324181944306e-57	-7.164575434358991e-59	11.212076183048659	-0.45645402382163547	8.84003252952909
3.8024724608694305e10	51.44754100521577	-0.06982917834672538	1.3044986870317222e-57	-3.0860372561934354e-59	11.666914603900274	-0.4263235352587633	9.119340738917426
3.904830501462874e10	51.44754100521577	-0.06982917834672538	1.1632297462719178e-56	-2.218252804565542e-58	12.374201667090553	-0.3737912017853866	9.369185704929595
4.05193550843926e10	51.44754100521577	-0.06982917834672538	4.749485522249955e-54	-6.38450899332042e-56	13.43833662852851	-0.30011589077483314	9.581026141095967
4.207298444419331e10	51.44754100521577	-0.06982917834672538	3.1491289725806615e-50	-2.7448964566558944e-52	14.738997835093166	-0.23005259657631968	9.72953062364179
4.332770562321183e10	51.44754100521577	-0.06982917834672538	2.011887174279627e-46	-1.1440465352512391e-48	15.970981026885319	-0.17912723951627427	9.820808006693236
4.4736387330203926e10	51.44754100521577	-0.06982917834672538	1.4930581369763883e-41	-4.2378274387015433e-44	17.52344275154511	-0.12279649944549939	9.904603028323372
4.6317950270000244e10	51.44754100521577	-0.06982917834672538	1.0704388820346528e-35	-1.9868610188808822e-41	19.36938736103665	-0.053268087503297236	9.982700013679368
4.798400210599651e10	51.44754100521577	-0.06982917834672538	1.741549032620603e-29	4.746172140212832e-32	21.297082971936483	0.029553255465838337	10.05213704096215
4.887075916915946e10	51.44754100521577	-0.06982917834672538	3.3106512961293844e-26	1.3440699962393995e-28	22.29256063755313	0.07677409627610157	10.083724127837673
4.917662049677284e10	51.44754100521577	-0.06982917834672538	5.6941714907726405e-25	2.5071472630173076e-27	22.528994915284763	0.09277700437423544	10.072887826208698
4.936271070589641e10	51.44754100521577	-0.06982917834672538	4.38246598855897e-24	1.9923109737458845e-26	22.5165061027378	0.10146344918411035	10.03465243476628
4.954727545097926e10	51.44754100521577	-0.06982917834672538	3.84561745038425e-23	1.8073361106339394e-25	22.44036263580339	0.1094345335350512	9.983303428886028
4.973511997790713e10	51.44754100521577	-0.06982917834672527	3.802007774810762e-22	1.850907988349882e-24	22.348351345120683	0.11720554049175161	9.927598877475845
4.992166840968225e10	51.44754100521607	-0.06982917834672384	3.931697992598533e-21	1.9823389577810318e-23	22.253822609545615	0.12473720615447662	9.871451362210529
5.010239468741507e10	51.447541005218866	-0.0698291783467095	3.9729918694364715e-20	2.0709188248466743e-22	22.161584498606636	0.131940996114309	9.817041735833026
5.037088764873086e10	51.4475410053172	-0.0698291783461785	1.3344935765976678e-18	7.290825091648389e-21	22.02550419905905	0.1425597505295987	9.737224946596708
5.086361664804271e10	51.44754108035121	-0.06982917790732897	1.0240670321946689e-15	6.0576870197279744e-18	21.786387357798255	0.16200141637400525	9.598068285414584
5.138988453642758e10	51.447646657138435	-0.0698285096143591	1.4606145109130269e-12	9.34160682250188e-15	21.559484517509	0.18309792608427336	9.467530071851535
5.165409058732057e10	51.451080305328226	-0.06980594909698183	4.193590017087597e-11	2.780826529138962e-13	21.462788613703573	0.19482174330604332	9.410617416486078
5.1801099593090195e10	51.462422021139815	-0.0697299970154204	1.1146796296778558e-10	7.514164417717735e-13	21.415682370499134	0.20322955968508064	9.378414939556158
5.193827673150297e10	51.48040089816543	-0.06960799582418464	1.4467174243915304e-10	9.873853980909989e-13	21.36722164381755	0.21147733829661122	9.344445443942515
5.2074200091637405e10	51.500952205119496	-0.06946693126360706	1.56024545042009e-10	1.0768507427206418e-12	21.310262666551843	0.21867153384072027	9.307674749644384
5.2213155410645935e10	51.523058198782664	-0.06931348696311408	1.616746233614269e-10	1.1286018222339356e-12	21.2476516201177	0.22491713140145822	9.269257520587571
5.234157392961711e10	51.54406127669107	-0.069166074262086	1.6525417756666313e-10	1.1662029702858946e-12	21.189643323373424	0.22995731565733027	9.234350630376252
5.2467852102056305e10	51.56510367076483	-0.06901674202275696	1.6788066358805008e-10	1.1981924136069974e-12	21.1340351921152	0.2344537330047545	9.2012474731171
5.260192362329492e10	51.58774700915898	-0.06885410909051239	1.69733377108359e-10	1.2269068579350714e-12	21.077538039755247	0.23902788886462714	9.16796638206197
5.282877560064036e10	51.626413053024756	-0.06857142689151097	1.7074587825345017e-10	1.2627825862070625e-12	20.990425028724225	0.24684378333941173	9.1173516767788
5.3113732824442764e10	51.674987164441916	-0.06820654603378083	1.7108348602713507e-10	1.307155066041482e-12	20.900173955337472	0.2574143849666731	9.065474254990498
5.3248730283613815e10	51.698736571869844	-0.0680229544519387	1.8455616759164522e-10	1.4459594866318488e-12	20.866970157842594	0.26471427883150045	9.04414891450217
5.335240463466994e10	51.71906962397659	-0.06786166396817428	2.085258093314638e-10	1.673401267244309e-12	20.843616737357515	0.27263568060189625	9.025958270130007
5.345293335233074e10	51.74112175047759	-0.06768291758584229	2.2881775711914625e-10	1.8708240066310544e-12	20.815636955845015	0.2803750882216698	9.004857381562772
5.355256549337048e10	51.76458623075216	-0.06748972580788595	2.411228666992191e-10	1.9974850966380704e-12	20.78113469022677	0.2868491789832104	8.981324947752771
5.365245319370916e10	51.78906972048343	-0.06728584903480525	2.48518123940397e-10	2.0792143321963934e-12	20.742771927976186	0.2920736386308226	8.956657917192258
5.374338458350453e10	51.81188289304686	-0.06709426703203411	2.5295632973475607e-10	2.1317618437664057e-12	20.706934983049656	0.295826556837565	8.934197641427973
5.383197246480458e10	51.83442444604559	-0.06690370787013004	2.55705386025392e-10	2.1681393559203224e-12	20.6722710068938	0.2987078209159024	8.912825446946352
5.3920300347159996e10	51.85707694942012	-0.06671106339846077	2.5700124775452463e-10	2.192341181636642e-12	20.638654009243602	0.30116313118586574	8.892448600937302
5.404544776372129e10	51.88938706380374	-0.06643384928823867	2.6120668207429587e-10	2.258731289298661e-12	20.59462432083476	0.30505619560370845	8.865748388212381
5.41283986800934e10	51.91169746952314	-0.0662389795711716	2.804538561715983e-10	2.4792249432006033e-12	20.569238038256834	0.3095768000937187	8.848402160677631
5.420184511126478e10	51.93344470405225	-0.06604420103848932	3.130504444441629e-10	2.83880251446155e-12	20.546789705437142	0.3155039329829137	8.830848240154461
5.427180022318436e10	51.956469122355635	-0.06583316196758313	3.4433614824695896e-10	3.185799769218267e-12	20.520496199384333	0.32156480917234914	8.810631083209872
5.433982220979299e10	51.980752714513706	-0.06560680834040693	3.6864021306370446e-10	3.458308832454612e-12	20.48847498776511	0.3267513641648817	8.78774241078278
5.440520138310641e10	52.00547903399673	-0.06537371780476699	3.871560587999162e-10	3.664773264088227e-12	20.452750742598177	0.33065013090007783	8.763497937424914
5.446454910241452e10	52.02890742329978	-0.06515130873692153	4.0245835032623664e-10	3.830416023473922e-12	20.417566333586343	0.3331545293729976	8.740157288215066
5.451993577901477e10	52.051688211610795	-0.06493388978274102	4.2232244362943863e-10	4.0451576451542665e-12	20.383467422644493	0.33502919237606515	8.717301778103852
5.45686086216e10	52.073060605691786	-0.06472788489819806	4.609063981344029e-10	4.47811333085313e-12	20.353098910357154	0.33763202230967704	8.695461621031077
5.461310631566758e10	52.0949007113138	-0.06451345210295147	5.252888105644768e-10	5.213369871897622e-12	20.32311397979337	0.34171004798890736	8.67206915514909
5.465421588385036e10	52.11807255486771	-0.0642809734197285	6.04401771284482e-10	6.12519667732372e-12	20.289408573971834	0.34652511016135956	8.645452144213792
5.469159853107748e10	52.14220372494524	-0.06403420404586688	6.896250796087167e-10	7.11274987127077e-12	20.25053275951283	0.351123020143742	8.615644494011018
5.472196180456961e10	52.164574421623115	-0.06380146096920404	7.954826241382737e-10	8.359977453191221e-12	20.212820295433154	0.35549725546938515	8.586182943935862
5.4743063914512856e10	52.18278464791336	-0.0636078552065061	9.50473699176755e-10	1.0241883567385512e-11	20.183725928823414	0.3604183286624414	8.56072178937378
5.47554370005436e10	52.195576729453805	-0.06346831237020502	1.1380976591750753e-9	1.2584746662801022e-11	20.165574099892105	0.36532479537820967	8.541869689958862
5.476488739566179e10	52.20751666808364	-0.06333424592934435	1.4208943578820109e-9	1.621840579091449e-11	20.15131948335202	0.37146303562524413	8.523481839662645
5.477274276207934e10	52.22033591369824	-0.06318497990767584	1.902878911134817e-9	2.261892898881802e-11	20.139119370118273	0.37976899577533335	8.50294379072015
5.477896860751956e10	52.23443158833496	-0.06301333991018425	2.738117747838279e-9	3.415917996404189e-11	20.12874498460352	0.39053382007743853	8.479594597500643
5.478383149360334e10	52.250967641173325	-0.06280102902765511	4.307215436366442e-9	5.688558707210137e-11	20.119211241214636	0.40454161726007914	8.451453608550429
5.478716438714091e10	52.26929288592211	-0.06255146285552984	7.173087961875888e-9	1.0064269196622225e-10	20.11026017186257	0.4209638613644541	8.419591625890096
5.478941075482831e10	52.29066985305396	-0.06224133624647879	1.3000531619313214e-8	1.94760087346163e-10	20.10072069201633	0.44053240436628766	8.381779624556389
5.479074359665889e10	52.31430202381012	-0.061875158093469475	2.5050876544495004e-8	4.0090811210256363e-10	20.090669842661306	0.46210805071406397	8.339397967554907
5.479149414824643e10	52.34087294875911	-0.061435082190881965	5.2376902935358024e-8	8.962942704780386e-10	20.079671380590106	0.4858595841853825	8.291212955580887
5.479184046146818e10	52.36618515964108	-0.06098912551316057	1.0650075118385565e-7	1.9291956033956556e-9	20.069923295443893	0.5075757693459833	8.244879918349532
5.479201869969146e10	52.39343142956561	-0.060481661209758966	2.31118533426792e-7	4.419503990152254e-9	20.06030649533117	0.5295841235561547	8.194531043049258
5.479209329762952e10	52.417304057603204	-0.060015397204579324	4.624854205851711e-7	9.21550286842892e-9	20.053016466203623	0.5472631040341011	8.14994497456642
5.479212978752899e10	52.44071625940463	-0.0595405319921287	9.297360521188241e-7	1.9174346395846737e-8	20.04716351581974	0.5627328594646139	8.105677555905837
5.47921452479814e10	52.45962175088699	-0.05914590483067347	1.6569617725118967e-6	3.498293782892377e-8	20.04328762267327	0.5736831354044591	8.06945158328487
5.4792154935504906e10	52.481854753937675	-0.0586708706745027	3.315566322408522e-6	7.16346022471622e-8	20.039250922055636	0.5848011778474372	8.026218719310663
5.4792160583705376e10	52.51023439912331	-0.05805010789931332	8.16203296560281e-6	1.8056358193429133e-7	20.033896884193645	0.5965410512066719	7.970003570879469
5.479216291834014e10	52.53968214861012	-0.05739210773634812	2.102013526874622e-5	4.740215244171416e-7	20.027294260510565	0.6063287991400873	7.910541853827969
5.479216381875651e10	52.56895114523959	-0.05672688880101513	5.4182864665481024e-5	1.2403869989644938e-6	20.019445945852944	0.6141802024934137	7.8504885223925305
5.4792164165035324e10	52.5978845123952	-0.05606040838282609	0.00013868018575165607	3.2130388617536927e-6	20.010532783336068	0.6205619469256883	7.790391233292012
5.479216430042376e10	52.62689626377056	-0.05538478529151642	0.00035649910910369665	8.342421136564643e-6	20.000636345205386	0.6259626820933819	7.729574938728374
5.479216435307705e10	52.65589659430823	-0.05470316337598832	0.0009156120386427701	2.161119053805238e-5	19.98994179652218	0.6306763889081431	7.668364509801563
5.479216437372507e10	52.68516359010389	-0.05400961841194951	0.0023596000739172173	5.613364349948519e-5	19.978343753812318	0.635012829051041	7.606265028822619
5.4792164381945526e10	52.7154188135913	-0.05328702768300283	0.006168309001112101	0.00014789808521733003	19.965112779241146	0.6393080417495103	7.541762099492579
5.4792164385317764e10	52.7485044171603	-0.052490239310380854	0.01671983601829783	0.00040446372849785994	19.94768817084455	0.6440258526215572	7.470771707079371
5.479216438675903e10	52.787766296207685	-0.051535144222630946	0.046773273719478224	0.0011443337109740743	19.918667932835696	0.6497186424210056	7.385470834288131
5.479216438743627e10	52.83942093027327	-0.05026162848269458	0.12614674702116158	0.0031338899713872007	19.859941916145296	0.6567796693502772	7.270663912105445
5.479216438780111e10	52.90980435247729	-0.048495563535031	0.29019773331090054	0.007351947357791412	19.748445990152767	0.6647745057488396	7.1101440107695755
5.4792164388052414e10	53.015315043259285	-0.045786590090548	0.5923163437312539	0.01540299832584386	19.547230285012553	0.6740547881387202	6.8649626508784545
5.479216438824863e10	53.175588153281744	-0.0415429553567783	1.0989216755966982	0.0296036046389502	19.211171720170263	0.6848846209046612	6.488370740727971
5.479216438838991e10	53.373392684597285	-0.03610761557327473	1.757606450648536	0.04919928587519329	18.779013705807337	0.6952414849585079	6.020839358745932
5.4792164388492485e10	53.59046745261178	-0.029937212006794212	2.5373094687296542	0.07298303338480638	18.319772921140874	0.701937160321192	5.505574674690865
5.479216438857721e10	53.84636017790971	-0.022500865283869485	3.5851131256474003	0.10538211178439265	17.856380864557003	0.7086841952711003	4.889328099835293
5.47921643886447e10	54.127788739289244	-0.01408486018398317	4.821459616709526	0.14693492205990774	17.379027212324196	0.7214701511988343	4.193540802643369
5.479216438868369e10	54.333017917899944	-0.007737270189225891	5.731923184452224	0.17985977469857672	17.01640567610341	0.7303972276203028	3.6770156552430606
5.479216438870972e10	54.49100619333022	-0.002731622658106347	6.422285556831217	0.2051994801620392	16.723610578010586	0.7346498394646698	3.275798458524477
5.4792164388729485e10	54.62335535346594	0.00151497723778028	6.980529584972809	0.2245380462681545	16.465358155772016	0.7345047793982593	2.937703315384775
5.479216438874727e10	54.75200801323684	0.005646805748251288	7.491412837210131	0.23968191789463086	16.198383376372853	0.7293741523739365	2.6072974854379547
5.4792164388763626e10	54.87828040880132	0.00965308701657807	7.947473226535411	0.24944708492408824	15.91599711211834	0.7182777781804656	2.2810473044171755
5.479216438877894e10	55.00283232898416	0.01350376941982936	8.338127609734233	0.25336086809174563	15.612309108781268	0.7008490849604803	1.9568488555184897
5.479216438879355e10	55.12699531371339	0.017198741215166975	8.653186337938706	0.2517671905553123	15.27931496112209	0.6772948202860198	1.6305768326591172
5.479216438880799e10	55.25375826152737	0.020794806946615167	8.877625464185506	0.24529026053058975	14.903096221791294	0.6479739999735052	1.2931757599162093
5.479216438882191e10	55.37828674639213	0.024145451592427848	8.971739410376465	0.2350098607939947	14.49351695205062	0.6155557977131852	0.9556465181656305
5.4792164388836006e10	55.50453107799799	0.027366151975118217	8.896872904993533	0.22112999302003145	14.032938219289555	0.5805177895626769	0.6040274594945961
5.479216438885091e10	55.63524683730907	0.03053436095319229	8.612833458332346	0.20373135954102672	13.499535256030846	0.5428962546682308	0.22463935773176644
5.479216438886652e10	55.766265462965215	0.03356624291809774	8.16642580997324	0.1850746292117548	12.895605504454956	0.5043116858583597	-0.1762901671100707
5.4792164388883194e10	55.89828335616714	0.03650391611488722	7.667642415776709	0.16773754891762022	12.21037602886802	0.4651099617019657	-0.5988235782357931
5.479216438889983e10	56.02226095567081	0.0391798481341582	7.242331747764825	0.15440801757294562	11.50797420833758	0.4287505762633228	-0.9926827405434696
5.479216438891902e10	56.15739468827223	0.042029966271257824	6.866184045312598	0.14341699264036445	10.723666005239046	0.3908021691700967	-1.3615250246746615
5.479216438893821e10	56.28626841554567	0.04470059171041611	6.588825029939085	0.1354723654912309	10.040538528290064	0.35805438531502953	-1.584258832074555
5.4792164388956795e10	56.40668824859408	0.047156111956047436	6.388326993107822	0.12906059185189145	9.53663344813041	0.3320347120547512	-1.6708990102678694
5.479216438897635e10	56.529953832608875	0.04961601910864605	6.237321171632425	0.12274356018732739	9.187430759953578	0.31021698359898575	-1.6885174213620429
5.4792164388999794e10	56.674776028324	0.05240722633619038	6.135170459159888	0.11550423498569795	8.972273875316866	0.2895030063225822	-1.6778074778420533
5.479216438902907e10	56.85385655347157	0.05566166958787879	6.129881480819026	0.10709967733747135	8.920213368037743	0.2682270542139522	-1.6630115372093623
5.479216438906682e10	57.087989297977224	0.05951116401315246	6.315686269300879	0.09703468128145926	9.06739640579	0.24289774085763308	-1.6640343040323269
5.479216438909497e10	57.269293968028286	0.062138180411240036	6.580020805624338	0.08955224873665053	9.272156121415811	0.22316266431023737	-1.6791716060736102
5.479216438911533e10	57.40566724811379	0.06390500603026802	6.822029901048256	0.08398533611210206	9.449674141928917	0.20787344313018977	-1.6954720850291258
5.479216438913192e10	57.520611865733066	0.0652593766052427	7.035859238456128	0.07922504192561579	9.599884327468637	0.19453183614090788	-1.7106123380489033
5.479216438914794e10	57.63503793828775	0.06648873364898107	7.24567632428736	0.07409029203961304	9.741139697375196	0.18056151470968076	-1.725660487470218
5.479216438916439e10	57.75600016077878	0.06765825882538484	7.460962098688564	0.06793531693592783	9.880801684029997	0.1649277275227218	-1.7407105290480671
5.479216438918365e10	57.90218900274464	0.06888753780941036	7.717012116549982	0.05945722782619987	10.043497399051354	0.14510272671875582	-1.7574859651443528
5.479216438920808e10	58.09482465592811	0.0701900461516229	8.059661562966761	0.046861125774247205	10.261206585844413	0.11812397271270361	-1.7779925192389867
5.479216438923254e10	58.29650309955902	0.07116331484957564	8.433407454204719	0.03243503251958051	10.501274839123461	0.08955640287071123	-1.7986973600410676
5.479216438924824e10	58.43093547106155	0.07159514796957647	8.688818585391614	0.022516663994407736	10.666144649214381	0.07077448305911707	-1.8123287840687488
5.479216438925956e10	58.53034654607447	0.07180927227696343	8.875378652388898	0.015327983380579063	10.785713915472265	0.05735515120368464	-1.8222088927142446
5.479216438927028e10	58.62653069515956	0.07193758578488617	9.048148228847566	0.008597985675488098	10.894139787958501	0.044870487338624664	-1.8313822497569554
5.479216438928085e10	58.72312044142547	0.07199378389929967	9.209513217372269	0.0020409191043322824	10.991884445991708	0.03276845948321907	-1.8399546696533522
5.479216438929129e10	58.820025177879074	0.07198195559775214	9.356062101634723	-0.004265159910913088	11.076636015604869	0.021135130611898225	-1.8476979098215314
5.479216438930079e10	58.90945805316756	0.07191532555791298	9.474894072052578	-0.009710409874008983	11.14131478256295	0.01104634697814202	-1.8539501455381486
5.4792164389310135e10	58.998323447079656	0.0718011008531699	9.574665385364352	-0.014725452072417522	11.190788122659491	0.00171877037464432	-1.8592045830117983
5.479216438931933e10	59.08669350569199	0.07164419283328373	9.65425047220928	-0.01938097528896124	11.224382442010075	-0.006940417865311608	-1.8633935551131218
5.4792164389328514e10	59.17570637666415	0.07144556276668004	9.714731916415456	-0.02381448485339346	11.243081198964184	-0.015155744912383782	-1.8665281113228518
5.479216438933893e10	59.27709288905131	0.07117249442016123	9.76132809826046	-0.028613675023640622	11.248111005908676	-0.023994658928747945	-1.868810473303159
5.479216438935217e10	59.40662782734174	0.07075473481543282	9.790715376345474	-0.034399946670844124	11.23410076778405	-0.03456997790111003	-1.869935606540636
5.47921643893703e10	59.584247937851266	0.07006322670447436	9.786173005123441	-0.041730326429709835	11.18741998264344	-0.04785636588863893	-1.8688348919359414
5.479216438939515e10	59.82668768546714	0.06891302959527582	9.71739278118972	-0.05062473872493699	11.090466301390713	-0.06389018003423017	-1.8638421722160874
5.479216438942664e10	60.130368802266986	0.06716593128384618	9.56227409883994	-0.06000435656985762	10.939389655715821	-0.080902959696974	-1.854114249142252
5.4792164389464676e10	60.489668585965575	0.06470836701291043	9.318236489507843	-0.06874259200136038	10.742404850479751	-0.09727077815080301	-1.8399255153689535
5.479216438951018e10	60.906283447317854	0.06140217465857547	8.98983319348501	-0.0760755928499433	10.50788875148411	-0.11216262184567474	-1.821682188736027
5.479216438956396e10	61.37891280781393	0.05715333728480528	8.587578612311408	-0.08144673811233727	10.244574348349978	-0.1250857605051173	-1.7998023994240417
5.479216438962597e10	61.897204022644125	0.05199023868363144	8.129608236209338	-0.08463746420143897	9.962634921515793	-0.13586994678083733	-1.7748094822649656
5.479216438969516e10	62.44256734800241	0.046081569280770486	7.63900321904308	-0.08584621623291477	9.672924196962448	-0.144676263048687	-1.7473167669326068
5.479216438976995e10	62.99493796367707	0.039665444783059896	7.1373536367985135	-0.08551881213029759	9.384882758372818	-0.15184255425794163	-1.71789789509331
5.479216438984874e10	63.537451202704894	0.03297880903413768	6.641416170886009	-0.08410090907295911	9.105818217222499	-0.15768181578102122	-1.6870557514430347
5.479216438993161e10	64.06739576503122	0.02609723212114476	6.154033492669245	-0.08188130203491721	8.836123645197837	-0.16249678350169108	-1.654627994397315
5.479216439001895e10	64.58370083527934	0.019068493407947647	5.676036665128251	-0.0790139706755626	8.575857161998876	-0.1664610605690607	-1.6203748863719647
5.479216439011111e10	65.0848669033052	0.011943388786177995	5.2084180527749435	-0.0755889356260643	8.325599851814367	-0.16967886847961286	-1.5840756377364833
5.479216439020867e10	65.57042993370578	0.004757858253686544	4.75106738711898	-0.07166217921115815	8.085595129626292	-0.1722406433769313	-1.545400177987479
5.479216439031242e10	66.03978344953757	-0.0024505325023513463	4.303876652887616	-0.06728063589095798	7.856287109513552	-0.17423530206267632	-1.5039524684472674
5.4792164390423294e10	66.49235510509041	-0.009645016394272683	3.8665521764434883	-0.0624883993757003	7.6382173947606375	-0.17576155451263806	-1.459219034568618
5.479216439054252e10	66.92743314818759	-0.016787299352381633	3.438720628237911	-0.057329062313154565	7.432126072161488	-0.1769323189441925	-1.4105285829931846
5.47921643906718e10	67.34441264363008	-0.023842121558138328	3.0195752608497366	-0.05183980344692634	7.238884570637175	-0.17788053870243478	-1.3569320380400391
5.479216439081319e10	67.74172554209983	-0.03075943453518154	2.6087731157774203	-0.04606072862740347	7.060081261971256	-0.17876614408379518	-1.2971935699277866
5.479216439096976e10	68.11791354298835	-0.03749249500662415	2.205055343832287	-0.04001391812661873	6.8976882287918	-0.1797975179087352	-1.2293988558416382
5.47921643911451e10	68.4689950432022	-0.043950363863652114	1.8085668407162148	-0.03373488534500142	6.7554983742362325	-0.18126119135660843	-1.150980682831607
5.479216439134342e10	68.78823332136804	-0.049988809453855414	1.4207300619770857	-0.02727273716833703	6.639570959572758	-0.18358154776607458	-1.058303414523575
5.479216439156552e10	69.06150366611891	-0.055312710234330785	1.0504822128491378	-0.020799929407323246	6.560045118868381	-0.18734583688768577	-0.9480323290945529
5.4792164391799484e10	69.26767493246916	-0.05945878771825988	0.7213903549509779	-0.014766797828174322	6.528002255471257	-0.1930501449825713	-0.8221290543881982
5.479216439204959e10	69.41039641402801	-0.06243097383612689	0.43004480098043213	-0.009144364117953616	6.547673140978624	-0.20162623321176085	-0.6735475740394598
5.4792164392322395e10	69.49281930982227	-0.06421747099229778	0.18974901288851553	-0.00421682013932669	6.626981962771858	-0.2141214978626744	-0.49473246630448137
5.479216439267764e10	69.52801614054465	-0.06501533696061296	0.03954429937521033	-0.0009222882825184644	6.7956884695418935	-0.23202409933410847	-0.2610765329340176
5.479216439326864e10	69.53622435732589	-0.06520963307947443	0.0034129202099785682	-8.270644402774859e-5	7.069128087154674	-0.2527760726946999	0.026553033442643523
5.479216439441703e10	69.53730779405943	-0.06523613507325243	0.00015812701734501487	-3.936454953862844e-6	7.369435700192277	-0.2721824876843342	0.33743490192748077
5.479216439651366e10	69.53739227104319	-0.06523825086454992	5.766963157834694e-6	-1.4629516495020568e-7	7.617998152076986	-0.28759376578599216	0.6293462520623446
5.479216440039668e10	69.53739763158768	-0.06523838746238633	1.7378154729502397e-7	-4.474026524944558e-9	7.822953073408691	-0.30030592935276057	0.9105885447269656
5.479216440765693e10	69.53739791938638	-0.06523839489859118	4.489153718093904e-9	-1.1701196276735222e-10	7.9983766158025915	-0.31128609532846374	1.1874913346501292
5.479216442139788e10	69.53739793286003	-0.0652383952508642	1.0060077013106719e-10	-2.650820008493639e-12	8.154758835365307	-0.3211657888969017	1.464486623864649
5.479216444758618e10	69.53739793341545	-0.06523839526553862	2.0017613002405465e-12	-5.326552739783986e-14	8.297961517363298	-0.33028846801384604	1.7429458684150358
5.479216449774145e10	69.53739793343603	-0.06523839526608745	3.6160668042755826e-14	-9.709291963147666e-16	8.431562641041616	-0.33886387534293494	2.023184002724499
5.47921645941099e10	69.53739793343672	-0.06523839526610624	6.050254316286366e-16	-1.6382542288131102e-17	8.557853975783793	-0.3470269278157512	2.305032695470619
5.479216477985498e10	69.53739793343672	-0.06523839526610684	9.505429637174883e-18	-2.594361552958978e-19	8.678480858427271	-0.3548754830120917	2.5883803026491066
5.4792165138744415e10	69.53739793343672	-0.06523839526610684	1.4185287456550922e-19	-3.901047682003501e-21	8.794596333823826	-0.36247843575339433	2.873021868006905
5.479216583385221e10	69.53739793343672	-0.06523839526610684	2.0267483370457312e-21	-5.614228411184017e-23	8.907082088853805	-0.3698889593874217	3.158843005707515
5.479216718311362e10	69.53739793343672	-0.06523839526610684	2.789668502879647e-23	-7.781709407770092e-25	9.016604121855018	-0.3771474716878316	3.445737357805584
5.479216980758835e10	69.53739793343672	-0.06523839526610684	3.7166477580777895e-25	-1.0437783931108679e-26	9.123681715542126	-0.38428570592901834	3.733624949258694
5.4792174921741684e10	69.53739793343672	-0.06523839526610684	4.813270063224588e-27	-1.360652517710341e-28	9.22871268628942	-0.39132803825266826	4.0224070722572085
5.479218490583586e10	69.53739793343672	-0.06523839526610684	6.076497172584439e-29	-1.7287688720241266e-30	9.332030346725993	-0.39829501721092964	4.312041412601168
5.47922044336748e10	69.53739793343672	-0.06523839526610684	7.49358693699676e-31	-2.1452866760605827e-32	9.433911782687666	-0.405203672958377	4.602509435093864
5.4792242694737175e10	69.53739793343672	-0.06523839526610684	9.04546928933596e-33	-2.6054366415076634e-34	9.534579699391976	-0.41206730425028804	4.893775512193193
5.479231779079708e10	69.53739793343672	-0.06523839526610684	1.0704302969139569e-34	-3.101759692195517e-36	9.63422814110718	-0.4188966985079443	5.18582122327289
5.479246542937566e10	69.53739793343672	-0.06523839526610684	1.2438354873592186e-36	-3.6254469220303184e-38	9.733026890410976	-0.4256995068835352	5.478620046930006
5.479275614827946e10	69.53739793343672	-0.06523839526610684	1.421578371154574e-38	-4.167397243308575e-40	9.831139483933704	-0.4324797182300517	5.772142685738347
5.47933296484411e10	69.53739793343672	-0.06523839526610684	1.5996051984083354e-40	-4.7156440890871174e-42	9.92876877807985	-0.43923737614407776	6.0664214160270555
5.479446263626148e10	69.53739793343672	-0.06523839526610684	1.777539380052358e-42	-5.26864736903636e-44	10.026148166285658	-0.4459611849693823	6.361396135618813
5.479670443382939e10	69.53739793343672	-0.06523839526610684	1.957915522552105e-44	-5.833092956217854e-46	10.1236699820872	-0.45262393079239027	6.65705982952635
5.480114663292357e10	69.53739793343672	-0.06523839526610684	2.152607894403372e-46	-6.442847800795809e-48	10.222016572162353	-0.45916476805968887	6.95338468713781
5.480995992080499e10	69.53739793343672	-0.06523839526610684	2.3942424533170137e-48	-7.192682909120353e-50	10.322463906115537	-0.4654569453896884	7.250310891553029
5.4827464694968216e10	69.53739793343672	-0.06523839526610684	2.7633945173285294e-50	-8.317975294939967e-52	10.427502902288303	-0.47124461967109066	7.5477784295970265
5.486224746832131e10	69.53739793343672	-0.06523839526610684	3.482985881797588e-52	-1.0469040776927393e-53	10.54201374312445	-0.47601411187926335	7.845613155482918
5.49313082823745e10	69.53739793343672	-0.06523839526610684	5.30354311849008e-54	-1.5813126181571488e-55	10.675637875372196	-0.4787466025857623	8.143464140977406
5.506793671459318e10	69.53739793343672	-0.06523839526610684	1.1915272369037169e-55	-3.4784215446125694e-57	10.847326113234637	-0.4774511700459829	8.440550676409112
5.533507488979625e10	69.53739793343672	-0.06523839526610684	5.845458369004269e-57	-1.6287583742645626e-58	11.093285509696763	-0.4683861495181223	8.734728239106433
5.583980260306424e10	69.53739793343672	-0.06523839526610684	1.28233348644555e-57	-3.2504620027173603e-59	11.477084765066003	-0.44530525556862477	9.020211330183422
5.671048401255738e10	69.53739793343672	-0.06523839526610684	3.561876799926081e-57	-7.577913090404125e-59	12.083857636432505	-0.4012371978193987	9.282920968716072
