# problem=SEAS Benchmark BP5-QD
# code=Thrase
# modeler=B. A. Erickson
# date=2023/01/09
# element size=xx m
# location=on fault, z = 5.0 km
# Lz = 80 km
# t slip_y slip_z slip_rate_y slip_rate_z shear_stress state
0.0	0.0	0.0	1.0e-9	1.0e-9	13.273061180906112	13.273061180906112	8.146128035678238
6.6349145094533995e7	0.06635049721645678	-6.563096191249013e-10	1.0000578831109597e-9	-2.6009186416315922e-17	13.273112588544224	-9.423188079789955e-8	8.146124339348306
2.0300334898212495e8	0.20306534684178978	-2.7499762146465375e-8	1.0012771839293326e-9	-5.533469112871996e-16	13.274085848879622	3.2731011950706233e-6	8.145980926959426
3.011482046242373e8	0.30152967687936477	-1.5567242311948153e-7	1.0064826931950401e-9	-2.4762955186200543e-15	13.278065977201951	1.815896115122504e-5	8.145276330076452
3.7588832686262363e8	0.3771867444372505	-4.899710741353441e-7	1.0207441502804448e-9	-7.386768472282402e-15	13.288769022109502	5.683689515947035e-5	8.143309215400366
4.334185085100298e8	0.43666707773634794	-1.1839703678079288e-6	1.052170174584651e-9	-1.8784164871794062e-14	13.311960102603571	0.00014313840537993831	8.139141286234825
4.760979102365386e8	0.48265336732219805	-2.425926361388909e-6	1.111818993926326e-9	-4.404447225387772e-14	13.3548601441777	0.0003183187948401963	8.131977632743624
5.0484152612011904e8	0.5158107682842151	-4.300703336466788e-6	1.2096217780596726e-9	-9.621440528036956e-14	13.422402212847995	0.0006356059508173602	8.122139701443144
5.2270545801063013e8	0.5385447376773931	-6.764114660100534e-6	1.3583109669380909e-9	-2.001849699879551e-13	13.519161668269028	0.0011705544383747398	8.110830789319474
5.3161950504511607e8	0.5513454035413982	-9.146719225857636e-6	1.5401668130699585e-9	-3.647880069554684e-13	13.628940653437674	0.0018770518811407808	8.101379042205444
5.356653079711779e8	0.5579116861725899	-1.0982893817523805e-5	1.7308124654447532e-9	-5.770395452112254e-13	13.735089330457274	0.0026458270282430593	8.094989255750521
5.376395736273851e8	0.5615035202586505	-1.2344200837825653e-5	1.9334425722006333e-9	-8.416090251558807e-13	13.838984843780235	0.003467116020173797	8.090746863415976
5.386249261408267e8	0.5635018317437185	-1.3308605767014335e-5	2.1495974698200032e-9	-1.1618739265831486e-12	13.940777023358748	0.004327085425431767	8.08801529052389
5.391208270196964e8	0.5646180703627453	-1.3965811819589576e-5	2.3812383118196737e-9	-1.5420376982517104e-12	14.04070727090614	0.005215278212593411	8.086304004570282
5.393710011117221e8	0.5652410832605542	-1.439960990223945e-5	2.630819240655814e-9	-1.9877289197383787e-12	14.139128227176325	0.006124627319371309	8.08525612958983
5.394971668684117e8	0.5655878930900488	-1.467859359265215e-5	2.9011962283343207e-9	-2.5062586998359407e-12	14.236432305104334	0.007050668793767053	8.084626400619872
5.395606763649287e8	0.5657802951799825	-1.4854205480632391e-5	3.1954950851103834e-9	-3.1066161209273316e-12	14.332977579114125	0.007990563048663744	8.084253807593125
5.395925630526824e8	0.5658866540644046	-1.496279146031298e-5	3.5170683218598243e-9	-3.79948934432358e-12	14.429062383969839	0.00894249395641444	8.08403621142757
5.396085255643969e8	0.5659452424074609	-1.5028930984007002e-5	3.869492464053313e-9	-4.597310445057111e-12	14.524920031159963	0.009905271243531034	8.083910531221763
5.396164921220597e8	0.5659774092049461	-1.5068704446614867e-5	4.256615606140584e-9	-5.514401518387071e-12	14.620729834505415	0.010878139191779528	8.083838623062338
5.396204556040378e8	0.5659950132718241	-1.5092358167922298e-5	4.682563972558527e-9	-6.567040561044142e-12	14.716617254486403	0.011860530379359906	8.083797820009698
5.396224215905607e8	0.5660046194416962	-1.5106290717213072e-5	5.151879594336477e-9	-7.77387383484877e-12	14.812683158239842	0.012852169704822483	8.083774832804993
5.396233938568282e8	0.566009846647972	-1.5114427566683703e-5	5.669554653490692e-9	-9.156129386705478e-12	14.909002965447971	0.013852919316039027	8.083761965526131
5.396238732374157e8	0.5660126832154527	-1.5119143142867746e-5	6.241064838286849e-9	-1.073784586012791e-11	15.005627138639188	0.014862669946968601	8.083754805099849
5.396241089779481e8	0.5660142189539977	-1.5121857953470295e-5	6.8727361209473465e-9	-1.2547087196652337e-11	15.102631504426231	0.015881782209851647	8.083750840294256
5.396242246350219e8	0.5660150488220036	-1.5123412043908415e-5	7.572047575527432e-9	-1.4617166673592915e-11	15.200132659501424	0.01691118937617633	8.0837486542584
5.396242812747416e8	0.5660154967038225	-1.5124297678625798e-5	8.348374982711022e-9	-1.698939151255827e-11	15.298342843842192	0.017952926894003657	8.083747452896121
5.39624308991081e8	0.5660157384530973	-1.512480102826608e-5	9.214629066990118e-9	-1.971905482642962e-11	15.397683621492519	0.019011291066814928	8.08374679375592
5.396243225767453e8	0.5660158693560942	-1.5125087379533952e-5	1.0191486499982225e-8	-2.2890831115217544e-11	15.499072924874405	0.020095838636257832	8.08374643149363
5.396243292808776e8	0.5660159409213655	-1.5125251617520402e-5	1.1317996118248517e-8	-2.6658110817853078e-11	15.604568774162413	0.021228165665144672	8.083746230708973
5.396243326258985e8	0.5660159807052302	-1.5125347382621136e-5	1.2668061043655121e-8	-3.130905295525567e-11	15.717960984820014	0.022447920329138876	8.083746117638544
5.396243343126326e8	0.5660160032836247	-1.5125404467245461e-5	1.4363535100247858e-8	-3.733124842544204e-11	15.844348410417034	0.023807238593636176	8.083746052657718
5.3962433519818e8	0.5660160168581996	-1.5125440642845324e-5	1.66555772806013e-8	-4.574292636183899e-11	15.99330864611448	0.025403293786445715	8.083746013093707
5.396243357073675e8	0.56601602608129	-1.5125466741069129e-5	2.0126268858170203e-8	-5.897077566178226e-11	16.183731217867702	0.02743030236442785	8.083745985851477
5.396243360245745e8	0.56601603322048	-1.5125488432146262e-5	2.5754792927592214e-8	-8.144669460384666e-11	16.431790189227662	0.030059252154050444	8.083745964459474
5.396243362523956e8	0.5660160400840726	-1.5125511156068612e-5	3.6108560998160124e-8	-1.2533373405100291e-10	16.771686852053715	0.033671345504285945	8.083745943579286
5.396243364350169e8	0.5660160483660478	-1.5125541648753408e-5	5.8334099486628925e-8	-2.2715184950015728e-10	17.254161722547565	0.03886055727242659	8.083745917989729
5.396243365857319e8	0.5660160604834815	-1.5125592331878625e-5	1.1261123673111158e-7	-5.011258039510158e-10	17.915823914664834	0.04613710832991673	8.083745879999835
5.396243366821228e8	0.5660160753245782	-1.5125662353107779e-5	2.1093629212447372e-7	-1.0456863243005685e-9	18.54736125658512	0.05328871889418819	8.083745832968427
5.396243367654521e8	0.566016101148272	-1.5125798502301391e-5	4.543198594004767e-7	-2.516799989686888e-9	19.32010128100911	0.06227865843032807	8.083745750435478
5.396243368341861e8	0.5660161508266297	-1.5126090745742952e-5	1.1313556096629323e-6	-6.962486808949454e-9	20.239057955623082	0.07271524457565749	8.083745590326068
5.396243368948504e8	0.5660162734813815	-1.5126892094404755e-5	3.442021049182987e-6	-2.3441955511606264e-8	21.35882918966933	0.08494164009786266	8.083745191815895
5.396243369337376e8	0.566016487548462	-1.5128408142714832e-5	8.445389553455221e-6	-6.156271996609998e-8	22.261669645244037	0.09465064539685794	8.083744491855244
5.39624336964487e8	0.5660168862649482	-1.5131405239576133e-5	1.9124254334515676e-5	-1.4710604794441972e-7	23.08356241062561	0.10340945275875164	8.083743181590483
5.396243369891373e8	0.5660175728371132	-1.5136812641326087e-5	3.919165112593919e-5	-3.143535920384428e-7	23.804899497605952	0.11102009743479437	8.083740915893005
5.39624337013048e8	0.5660189557123614	-1.5148151589787636e-5	8.206468045735435e-5	-6.843150824543039e-7	24.54776220929368	0.11879761547148089	8.083736334709654
5.396243370365431e8	0.5660218328792302	-1.517264231768565e-5	0.000174987578374376	-1.512933593032639e-6	25.3088270771934	0.12673766254205976	8.08372676651241
5.396243370603448e8	0.566028164341863	-1.5228474622343032e-5	0.0003851882951249565	-3.4472706408891667e-6	26.1019987969868	0.13503970995985495	8.083705627076434
5.396243370835692e8	0.5660417437979918	-1.5352224034984992e-5	0.0008454580649454713	-7.810143030059162e-6	26.892831481109393	0.1434306185802364	8.083660094222434
5.396243371078358e8	0.5660738627758521	-1.5654320932197453e-5	0.0019622498531129237	-1.8702860487596767e-5	27.74101431933908	0.1526274727872788	8.083551843063209
5.39624337134157e8	0.5661596593235968	-1.64874034788185e-5	0.0050602070873591145	-4.978330479727285e-5	28.697175053668595	0.1631095074199956	8.08326076338635
5.396243371584264e8	0.5663593222776624	-1.8482514546999406e-5	0.012560166529702953	-0.00012690389026090562	29.617323602586605	0.17307569084898053	8.082578582993404
5.39624337186084e8	0.5669804112298876	-2.4860935664731213e-5	0.03670752837904686	-0.0003811342240482142	30.710429917521882	0.18469802536734337	8.080441423729342
5.396243372181629e8	0.5693484641261456	-4.988165026941238e-5	0.1299914646997533	-0.0013888219477041024	32.03171294156435	0.19879881283894574	8.072248373187499
5.396243372463402e8	0.5759124420630435	-0.00012097587190668995	0.3737431939368643	-0.004085834856310331	33.213904998196945	0.21187720846378774	8.049612736408053
5.396243372761934e8	0.5946895193706695	-0.00032885433470369207	0.944684364361975	-0.0105498435759808	34.401361556349784	0.22575790551989744	7.986004333602172
5.396243373109016e8	0.6448186017512332	-0.0008949242913306412	1.9958613908660534	-0.022707220237710702	35.53422547340189	0.24003445214844346	7.82073369676646
5.396243373522427e8	0.7575085888290047	-0.002185822955308903	3.469588218368026	-0.0398872076484995	36.3963946067725	0.25183648236867123	7.457930138872621
5.396243374019947e8	0.974549814592172	-0.004675821571544342	5.245587600572094	-0.05984816953259325	36.750903185789156	0.2565949464118014	6.77011765451556
5.396243374429415e8	1.2185648473541042	-0.007427066506852953	6.669211063203254	-0.07413196492560128	36.574277975227574	0.2521336650858204	6.003296758570351
5.396243374725392e8	1.4310309259561989	-0.009751943366415449	7.685445009646946	-0.08265676505191194	36.21651791162141	0.24378074540859943	5.338342036468708
5.396243374952679e8	1.614459347070178	-0.011691150685959535	8.452545767714929	-0.08773601028594927	35.81240154403066	0.23426211861567128	4.765569583298038
5.396243375174212e8	1.8098474114773597	-0.013675484486029779	9.184407674285719	-0.09113111539857358	35.311137300902054	0.22248128666939676	4.156417034102259
5.396243375422308e8	2.0477192898729757	-0.015962206379478754	9.989800427649635	-0.0928129676391265	34.63141275054977	0.20653478550048876	3.415813973241567
5.396243375724466e8	2.364312895043923	-0.018754764785639266	10.966742164117726	-0.09132269520566907	33.650331189473455	0.18331816364666587	2.4313733811618867
5.396243376052352e8	2.7414697602282363	-0.021650731142799313	12.042233259840303	-0.08424757698973835	32.410450318209854	0.15331963060883194	1.260228518562049
5.396243376256423e8	2.9940856825078175	-0.02329287688964537	12.71313328324685	-0.07614252174327744	31.541818891941617	0.1317654590480206	0.4777089484933825
5.396243376400595e8	3.1806679295925835	-0.02433607913547145	13.163869254987912	-0.06824576867405491	30.87061355566663	0.11495746617976298	-0.096511283959252
5.396243376534337e8	3.359260205554855	-0.025189635086023066	13.531043551445249	-0.059090148932618686	30.19599427293364	0.09828506650211134	-0.6354452481137317
5.396243376673998e8	3.550282861841361	-0.02593647360939758	13.794419830762573	-0.047505139490744495	29.43733012023712	0.07993219619643742	-1.1740559306831306
5.396243376794984e8	3.7175195079316494	-0.026441771012954637	13.805015520335695	-0.035786115966085115	28.74807069220786	0.06339812903986188	-1.5609149339141402
5.39624337691031e8	3.8753287745178073	-0.02678496948820739	13.50923279549374	-0.023658927502694632	28.095919243870014	0.04752779049237046	-1.7973902279657474
5.396243377023244e8	4.024960323941266	-0.02698533879472375	12.959167213162148	-0.011946215082442134	27.502879208734683	0.032474409258631674	-1.9018145534545459
5.396243377143258e8	4.176352060089283	-0.02705952688089668	12.265672507823236	-0.000659185968076328	26.949814601139934	0.017444092458133754	-1.9312201544619556
5.396243377289346e8	4.3495537351860625	-0.026980652913986738	11.46296286241724	0.0111102334460129	26.38817577861238	0.0006453476978780712	-1.923167690099253
5.396243377483307e8	4.562977571412466	-0.02663636070414284	10.579606202094478	0.0239296511089592	25.802116394268012	-0.019379054750878234	-1.8945174681423322
5.396243377748412e8	4.830827952533688	-0.02581004228522295	9.678083951464366	0.037849220869246226	25.21372436404942	-0.04341890210626422	-1.8554314021160214
5.396243378096001e8	5.152011941364331	-0.02423580656533845	8.855124711999984	0.052145507297298416	24.676590254217885	-0.07066747860504405	-1.8143214499550662
5.3962433785311e8	5.521043936452128	-0.02164964100452268	8.151891011996668	0.0661594621998215	24.214164686135703	-0.09994678421584048	-1.775802665078598
5.3962433790666e8	5.940399847426366	-0.01773228516545254	7.543234341990591	0.07955801600174722	23.809364253460593	-0.13078078426185272	-1.740188382365596
5.396243379713187e8	6.409579361617498	-0.012174538699144904	6.992210298175986	0.09171881905490553	23.43825324257952	-0.16249569094539404	-1.7061707673669213
5.396243380465965e8	6.91583174659834	-0.0048698830712734405	6.473358787135469	0.10169458273527543	23.08479948097066	-0.1937497680986848	-1.6723443299980365
5.396243381304443e8	7.437305656795671	0.003977944208613378	5.975654318112722	0.1087210299735005	22.742552147077916	-0.22301664839535917	-1.6377852663877661
5.396243382197582e8	7.9494687344329895	0.013884696721281037	5.5009349251974395	0.11257895438119402	22.413519656771868	-0.24909220206475285	-1.6023627747698026
5.396243383142328e8	8.447218223213792	0.024590219876656643	5.042955342131495	0.11360540058311508	22.093743885964443	-0.272063905377534	-1.565379996457349
5.396243384144318e8	8.929880047764325	0.03592065822863767	4.597497613448767	0.11219195802416354	21.780314569869816	-0.2922342302223698	-1.5262025771593666
5.3962433852116e8	9.397018335717954	0.04772322839665174	4.162745057949218	0.10869799156256907	21.471755291541086	-0.30988458307897754	-1.4842864465299952
5.396243386354762e8	9.848218729069208	0.05986054606739618	3.7378325462940425	0.10344212274882178	21.167063092294	-0.3252732909475122	-1.4390495884976024
5.39624338758761e8	10.282984499504215	0.07220629487891315	3.3222148574016606	0.09670089679608368	20.86525107910066	-0.338638249394926	-1.3897765441052872
5.396243388928401e8	10.700652421301648	0.08464101395424613	2.9153986268891736	0.08871016211032544	20.56508419278522	-0.3501997976190802	-1.3355190427979025
5.39624339040149e8	11.100179887219262	0.09704364974141928	2.51692704791896	0.07966960817243478	20.264910481889785	-0.36016062413168964	-1.2749739962428481
5.396243392039915e8	11.4798603929128	0.10927986189981652	2.126444351068684	0.0697492371026545	19.962397307443666	-0.36870676828129406	-1.206291815439437
5.396243393885214e8	11.83614750913936	0.12115913698909181	1.7446694322677545	0.0591222030476758	19.65468311211653	-0.37599476260790693	-1.1269375999420232
5.396243395973237e8	12.160906949232874	0.13233086403370334	1.3764616709957656	0.0480731372274169	19.33988091396006	-0.3821206632119118	-1.0340920276376933
5.39624339826669e8	12.436616312225341	0.14209179278474596	1.0385810665787165	0.03728928979190714	19.023483851180202	-0.3870545264550603	-0.9276682098675831
5.396243400680479e8	12.650951423882173	0.14988174526537285	0.7477061922036012	0.02753136724267873	18.709924170050385	-0.390851301318695	-0.8099724625203574
5.396243403252783e8	12.810455755901682	0.1558232332931048	0.503446655983576	0.01899474752358338	18.38337558426855	-0.3937568899553859	-0.6784412071020051
5.396243406235344e8	12.928468202329494	0.16032971565975937	0.30266353775932026	0.011715380740702379	18.01334327935949	-0.3958506138007864	-0.5227787791976204
5.396243410470252e8	13.020370963958408	0.1639336308283335	0.1532265530442585	0.0060922737521949925	17.587548167210343	-0.39668854326394115	-0.31948901983299965
5.396243418183762e8	13.097275980637844	0.16702948704014486	0.06584396976043448	0.0026839013405367544	17.156156231876366	-0.3961512771166877	-0.04811447839767856
5.39624343269278e8	13.158254127578054	0.1695401452639207	0.027737038447574584	0.0011535374894895629	16.789683063727097	-0.39498392317202796	0.25404102387595645
5.396243459517184e8	13.206917682632202	0.17158037644547966	0.012317679484121973	0.0005206049316384474	16.488576389884216	-0.39370678410078824	0.5552140827944558
5.396243509283621e8	13.247999122097642	0.17332865310143225	0.005741382057362686	0.00024602023922908316	16.23009424956544	-0.3924565673025489	0.8498824417816212
5.396243602889229e8	13.284562582810134	0.17490514399690255	0.0027568924360676177	0.0001196080437946066	15.997153808404192	-0.39124141323903444	1.1408572376090043
5.396243780643296e8	13.318213425649505	0.17637355079066433	0.0013483041354641397	5.917730722466468e-5	15.780519003228505	-0.3900513202002572	1.4301080824517065
5.396244120197533e8	13.34984323459487	0.17776945832977478	0.0006674279193775774	2.9618568821679564e-5	15.57503877618906	-0.3888767261022629	1.718570294041014
5.396244771565409e8	13.38000302408216	0.17911501406369384	0.0003331289809084906	1.4941905860173214e-5	15.377541005582515	-0.3877099212292929	2.006747536400872
5.396246025255928e8	13.409059314035877	0.18042508043396951	0.00016723146732369187	7.579434505028549e-6	15.185929335025136	-0.386544851662784	2.294945200400882
5.396248445009568e8	13.437267933427929	0.18171014012527503	8.428833173446087e-5	3.859555783672117e-6	14.998752203671643	-0.3853767915622976	2.5833564519837933
5.39625312693372e8	13.464814339232374	0.18297788838251547	4.260121068942772e-5	1.970578002842059e-6	14.814966050237445	-0.38420201052497477	2.8721094864044026
5.396262206223507e8	13.491836860251281	0.18423415151371753	2.1571788446462436e-5	1.0079269734611305e-6	14.633799025749468	-0.3830175198137106	3.1612913798940037
5.396279849822336e8	13.518441205595096	0.18548346247158728	1.0936096087791573e-5	5.161313107479722e-7	14.454666111496437	-0.38182087092362854	3.4509639382549775
5.396314203596473e8	13.544709332100117	0.1867294096753892	5.547866769943963e-6	2.6446844855556004e-7	14.277118048051364	-0.38061002441098307	3.7411680769981266
5.396381224283825e8	13.570707489445796	0.18797497142181552	2.815052586786217e-6	1.3554656789940815e-7	14.100793270466	-0.3793831434516208	4.031949771796414
5.396512208297492e8	13.59648644930376	0.1892224927391819	1.4283012497814405e-6	6.946839522249667e-8	13.925421311769284	-0.37813867405991325	4.3233182554717535
5.396768664080684e8	13.622089140384412	0.19047402582191497	7.244500669361388e-7	3.559250313875489e-8	13.75077539692029	-0.37687500725361306	4.61529916730163
5.397271669193088e8	13.647550477546586	0.19173130437079597	3.6725123912036143e-7	1.822710055065731e-8	13.576678171792679	-0.3755904171966568	4.907908852068424
5.398259928044591e8	13.672898865263416	0.1929957997830795	1.860473561002627e-7	9.328382041232302e-9	13.402997717609338	-0.37428278191015923	5.2011519348924224
5.400204704699428e8	13.698157512128521	0.19426876959492273	9.41800149585817e-8	4.770834736451008e-9	13.22964865283744	-0.372949051233536	5.495019323380612
5.404038269813832e8	13.723349266274868	0.1955514853122434	4.763575685998056e-8	2.438047020825227e-9	13.056577104649108	-0.3715840156277607	5.789527248230838
5.411607132012376e8	13.748494035495032	0.19684508292357822	2.4074994608214734e-8	1.2449656655286577e-9	12.883813096665094	-0.37017846466343246	6.084665610456278
5.426573893104962e8	13.773612935912745	0.19815073884425716	1.2160160909487771e-8	6.353227742256767e-10	12.711509996026095	-0.3687150130766456	6.380412593890701
5.456215069544921e8	13.798734144456642	0.19946991278856366	6.140844276606849e-9	3.240947672503454e-10	12.540038663223257	-0.36715986679979146	6.676743925793387
5.515000087151647e8	13.82389827147693	0.20080450987354073	3.1034033512548016e-9	1.6537837118496004e-10	12.370217325427532	-0.36544675080328076	6.973582724422015
5.631722207892312e8	13.849175639504994	0.20215754722388804	1.5725179975229254e-9	8.452839319652388e-11	12.203722867461963	-0.36344446803213354	7.270779457645394
5.863683722580137e8	13.874699437058537	0.203534409351581	8.0194046539021e-10	4.339156925505514e-11	12.043913973795668	-0.360892291341021	7.568051402261544
6.324690522634603e8	13.90072909937686	0.20494512641572385	4.147319675649385e-10	2.2490926553295108e-11	11.89745833729691	-0.3572721846597941	7.864797606927738
7.239391580796032e8	13.927788690275943	0.20640919929868995	2.2077961900071621e-10	1.1894361595183196e-11	11.77734008956675	-0.35155850712511477	8.15974219597735
9.04346403134135e8	13.956963178192261	0.2079647701737988	1.2452888822095244e-10	6.546890840713483e-12	11.707936874937872	-0.34174916549082485	8.450001352179479
1.253765423756434e9	13.99054356701119	0.20968358050892727	7.846709901778835e-11	3.8847058661432766e-12	11.730738652388567	-0.32411556537895	8.728548988709191
1.8956213152151854e9	14.03326844176793	0.2116776533605387	5.98673421206716e-11	2.6081941167297024e-12	11.896736277614764	-0.2927485291330089	8.977950226352265
2.9406357015826516e9	14.093943311833488	0.21403304948597257	5.879087080864372e-11	2.0070748580764e-12	12.207622480994203	-0.24194874228338983	9.164406282611944
4.434296009441741e9	14.190050679152453	0.2166820548319095	7.145856906100173e-11	1.5413579576109064e-12	12.561092651176281	-0.16892250107770682	9.253043674821187
5.969812915232712e9	14.3146347422882	0.21858130229323683	9.169463743295258e-11	8.767077408593869e-13	12.780111674298652	-0.09400359256346018	9.234505484138765
7.225950004247949e9	14.441430482099435	0.21919015511407464	1.0998361307544545e-10	4.8934445336611064e-14	12.85628697016736	-0.03473063938732538	9.17412191053859
8.650281068668509e9	14.60990164475287	0.2184505483055558	1.2482889886234687e-10	-1.1004389918784234e-12	12.847150135402842	0.026499321361765103	9.098542319117373
1.0235305289941816e10	14.811800846015403	0.2157487044560808	1.277288741796823e-10	-2.2615704992597944e-12	12.78456683342219	0.08498005861151532	9.05241493626508
1.190987830376e10	15.02170408378183	0.21113934002970242	1.2257862959800162e-10	-3.2096999541639165e-12	12.73697403923164	0.14028433911002333	9.049551838032333
1.2730783333165943e10	15.121304447761961	0.20833130851545104	1.2027101584166332e-10	-3.634386019774451e-12	12.728743236865043	0.16673495710798122	9.055404015668048
1.302136558583827e10	15.156275861294953	0.2072473393691278	1.208400689593328e-10	-3.845997354884158e-12	12.739086605436967	0.17765136041645554	9.05714517282333
1.3207313013230152e10	15.178901640945021	0.20651413713788702	1.2269451866678342e-10	-4.047020634911445e-12	12.756912924815907	0.18559050662317453	9.05712881116209
1.3392139521909184e10	15.201814955059444	0.20574527155953296	1.2535002730589176e-10	-4.276232619145218e-12	12.77785965361258	0.19334930563475658	9.05572402142202
1.3579326382229221e10	15.225571254902254	0.2049217609854763	1.2854375993285592e-10	-4.5247640352569335e-12	12.79926450206355	0.20088008245839648	9.052801818631817
1.3764512821889694e10	15.249695751198601	0.20406019931825062	1.3204486989951557e-10	-4.781565682822961e-12	12.819365150224542	0.20798802623876053	9.048469494081134
1.395005445138446e10	15.274538196648644	0.2031484801968035	1.3576196518490123e-10	-5.047405148247913e-12	12.837614238530733	0.2148464298471496	9.042802058349167
1.4238826778196861e10	15.314596063030026	0.20162973137736967	1.416722834231556e-10	-5.472722360338495e-12	12.86092293905044	0.22517770468992934	9.03174002948825
1.4766630821217642e10	15.392092084132425	0.19853684965229415	1.5167761327044595e-10	-6.2382310769926466e-12	12.884577340266475	0.2428952139968967	9.007034440165887
1.5273965660702202e10	15.470967304799219	0.195203956997514	1.5873752076748178e-10	-6.8791961614400115e-12	12.884843989647493	0.2583101231629688	8.982565153447382
1.551245474285526e10	15.50913588900225	0.1935298996280001	1.614853224903727e-10	-7.172347456475771e-12	12.883786503177362	0.26605977225626837	8.972096746385715
1.565473726237742e10	15.532288930813314	0.1924925086538088	1.641748097227351e-10	-7.42317466934642e-12	12.891371028877018	0.27216536735966473	8.96582148491353
1.5791211569417051e10	15.554934925410617	0.19145915110646142	1.6785299359100805e-10	-7.728932698684918e-12	12.904321512462374	0.27850896302779954	8.959210421301899
1.592655143648752e10	15.577943794733187	0.19039027166156725	1.7226610025412856e-10	-8.07152167766375e-12	12.919215242533355	0.2846727645152402	8.951807283917054
1.6065822891812408e10	15.602283875717886	0.18924012986461855	1.7734392302667487e-10	-8.447914204315965e-12	12.934535885125953	0.2906523556209964	8.943225082638257
1.6195703224666052e10	15.625644054996181	0.18811948696337127	1.8241607755419235e-10	-8.809530344567007e-12	12.947748049298994	0.2957493313573875	8.934367304343837
1.6317828374423319e10	15.648221667859024	0.18702276350998298	1.8734186706347476e-10	-9.150775883710086e-12	12.958537673667351	0.3000765187360001	8.92536859288217
1.6462414380491392e10	15.675730069443034	0.1856708202850247	1.9314441153624045e-10	-9.548192713103414e-12	12.968519412827064	0.30471925648091064	8.91405017362007
1.6728735308791227e10	15.728507269750432	0.18303550932473636	2.0291753480978562e-10	-1.0226503172299943e-11	12.977323670860471	0.31216311207326813	8.89226079793867
1.6980063539373928e10	15.78046995255606	0.18039543921945525	2.1033263825506724e-10	-1.0772025335754184e-11	12.975532908490948	0.3183773643507322	8.872177304568376
1.7100549670636923e10	15.80603159047307	0.17908031707329097	2.1417260680020355e-10	-1.1074658535108248e-11	12.97796202100534	0.322525507354195	8.862942626612439
1.7203739131411106e10	15.828355445445455	0.17792007083872596	2.1873001863276577e-10	-1.142836441481508e-11	12.986647355990357	0.32721561728093623	8.854815618556152
1.730371301449303e10	15.850495444684253	0.17675706558337376	2.2436976898553043e-10	-1.1848648979310499e-11	12.999358421685486	0.33207299655400585	8.846352436402796
1.740247981606742e10	15.872971680831998	0.17556403426429387	2.3090836991182687e-10	-1.23170382500302e-11	13.013752767565151	0.336709565273827	8.837200460663633
1.7502726937420864e10	15.896484582255257	0.17430394516827402	2.3830241622097995e-10	-1.2826862288370696e-11	13.028519219658918	0.34097934189113416	8.827019078254608
1.759421489817664e10	15.918615282309155	0.17310852316096137	2.4555885840747344e-10	-1.3307252730460573e-11	13.041136365682405	0.3442967270633226	8.816950190389832
1.7679191127162647e10	15.93977870267899	0.17195868993817123	2.5257104847986497e-10	-1.3754534800774432e-11	13.051439571316891	0.3468101443216888	8.806993546163259
1.7775875560524406e10	15.964587486325051	0.17060459509307782	2.606080088902269e-10	-1.425373358181231e-11	13.060840939719398	0.34912054288478866	8.795087079918977
1.7899409573962776e10	15.99741377323995	0.1688047101222273	2.7095567938664584e-10	-1.4896238550566693e-11	13.070709708607595	0.35203687048190313	8.77923553538952
1.7977254940672993e10	16.018793609173276	0.16762658682803055	2.786165246681459e-10	-1.5393610745688967e-11	13.08085966040089	0.3550171868429277	8.768797920089257
1.804982438513202e10	16.039327732574765	0.16648861850386512	2.8765033022746826e-10	-1.59920469022109e-11	13.096197649184333	0.35877068251728156	8.758387637058703
1.811896739190844e10	16.059573059918566	0.1653594083862995	2.9829649997132125e-10	-1.669132291643451e-11	13.115397084601241	0.36269494606804276	8.74749699818597
1.8186044008393093e10	16.079982771519973	0.16421392397966159	3.1057131339252436e-10	-1.7480301286942864e-11	13.136798652745526	0.36638694506276337	8.735753190838215
1.825177939964479e10	16.100844404628305	0.16303683723052786	3.244524860353606e-10	-1.8347099048231123e-11	13.159105447487022	0.3695745784526121	8.722932191332818
1.8310693678413944e10	16.120366115435893	0.1619312081269835	3.385457251189409e-10	-1.9199344145438425e-11	13.179671952030148	0.37191103141613785	8.71022942101406
1.8363191452622696e10	16.138506656020542	0.16090141798522448	3.529391818777408e-10	-2.0055442322967806e-11	13.199738248534587	0.3739331576216402	8.697841316224658
1.8411056009780426e10	16.15576885266116	0.15991929178519695	3.689860050568051e-10	-2.1024254981906965e-11	13.22341658691856	0.3766233099247537	8.685434363467039
1.845492884219393e10	16.172354780418893	0.15897249372542982	3.8793441136015813e-10	-2.2190115442898916e-11	13.253211298155136	0.38017952367517677	8.672712714698042
1.849523972258056e10	16.18842881380313	0.15805103737902287	4.1054187062235794e-10	-2.3586959745895928e-11	13.2890557013841	0.3841735112492668	8.659383170891367
1.853232529389305e10	16.204132299606485	0.15714685191617364	4.375654925177309e-10	-2.5250081379396112e-11	13.330723746881759	0.388367676773672	8.645205520021209
1.8559407271568302e10	16.216319680280975	0.15644217741396324	4.6379453914239813e-10	-2.68771783333212e-11	13.370944284603482	0.39249830051190504	8.633262263594276
1.8579186941058968e10	16.225740916535305	0.155894902710855	4.90387095822582e-10	-2.8567417499371747e-11	13.41311918289999	0.39736837659326385	8.623286918395468
1.859028365504211e10	16.231292334138725	0.155570753594353	5.112299521379825e-10	-2.993104010248193e-11	13.447544113637676	0.4018011855081106	8.616986061344585
1.859941427410532e10	16.23606292482903	0.155290586655214	5.351667038150088e-10	-3.15412139431428e-11	13.488378937445717	0.40749259570687757	8.611214052092103
1.8606952364769684e10	16.24019933909898	0.15504579551264738	5.643475896055277e-10	-3.355587005347121e-11	13.53908378565636	0.41491175048031115	8.605830623136308
1.8612771331198788e10	16.243577579716828	0.15484390148100452	5.995258436774634e-10	-3.603882961034707e-11	13.600113948530023	0.4240288630191031	8.601057756600031
1.8617218903360153e10	16.246334334719478	0.15467714404633687	6.44206190632096e-10	-3.925029260262019e-11	13.675839882306164	0.4353431904472764	8.596795144437245
1.8620443031507908e10	16.24849580398727	0.15454444596366296	7.029334733466765e-10	-4.353775181701903e-11	13.77083162216529	0.4493485128944226	8.593105162991701
1.862231816463255e10	16.249868765099375	0.1544587605391439	7.686420759028649e-10	-4.8392780484552796e-11	13.870317460866417	0.4636665910723039	8.590517157129963
1.862353896517357e10	16.25085383906626	0.1543962031421262	8.568468932693546e-10	-5.4974112605237605e-11	13.992946047750493	0.48077514528053095	8.588474082674937
1.8624146595710846e10	16.251400272811626	0.15436086321755918	9.547538290434313e-10	-6.233133777199735e-11	14.115906972219577	0.4972661716425479	8.587231729143156
1.8624457633826054e10	16.251712557553848	0.15434032135098408	1.0694956237049567e-9	-7.098022067955672e-11	14.244896166569319	0.5137026816124728	8.58646267227138
1.8624603913613953e10	16.2518770059397	0.15432933523881176	1.1972039920293844e-9	-8.059907137320727e-11	14.372490768577606	0.5289352733473703	8.586028278268342
1.862466646962232e10	16.25195530894214	0.15432403752528456	1.3224578857387008e-9	-8.9977234352084e-11	14.484064161164142	0.5411683605996295	8.58580929434426
1.862469721122998e10	16.251997762131857	0.15432113783081933	1.4567031115307911e-9	-9.993035254656616e-11	14.591275834186703	0.5517610914542485	8.585685105196077
1.862471095379885e10	16.252018539839252	0.15431970880572793	1.5808672605627146e-9	-1.0902857242418953e-10	14.68091430426388	0.5596367653042179	8.585622093737689
1.862472010720009e10	16.25203370340763	0.15431866055364712	1.7579294906046731e-9	-1.2183113410481984e-10	14.795780084291138	0.5684239539316099	8.58557463207346
1.8624724843649635e10	16.252042496245316	0.15431805019603947	1.996406768612542e-9	-1.388049341571616e-10	14.931437264269888	0.5770796706002215	8.585546169745161
1.8624726717713215e10	16.252046449471102	0.15431777517655018	2.2712466260556435e-9	-1.580689963670148e-10	15.067149119709327	0.5841562704977008	8.585532964652664
1.8624727425843384e10	16.25204814634495	0.1543176571036802	2.5734936575783317e-9	-1.7897878289089608e-10	15.197226693112171	0.5897422779073123	8.585527147184166
1.8624727709992275e10	16.252048918651923	0.15431760343274303	2.9245665090828684e-9	-2.029967012701961e-10	15.329296737675648	0.5944753315771103	8.585524441907694
1.8624727819820946e10	16.252049257878003	0.15431757991451167	3.3233640956158684e-9	-2.3001482039385464e-10	15.460492680617804	0.5984559743529018	8.585523231578023
1.862472786249128e10	16.2520494076898	0.15431756956128678	3.779417417873606e-9	-2.606482527315e-10	15.591848112655768	0.6018939047250443	8.58552268863185
1.8624727879207634e10	16.25204947450227	0.15431756496160168	4.30939279188827e-9	-2.959716868414586e-10	15.7254130194152	0.6049639263788494	8.585522443196076
1.86247278858827e10	16.25204950501624	0.15431756287012213	4.952629014962811e-9	-3.385279356714164e-10	15.866610899197738	0.6078533356479161	8.585522329751306
1.8624727888629753e10	16.252049519560355	0.15431756187842055	5.804844979336074e-9	-3.944792644772915e-10	16.027364909062968	0.6107962620897416	8.585522275071853
1.862472788981008e10	16.252049527008506	0.15431756137390878	7.083287982724977e-9	-4.776797073838552e-10	16.22844195208235	0.6140761779440552	8.58552224675552
1.862472789036139e10	16.25204953137952	0.15431756108048458	9.19663452882002e-9	-6.137871252058741e-10	16.491718573389633	0.6179397722045286	8.585522229941908
1.8624727890678936e10	16.252049534814716	0.15431756085274922	1.3189358415291014e-8	-8.676855662101805e-10	16.85489368173755	0.6229281974288838	8.585522216565089
1.8624727890908558e10	16.25204953870819	0.154317560599232	2.2584123301203535e-8	-1.455004926061881e-9	17.39636905093009	0.6301954314335657	8.585522201208871
1.862472789108935e10	16.252049544685757	0.15431756021986176	4.9536642428974344e-8	-3.1014846395143324e-9	18.18771880983057	0.6412480490120132	8.585522177327498
1.8624727891213356e10	16.25204955426345	0.15431755962899749	1.2041086192257582e-7	-7.347092035106963e-9	19.090935023109026	0.6587674014654946	8.585522138505887
1.8624727891309425e10	16.25204957429411	0.15431755841852998	3.558253570876694e-7	-2.1361335531727033e-8	20.212719962775353	0.6911668773165252	8.585522054695074
1.8624727891391193e10	16.252049636222203	0.15431755474848072	1.4967099269725503e-6	-8.778905321473139e-8	21.687974257359784	0.7282752760704654	8.585521784132828
1.8624727891448326e10	16.252049817504428	0.1543175442861095	6.083839511553048e-6	-3.4709963559182153e-7	23.114146157736357	0.757209458246756	8.585520968184387
1.862472789147858e10	16.252050113888526	0.15431752755550332	1.5041630546312423e-5	-8.419727469635834e-7	24.030508505779423	0.77328961433539	8.5855196131614
1.8624727891501987e10	16.2520506453377	0.15431749809630113	3.297008447734593e-5	-1.8129310713301264e-6	24.822220540039254	0.7849095233895976	8.585517162134595
1.862472789152107e10	16.25205154946742	0.15431744885302112	6.595732000981158e-5	-3.563376573377075e-6	25.518949784774307	0.7924489815439403	8.585512972200164
1.862472789153866e10	16.252053203996542	0.15431736040659813	0.00012998502024849277	-6.886560202124359e-6	26.197740416058437	0.7968295654857027	8.585505293237743
1.8624727891555004e10	16.25205620629652	0.15431720316459518	0.0002515964262116853	-1.3050202657723551e-5	26.856259673453096	0.7984324526209399	8.585491376501416
1.8624727891570232e10	16.252061556477855	0.15431692893988935	0.0004762586277702147	-2.4170208028216012e-5	27.491774905357104	0.7983279628562102	8.585466646687504
1.862472789158471e10	16.252071126266085	0.154316449021302	0.0008909030474052346	-4.424412216223369e-5	28.116326081204008	0.7977468629055638	8.585422535032855
1.862472789159898e10	16.25208888024503	0.15431557769312135	0.0016848435692193102	-8.190092722893638e-5	28.75351050277702	0.7974571657384074	8.585340824653914
1.8624727891613922e10	16.252125045318316	0.15431384118950336	0.0033596484896450665	-0.00015974961352232403	29.445303714242712	0.7976924673538344	8.585174427084304
1.8624727891629593e10	16.252203343635564	0.15431016561369773	0.007124206080033618	-0.00033110994890658054	30.199902211781236	0.7984656169231032	8.584814181645067
1.8624727891646553e10	16.252392686696652	0.15430148641319913	0.016570840214544805	-0.0007517301759705778	31.049484976624328	0.8000318249386047	8.58394418965353
1.862472789166327e10	16.252830573554036	0.15428188170710258	0.03909008516084773	-0.0017331002341050286	31.91955957323681	0.8027900414394371	8.58194099057573
1.8624727891681763e10	16.25404810045069	0.15422864416742624	0.10271510935484977	-0.004447484449857	32.918182926482146	0.8078645139139172	8.576436314736265
1.8624727891703445e10	16.25813779698836	0.15405418942726087	0.30936913863743903	-0.013065756132405494	34.11998784776945	0.8166637946187456	8.558572260561563
1.8624727891722992e10	16.26791740240325	0.15364586033313007	0.738852785412263	-0.030596927497903846	35.18320730014277	0.8263346817224148	8.518528041985315
1.8624727891742325e10	16.28860600940409	0.15279727647588084	1.4451945700719764	-0.05884328127731981	36.145448830486416	0.8358490498729926	8.439940168125258
1.8624727891764957e10	16.3332141036109	0.15099850483132848	2.5288116210942015	-0.1011802455910505	37.087754019518584	0.8445497318078682	8.281536914840796
1.8624727891793007e10	16.424947609659306	0.14736759742677213	4.025569468098792	-0.1578840007786656	37.931097241197946	0.8490800467412973	7.9722363189316985
1.862472789182862e10	16.602500551634517	0.1404963345861486	5.936452334128194	-0.2269949774684147	38.49872981283217	0.8430782838917367	7.394366079146437
1.8624727891868214e10	16.878371719164505	0.13011572699036902	7.98517538971677	-0.2958516413118656	38.55443651369792	0.8206685447842071	6.515262085297381
1.8624727891892944e10	17.091238227381933	0.12232024412351435	9.227163307263998	-0.33396602853667234	38.319097955470866	0.7977532705520065	5.843644265746514
1.8624727891910748e10	17.263346388800006	0.11615073519654666	10.098592946816797	-0.35848904966321093	38.024134728327894	0.776650128146946	5.303071298241663
1.8624727891926918e10	17.432847010947917	0.11019173173318356	10.866643971319942	-0.37831131699981496	37.66494711204918	0.7545278364813364	4.772207225298491
1.862472789194413e10	17.626728975148627	0.10351754979012671	11.659623740596981	-0.3968289866885207	37.190757474791425	0.7284531593240697	4.166333972166199
1.86247278919647e10	17.876059385987165	0.09515665959635704	12.581252355100476	-0.41557056246324275	36.50950205454818	0.694378325035822	3.3886813243966265
1.8624727891991207e10	18.225158348834448	0.08387473174575698	13.747032361551181	-0.4343315140670734	35.46534540577706	0.6461240988859436	2.3017365029690398
1.8624727892017292e10	18.598642723096837	0.0723742013480008	14.887185210493667	-0.44616607317370627	34.26963962298218	0.5935690444646401	1.14071111915213
1.8624727892033337e10	18.843124969191887	0.06518632806269938	15.57679539636967	-0.44884475540905544	33.44422896068009	0.5575560648606829	0.38265456646037593
1.862472789204463e10	19.021609329048577	0.06012348843235663	16.035683096398955	-0.447515419440702	32.811052142517056	0.5298972981036036	-0.16715610994198457
1.8624727892055313e10	19.19516804706103	0.0553600162996486	16.424777506741773	-0.44308762639576244	32.16506587089886	0.5020716224434858	-0.6918691707565218
1.862472789206665e10	19.38334054054798	0.05038293918055845	16.73865170976993	-0.4337118162542093	31.430553587836485	0.4708533894272833	-1.2258262918701446
1.8624727892076935e10	19.55618232821053	0.045994245465140624	16.829258974491186	-0.41835018938635127	30.73095677398483	0.44090950258750955	-1.6312718131125872
1.8624727892086372e10	19.714249769914368	0.042145874523339275	16.618272311391753	-0.3958870740986393	30.08803452932203	0.41267857013082837	-1.8738818718669015
1.8624727892095676e10	19.866607303628175	0.03859656513711824	16.11187940897387	-0.3667023278074828	29.489294112545096	0.38533928393833883	-1.9859746071963622
1.8624727892104935e10	20.01277572829523	0.03534737531162128	15.446926162928644	-0.33506628700750885	28.950988908140133	0.35955646951300485	-2.020401753729035
1.862472789211538e10	20.17000838193354	0.03202980854267771	14.677711897692694	-0.30092353333531136	28.420294434458484	0.33269734523320393	-2.0202081893332364
1.8624727892128624e10	20.358486753969142	0.02830310649228071	13.798967644986046	-0.26269376921139237	27.853054893687087	0.30193572239478855	-2.001802368199148
1.862472789214673e10	20.599092550310132	0.02395164325383216	12.81545775845262	-0.2195096774218107	27.23269586348492	0.2650242408980827	-1.9718694640570795
1.8624727892171566e10	20.904072132172324	0.019100131766756383	11.796669839691692	-0.17324614026011645	26.59190773723121	0.22187130434812555	-1.9355123626800061
1.862472789220314e10	21.26110876279825	0.014364644143428949	10.869144768298092	-0.12878849879817034	26.004970548655834	0.17599330069904595	-1.8988011914599985
1.862472789224138e10	21.660634331927643	0.010251501477408524	10.074608649902597	-0.08825183691661306	25.496885614654573	0.12969942656032482	-1.864668226927095
1.8624727892287136e10	22.105041836227734	0.00709552624784128	9.386790272090563	-0.05135554198311774	25.051130893130235	0.08327346976566279	-1.8330559147956373
1.8624727892341267e10	22.595725092525445	0.005261985403158036	8.77048318718377	-0.01786448972217192	24.645819858940357	0.03687377172891595	-1.8030195366348238
1.862472789240376e10	23.125373360506075	0.005115007700402993	8.198892633717925	0.011840374846886043	24.2646554443442	-0.00875352225214056	-1.7735498541241372
1.862472789247344e10	23.677349013159855	0.006860175807327546	7.657069135628753	0.037075027991007474	23.899135527216103	-0.05236629491089655	-1.7439253100102585
1.862472789254875e10	24.23410377043688	0.010459504955755749	7.13758024268031	0.05748121362731459	23.545523792831304	-0.09292096807843131	-1.713674486780002
1.8624727892628014e10	24.779853816598546	0.01566947361299407	6.63985260146964	0.07309928779702565	23.204339275995082	-0.12967626568576032	-1.6826797408948317
1.8624727892711357e10	25.312916467513727	0.022269506367339972	6.157320996916039	0.08451860819658079	22.87159714003245	-0.16289323936593583	-1.6504265988977747
1.8624727892799126e10	25.832405196182105	0.03005513621332704	5.686853145248685	0.09226107702455529	22.545334209030315	-0.1928087018901322	-1.6165370606988216
1.862472789289167e10	26.337153210627715	0.03882770009345574	5.227554284884074	0.09678876636543694	22.22492618569835	-0.21961272532171125	-1.5807258492446892
1.8624727892989567e10	26.826627882193463	0.048409620142256166	4.778844097150391	0.09852874145340096	21.909824878983002	-0.2435224495171304	-1.5426723466738235
1.86247278930936e10	27.300632558947285	0.0586440313040474	4.340176200817486	0.09786377202903718	21.599383233671873	-0.2647665826631893	-1.5019807553639666
1.862472789320473e10	27.75874285449339	0.06938335479341534	3.9112823860675037	0.09513252553712948	21.293023409644334	-0.28356048422337793	-1.4581775986398309
1.8624727893324223e10	28.200637167426468	0.0804949840917674	3.491717148063418	0.09063202060127785	20.989882878540456	-0.3001224244615041	-1.4106310510317936
1.862472789345368e10	28.625632846521473	0.09184875611056503	3.0811836437460665	0.08462254679282992	20.68897940637494	-0.3146555572317175	-1.3585232993245617
1.862472789359532e10	29.033009216849464	0.10332319454649638	2.6791071339959327	0.07732554475673359	20.388772014601997	-0.327361910277328	-1.3007001994786858
1.8624727893752064e10	29.42139229105178	0.1147867219997434	2.285063818977304	0.06893227862622058	20.087228337644106	-0.33842557611150476	-1.235556176631202
1.8624727893927715e10	29.788074420346284	0.1260726561318158	1.8992636965856273	0.05962166595474519	19.781736436163087	-0.3480047572019747	-1.1608585852941882
1.862472789412646e10	30.12727584548632	0.1369162492691677	1.5242740704996158	0.049618286050879624	19.469644867789086	-0.3562071074353061	-1.0737693884768849
1.8624727894349255e10	30.426238566328788	0.1468089826401657	1.1703011249968862	0.0393760753084671	19.15172155717191	-0.3630251668267876	-0.9722633161782747
1.8624727894584557e10	30.664064360200673	0.1549257799608637	0.8615796983870069	0.029846057962980146	18.839806499607974	-0.36830532796669496	-0.8598757079388386
1.862472789483513e10	30.845531211956335	0.1612941148739108	0.5974109564123757	0.02126159364898884	18.519911731406992	-0.37237953750527303	-0.7340480284572599
1.8624727895108967e10	30.97771537864685	0.16605772964528295	0.3804557827538815	0.01390323258454477	18.174477556737102	-0.37541067560968117	-0.5914056143228845
1.8624727895466717e10	31.079265773203293	0.1698191335916167	0.20671387088335935	0.007770297813490708	17.76565924949385	-0.37734759903240583	-0.40989764660130784
1.862472789606472e10	31.16229436409192	0.1729827302379978	0.09349860989478913	0.0036121166175925707	17.324765201477064	-0.37775290537480005	-0.16391812913510992
1.8624727897225925e10	31.230819838710715	0.17566120771860258	0.03836679569404957	0.00151728888408066	16.920897696401127	-0.3771206477215308	0.13807102775172175
1.8624727899345272e10	31.283475310903192	0.17776249902393118	0.01669047694066152	0.0006721049744914089	16.59792834656939	-0.3761762474112101	0.44079870790023
1.8624727903270702e10	31.327013991286403	0.17952900553024337	0.007651450831489319	0.00031279350173990674	16.325514869496274	-0.3751800213095888	0.7378968679318604
1.8624727910613205e10	31.36505131884956	0.18109435943925498	0.0036390558153869927	0.00015075972574833885	16.084250178783478	-0.3741900722068667	1.0299582955955882
1.8624727924513737e10	31.39968082645764	0.1825378247680966	0.0017689790960460558	7.419123352973129e-5	15.862151705142495	-0.3732094957493501	1.3197183575079445
1.862472795101331e10	31.432001394665768	0.1839012406414513	0.0008721344812824547	3.7004862951694776e-5	15.652872132591838	-0.37223450158779164	1.6083964043778138
1.862472800177034e10	31.462668819783044	0.18520974656347486	0.0004340988433264625	1.8625858921200998e-5	15.4526283859404	-0.3712604735518747	1.8966234523898124
1.8624728099342377e10	31.492108942792083	0.18647980662875416	0.00021750038269264342	9.434253328577364e-6	15.258977587938816	-0.3702832539651481	2.1847704967030044
1.8624728287455242e10	31.520612460222523	0.18772276709179983	0.00010948296761414229	4.799790805052995e-6	15.070266224152661	-0.36929943218757794	2.4730531107139875
1.862472865106284e10	31.548389010410123	0.18894691664177576	5.5287961456289564e-5	2.44947141971662e-6	14.88531016297209	-0.36830615705592445	2.7616276239602384
1.8624729355489384e10	31.575592284690735	0.1901584160869738	2.798173032648923e-5	1.252684656704775e-6	14.70324966067112	-0.3673011308378326	3.0505886342622714
1.8624730723163994e10	31.60234034873835	0.19136208741420022	1.4181897947863911e-5	6.415092891713907e-7	14.523427848296208	-0.36628237868495667	3.3400192546244822
1.8624733383914192e10	31.628723444790957	0.19256168960514392	7.193809698876924e-6	3.2878938426811145e-7	14.34534799775578	-0.36524826101546987	3.6299688796656047
1.862473857028392e10	31.654812719798883	0.19376025955782722	3.650497534222197e-6	1.6857774372570716e-7	14.168621819782956	-0.36419733182230746	3.920475626622036
1.862474869866064e10	31.680665259938547	0.19496030505616022	1.8524902076806655e-6	8.643722639057855e-8	13.9929407390445	-0.3631282505987165	4.211571879921616
1.8624768512594955e10	31.706325319966286	0.196163832075949	9.398681217818656e-7	4.4312094874968726e-8	13.818072113073256	-0.362039782857326	4.503261465869067
1.862480734738773e10	31.731833069401542	0.1973727326702111	4.7660385564344474e-7	2.2706110603378815e-8	13.643804095049674	-0.36093040259144055	4.795591934233409
1.8624883582359196e10	31.757215640791355	0.19858834537892428	2.415447831188531e-7	1.1628801462284069e-8	13.47001214583652	-0.3597985337821507	5.088531441320596
1.862503350409771e10	31.782501678643335	0.19981212984920357	1.2232154128561597e-7	5.951363675057534e-9	13.296567854292263	-0.3586415686267918	5.382117945831166
1.8625328818932102e10	31.807712710563358	0.20104524236218035	6.189470052724738e-8	3.043443271434203e-9	13.123412243701594	-0.35745550394512743	5.676343514548055
1.862591144755618e10	31.83286833328501	0.2022887643858611	3.1293895018102846e-8	1.555188535123401e-9	12.950547239383397	-0.3562332072751952	5.971194559115632
1.862706277490433e10	31.85799008718388	0.20354386768077462	1.5811014796996242e-8	7.941237383766736e-10	12.7780613709606	-0.35496120277348847	6.266669453763838
1.8629341305342354e10	31.88310156986341	0.20481177357627076	7.98543031449814e-9	4.0530412893815355e-10	12.60623219587687	-0.35361361969105615	6.56273264461555
1.863385734074544e10	31.90823821256602	0.2060941527929015	4.034262710745213e-9	2.0685195513321825e-10	12.435663942754857	-0.3521396300493835	6.859341625117415
1.8642819680538364e10	31.933456381535354	0.2073934069841322	2.0416701905294393e-9	1.0567372120139771e-10	12.267631860168322	-0.3504389097295361	7.156382513185777
1.86606241470156e10	31.958859516368772	0.20871362911160038	1.0380643492783231e-9	5.414897500273813e-11	12.104710246216214	-0.34831229486935505	7.4536346031588465
1.8696009955559116e10	31.984647212330792	0.21006232697258798	5.333391215703041e-10	2.7944500643659914e-11	11.952028212764688	-0.34536391213471623	7.750646253998863
1.8766282997788406e10	32.0112185862562	0.21145394399675269	2.801034465411753e-10	1.464046688616385e-11	11.819652716315474	-0.34080829858624434	8.046474933680733
1.8905296364234512e10	32.039388823474305	0.2129165448636753	1.5380108161420283e-10	7.908295761253493e-12	11.726838942157357	-0.3331018839515429	8.339009878827499
1.917703684702098e10	32.070873211150335	0.2145042280708683	9.211461224077461e-11	4.53061804032697e-12	11.708026686082562	-0.3192988403651131	8.62331103645321
1.9689788256618214e10	32.10928318162488	0.21630996718726223	6.461585380537763e-11	2.8777680138407174e-12	11.813755705518318	-0.2943156284142587	8.887018340883188
2.0571530179555138e10	32.161652441366996	0.2184355800387005	5.748567725888509e-11	2.100408809696692e-12	12.075580589721014	-0.25186896879530324	9.102427065358347
2.1886234844100826e10	32.24099499957306	0.22087247707812804	6.499841124463469e-11	1.6423925350476761e-12	12.428742604650594	-0.18835781715695857	9.232235107151952
2.3525805378372128e10	32.362247920850635	0.2231021334570642	8.418015233112066e-11	1.0302066131260374e-12	12.720727573927675	-0.10897214991515596	9.249811294491591
2.482126738604312e10	32.48340841454106	0.2239772927774074	1.0306576048983403e-10	2.727823658352229e-13	12.837441005153053	-0.047440254698122665	9.200347708500622
2.6154195144299706e10	32.63285004155992	0.22366985363681077	1.2010563042875887e-10	-7.638318121842719e-13	12.86047198436718	0.01176374140474364	9.127219787205794
2.7708534912132515e10	32.82769779532466	0.22150804781249775	1.2815129626080758e-10	-1.9855032817532987e-12	12.809622686019694	0.0719197425504496	9.063985367237349
2.9325638085320766e10	33.03315506947188	0.21745750733640365	1.2486693469674096e-10	-2.977893638471371e-12	12.75111428631216	0.12635011594945075	9.047030577758552
3.061666880696798e10	33.19156080826761	0.2131798999791864	1.2069918801669918e-10	-3.641094991051868e-12	12.72922418297982	0.16753171379348727	9.053877024052184
3.102275088817885e10	33.24043647420337	0.21165610727399198	1.2041682892687797e-10	-3.883181714253638e-12	12.733776952774534	0.18141797749947938	9.056777560781388
3.1215371653459732e10	33.26374592892654	0.2108909578216106	1.2183280522616298e-10	-4.071188799120743e-12	12.749043698179335	0.18943778048193535	9.057265131108009
3.140132090558271e10	33.286611875439355	0.21011366172052326	1.2423041303591028e-10	-4.293641808710274e-12	12.769367712794079	0.19729433349690903	9.05642863270212
3.159025915479129e10	33.310363740007986	0.20927933753572883	1.2727538351079365e-10	-4.54074764815548e-12	12.79107917066473	0.20498955898715496	9.054066130692151
3.177639777392604e10	33.33436592226858	0.20841041904129007	1.3067471830371037e-10	-4.797288249285932e-12	12.811784787740763	0.21222553534629782	9.050254001084767
3.1952359749754433e10	33.357661208844	0.2075442947012459	1.3413137757063142e-10	-5.048426053544337e-12	12.82988669814985	0.2187769572288509	9.04537487295875
3.2177156630523964e10	33.38832672271405	0.20637244416236059	1.387127938064517e-10	-5.378899807373432e-12	12.85000169557948	0.22688205855040464	9.037539478261296
3.2607438853049065e10	33.449886506192826	0.20391996095852993	1.473128575414174e-10	-6.018914539926647e-12	12.876735273285547	0.24167868072227036	9.018782184469954
3.3150918311830894e10	33.53251468217746	0.20044093277819972	1.562439027005397e-10	-6.763764812478831e-12	12.886845736953106	0.2587629451400509	8.992204930885695
3.3504796546536766e10	33.588554702485894	0.19797291331849096	1.6031931740279054e-10	-7.18118968501759e-12	12.882819068012978	0.2692598739248158	8.975983251075306
3.3673072491579163e10	33.615721518775814	0.19674486678340752	1.6279306834293903e-10	-7.430888028939844e-12	12.886823022463616	0.2756558822387957	8.968702135860598
3.3810971643786106e10	33.63838112057966	0.19570134610550646	1.6603209672173387e-10	-7.714608653727864e-12	12.897787429663722	0.2819242510232119	8.962346697610899
3.3948110262173965e10	33.66142656620618	0.1946209332475447	1.7018441729390798e-10	-8.048427472108994e-12	12.91226013642786	0.28823740756866983	8.955255572055018
3.408187439326764e10	33.68449709024141	0.193520826911863	1.7483984836118498e-10	-8.403705339689226e-12	12.927136684626205	0.2941389079807771	8.947445708823736
3.4215992879628746e10	33.70828332299248	0.19236887534889724	1.799220345545026e-10	-8.77622196390116e-12	12.941398819878387	0.29962990367192593	8.938715707898274
3.4346896304427124e10	33.732175053171304	0.1911958786886271	1.851346705633494e-10	-9.145479332799897e-12	12.95381983291368	0.3044763305764899	8.929391136702854
3.4470091823155716e10	33.755289557582664	0.1900478838041213	1.901107823719109e-10	-9.490602752453508e-12	12.96352742552115	0.3085886324993516	8.92000235494553
3.4653948459533806e10	33.79091024342247	0.18825680322025407	1.972881055929923e-10	-9.98774893791629e-12	12.973435670248605	0.31410092920220417	8.905227658586437
3.4963789769290184e10	33.8537012151463	0.18504451237791317	2.0753499943533606e-10	-1.0720384043035923e-11	12.976534308402123	0.3219498118975414	8.879958591226483
3.51291371507483e10	33.88839880333329	0.1832427127108283	2.1224679836548995e-10	-1.1084893318222378e-11	12.975699858937176	0.32647719958026883	8.86712807991329
3.523464230605809e10	33.91099010617259	0.18205743966886898	2.1622073963111228e-10	-1.1399936283631068e-11	12.981339167869876	0.3307735130449499	8.858995859502837
3.533687348722565e10	33.93334747667915	0.1808724776703021	2.213793823048479e-10	-1.1795576418351236e-11	12.99246400693302	0.33563753008418157	8.850685804775837
3.543725380070024e10	33.95587170464484	0.17966603472080106	2.2756271917503546e-10	-1.2250979154681015e-11	13.006407972917842	0.340449273835214	8.841801956425455
3.553341651301016e10	33.978073220470264	0.17846520585023481	2.343015609889756e-10	-1.272934890648828e-11	13.020636646886956	0.3447684696704472	8.832475931696674
3.5629693554940094e10	34.00098121860933	0.17721556904914698	2.416651585559897e-10	-1.3232581441390197e-11	13.03446227520108	0.3485822925204845	8.822306923234322
3.572186655612425e10	34.023597856134344	0.1759733017132019	2.4912985596843744e-10	-1.3722722098564825e-11	13.046445138420054	0.351605343077407	8.811831597185812
3.580579255160903e10	34.04479827846867	0.17480298955919193	2.560958203242963e-10	-1.4165074856929838e-11	13.055670543050795	0.35381504568659444	8.801746859685606
3.592127665773006e10	34.07492480617236	0.1731327251364674	2.656328227537842e-10	-1.475967473544675e-11	13.065348983599634	0.3563480598746631	8.787232246074137
3.601951763486431e10	34.10143345015924	0.17165661699846888	2.742672122814739e-10	-1.5310701250206578e-11	13.074454079252476	0.359140439918123	8.774413608342272
3.6093872930824265e10	34.12211706417396	0.17049896143480733	2.8240027702511884e-10	-1.585111864363027e-11	13.086905126927107	0.3624962160619983	8.76418064205835
3.616535199972579e10	34.142641970078145	0.1693432536326614	2.9224597670507464e-10	-1.6508630102218337e-11	13.104383857333303	0.3664115895422865	8.753512699327633
3.6233875839836914e10	34.163049199159495	0.16818684896827504	3.0371047780015845e-10	-1.726243816227187e-11	13.124900446330642	0.3702782606666328	8.74219378775073
3.6298297792278915e10	34.183010930226374	0.16704923323201143	3.1629796522022083e-10	-1.8070219894113673e-11	13.146144507060754	0.37365767559287555	8.730358759442133
3.6361500715533424e10	34.20343721617575	0.16587988636302314	3.303656636210359e-10	-1.894608246840449e-11	13.16780969353114	0.37647122777144204	8.717482007982001
3.641959915653247e10	34.22304738946586	0.1647538583752527	3.4503246708827274e-10	-1.9833723052147558e-11	13.188532896545283	0.37863926513228463	8.704441456089741
3.6469310177497246e10	34.240554974146946	0.16374647682553467	3.5982940035977663e-10	-2.072757485790277e-11	13.209532523559247	0.38085532369704106	8.692220375839604
3.651508352382834e10	34.257401429161234	0.16277460708700142	3.7697643692923176e-10	-2.1785064278639845e-11	13.235757379594546	0.38396118869783197	8.67977719296164
3.65570128481806e10	34.27361595723239	0.1618357131013417	3.9732605776057174e-10	-2.3055469017902044e-11	13.268113625618767	0.3877431139466209	8.666916668590847
3.659554181420566e10	34.28937041010738	0.16091957956645328	4.214988772046201e-10	-2.4562925551979376e-11	13.30605709024492	0.3917758837595386	8.653364861624365
3.663020037192688e10	34.30444824022194	0.16003906287157343	4.5000402413655986e-10	-2.6338888860702647e-11	13.349673900240546	0.396126007804734	8.639236670020898
3.665276087790456e10	34.31487063485211	0.15942779791791106	4.752671642110013e-10	-2.793999594739455e-11	13.388965305152809	0.4004021809474612	8.628649344269624
3.66682606772925e10	34.322412996516334	0.15898335250301074	4.993028619462858e-10	-2.9503995681279375e-11	13.427820630184513	0.40514105708307135	8.620414443536255
3.667825675993213e10	34.327506439682224	0.15868160333667197	5.209565433513708e-10	-3.095454983812953e-11	13.464210848136545	0.4100408830810717	8.614470581357244
3.668662139191359e10	34.33196514074799	0.15841575587943046	5.467743890806613e-10	-3.2731009313858646e-11	13.50878071704922	0.4164420377487979	8.608906586281563
3.669343192812949e10	34.33578922211043	0.15818580220979278	5.7857337757138e-10	-3.4972259667014123e-11	13.564218286866506	0.4246854080229552	8.603751975421153
3.669879391200242e10	34.33899082762768	0.15799116231175367	6.191381295665604e-10	-3.78902313855898e-11	13.63411116171973	0.43518522304171114	8.599040244370272
3.6702425315587906e10	34.34131662085487	0.1578479192321493	6.66085840611799e-10	-4.1323071799824097e-11	13.71237721058715	0.4468650465889064	8.595282795146678
3.670515867394715e10	34.34321645587819	0.15772911197229175	7.315589392406023e-10	-4.61772075082504e-11	13.815612335960239	0.4619927402325523	8.591895533477386
3.670665024209965e10	34.34435470169549	0.15765671354322233	8.027466877866979e-10	-5.151236025689062e-11	13.919761348869386	0.47683443680648674	8.589654331704613
3.670761391336441e10	34.345168993279714	0.15760399930287056	9.010855526926812e-10	-5.89480144219693e-11	14.050768977979615	0.49488300292342663	8.587892829229672
3.670804145090639e10	34.34557269076296	0.15757739507341398	1.000181348912158e-9	-6.648158544488427e-11	14.169494118981007	0.510538171450765	8.5869392839041
3.670827591856596e10	34.34581966660441	0.15756085804969375	1.1248670855803698e-9	-7.597635792513757e-11	14.302901336739481	0.5271894917668545	8.586311036979724
3.670837698102004e10	34.34593891799871	0.15755275624745793	1.2527224825892026e-9	-8.568710095719103e-11	14.424351995848397	0.5412914865670351	8.585987042995704
3.670842291795092e10	34.34599908675567	0.15754862201652792	1.3840578650603713e-9	-9.55866731610136e-11	14.535717017345931	0.5530762910735817	8.585814856261722
3.6708443991951744e10	34.346029447832606	0.1575465184212492	1.5125834488072986e-9	-1.051724084752724e-10	14.633771795326382	0.5623831745286036	8.585724336644219
3.670845504276544e10	34.34604683539708	0.1575453065269298	1.6505987251718245e-9	-1.153424264416466e-10	14.729045776138506	0.5703886918743524	8.585670756291497
3.6708462189286064e10	34.34605924478416	0.15754443753520764	1.8546886528009937e-9	-1.3016847339567625e-10	14.854533254448896	0.5794312593012907	8.585631273760514
3.6708465426358826e10	34.346065587950356	0.15754399182655315	2.1092899748066447e-9	-1.4837313273824347e-10	14.991010630408212	0.5875449103605578	8.585610411452821
3.670846667963315e10	34.346068380624025	0.1575437953350574	2.398546924812076e-9	-1.6875740284955622e-10	15.125674205126032	0.5940930183744937	8.585600953812845
3.670846715416118e10	34.34606958125178	0.15754371089801414	2.7165243446367853e-9	-1.908926337231017e-10	15.254878932673094	0.5992923203125051	8.585596788834113
3.6708467345251366e10	34.34607012944182	0.1575436724125717	3.0863053610475426e-9	-2.1636504378924098e-10	15.386365513936553	0.603736199536382	8.585594848827991
3.670846741937778e10	34.346070371065345	0.15754365549588933	3.5074405259783448e-9	-2.451079156108917e-10	15.517409595591928	0.6075130055843032	8.585593978929365
3.670846744827402e10	34.34607047816351	0.15754364802360565	3.991236806103116e-9	-2.7785722396126573e-10	15.64922330614651	0.610813772110515	8.585593587647312
3.670846745966939e10	34.34607052630128	0.15754364467861212	4.560485457702707e-9	-3.1610044877511675e-10	15.78478590682569	0.6138134844360241	8.585593409512224
3.670846746427892e10	34.346070548652925	0.1575436431327155	5.2726050784729845e-9	-3.63588115587302e-10	15.931920702532821	0.6167222522398866	8.585593325839646
3.6708467466203514e10	34.346070559557425	0.15754364238280028	6.2592187586853495e-9	-4.2885569371259404e-10	16.10545319206132	0.6197906718241718	8.585593284565885
3.670846746706117e10	34.34607056545694	0.15754364198010376	7.827658381747607e-9	-5.316360029365332e-10	16.331182405317534	0.6233502132695133	8.585593261980854
3.670846746748327e10	34.3460705692143	0.15754364172625623	1.0484052198856527e-8	-7.037688773230616e-10	16.625677574032935	0.6275859664064768	8.585593247423603
3.670846746775636e10	34.3460705726866	0.15754364149501884	1.598811228428717e-8	-1.0554173798722194e-9	17.050638117002464	0.6334075504677029	8.58559323380267
3.670846746796431e10	34.346070577175524	0.1575436412022856	3.011606484663639e-8	-1.940560877091444e-9	17.688195983040387	0.642083480638125	8.585593215965243
3.670846746812093e10	34.346070584310425	0.15754364074971872	6.977756520094506e-8	-4.367120283666998e-9	18.53625264334302	0.654950077427938	8.585593187251915
3.670846746823196e10	34.34607059681721	0.15754363997724613	1.810327090387489e-7	-1.1084418895615938e-8	19.51455720685523	0.6787724875839886	8.585593135931104
3.6708467468321495e10	34.34607062710401	0.1575436381400283	6.122637090683902e-7	-3.686028590772074e-8	20.7751832194876	0.7150583192514216	8.585593006539769
3.6708467468393875e10	34.346070724219956	0.1575436323822166	2.6759309714387176e-6	-1.5685185551591214e-7	22.282955411170192	0.7498288965675437	8.585592575093337
3.670846746843864e10	34.34607095150527	0.15754361924655783	8.898228214829887e-6	-5.089432987000869e-7	23.502513421237794	0.7733718320065769	8.585591541517804
3.670846746846609e10	34.34607133645785	0.1575435974567795	2.1123239272007244e-5	-1.185715070274061e-6	24.37656693713491	0.7878932383962904	8.585589768514339
3.670846746848671e10	34.3460719703505	0.15754356220227128	4.324302627155613e-5	-2.3863395368307684e-6	25.098259371402676	0.7975004793026336	8.585586828401564
3.670846746850517e10	34.34607311528179	0.15754349964701542	8.60446789891144e-5	-4.661540520488601e-6	25.788432873440698	0.8038366718973342	8.585581499859794
3.670846746852227e10	34.34607520735235	0.15754338754885838	0.00016854225997391898	-8.947142061419068e-6	26.460081434872123	0.8070425237160916	8.585571760241374
3.670846746853812e10	34.346078962743896	0.157543190516432	0.0003228831902104737	-1.677494038583308e-5	27.107766146144584	0.807802149719292	8.585554313639975
3.670846746855301e10	34.34608567280234	0.15754284606521046	0.0006080889810582157	-3.090720433070981e-5	27.73831906043712	0.8073459378178628	8.585523235261778
3.670846746856731e10	34.34609770272538	0.1575422418183104	0.001135479453153174	-5.648510967154242e-5	28.36168504611284	0.8067793671716844	8.585467651540233
3.6708467468581764e10	34.34612082102788	0.15754110549124495	0.0021826783452887502	-0.0001062558417052714	29.01581925949752	0.8066349238314582	8.58536094470565
3.6708467468597e10	34.346169297093105	0.15753877507607866	0.0044596807818070095	-0.0002122808528395092	29.73246102195033	0.8070233563364001	8.585137209308156
3.6708467468612946e10	34.3462765333947	0.15753373693664122	0.009689507763265161	-0.0004506605386206049	30.511938408128074	0.8079796276674361	8.584642460389066
3.670846746863002e10	34.346537681779594	0.1575217576876827	0.022880359401196135	-0.0010387905702331673	31.37830931393985	0.8098990363341011	8.583440431841387
3.6708467468647026e10	34.347160254852746	0.1574938628618004	0.05516732028505546	-0.0024479935536923306	32.27516706122704	0.8132974854421915	8.58059316427146
3.670846746866685e10	34.34907978760338	0.15740991587885692	0.15515861691112284	-0.0067178972896044685	33.35922546455443	0.8197017100805721	8.571970990731433
3.670846746868832e10	34.35505037960213	0.15715502377282495	0.44535375980916597	-0.018832280561473718	34.549144777856796	0.8293171949525798	8.546390307829634
3.670846746870716e10	34.36789437173349	0.1566175008100003	0.9645246025302079	-0.040056202160059194	35.548135121321664	0.8388412473356437	8.495184525987964
3.670846746872738e10	34.39545342673638	0.1554838151788907	1.80074168329987	-0.07352802277399101	36.501446434338575	0.8482439606550979	8.393138000554908
3.67084674687518e10	34.454223446417984	0.15310807142274865	3.0374351524355023	-0.12178182591057184	37.42136554263665	0.8558976318590986	8.188707186730623
3.670846746878229e10	34.57185096147261	0.1484460762152124	4.6823587491846475	-0.1837333175561615	38.18497294618835	0.8573436695187847	7.797809299562683
3.670846746882189e10	34.799044550515895	0.13966531527518444	6.779733635253267	-0.2583970214691571	38.58793151192221	0.8445331635199422	7.065362483683032
3.6708467468854904e10	35.05080531395523	0.1302036338977509	8.466832652056757	-0.313819644908758	38.486179733174495	0.8210018913509273	6.26666296270202
3.6708467468877174e10	35.25167117001565	0.12284027600517097	9.575037555538476	-0.34710449239635216	38.21318555646077	0.7978982924926386	5.634072292915828
3.670846746889393e10	35.418876247416094	0.11683581296197547	10.385909863945331	-0.36943108007639147	37.899022668465776	0.7766031508664728	5.109490764610048
3.6708467468910164e10	35.593770576685976	0.1106768738985035	11.148637088797425	-0.3886494364830851	37.50612950251657	0.7532633295920992	4.562192353530695
3.6708467468928345e10	35.80418695275082	0.10343102820700453	11.977781871274605	-0.40737728826048863	36.9684464508518	0.7245310190902629	3.905116046920181
3.6708467468950714e10	36.083416317749254	0.09409208815872211	12.972061354338338	-0.4264793018283412	36.178020236478815	0.6859001650223335	3.0347635614086546
3.6708467468979675e10	36.47723199091777	0.08146759801984242	14.240186275973857	-0.4446066298500632	34.96585927348316	0.6307870592836023	1.8093131673907008
3.670846746900075e10	36.787211330948935	0.0720023192405055	15.159290543668902	-0.45220240020794766	33.953004860971205	0.5862782413612346	0.8463649100343219
3.6708467469014824e10	37.00497147879982	0.06562056618771883	15.755688538128444	-0.45327311042633334	33.20485825610906	0.5533475315065229	0.172247071606806
3.670846746902572e10	37.179020203488356	0.060691568139048635	16.184564240594444	-0.4509402089891955	32.576368937463215	0.5258080424260131	-0.3614216171823389
3.670846746903647e10	37.35484890362276	0.055876525383445355	16.54969589864922	-0.44517482103633843	31.910299374937225	0.4971025796903275	-0.8852601476140404
3.670846746904789e10	37.54543249867335	0.05085440735019417	16.803953940909828	-0.4333658007079591	31.154681944559073	0.4647674898294577	-1.399996558355816
3.670846746905758e10	37.7085153707122	0.046731084699728594	16.788609442024327	-0.4157707941268603	30.49037518224766	0.4359156951021843	-1.7373821366989424
3.670846746906694e10	37.86474607871638	0.04294335800208877	16.460632383256172	-0.3903230465539035	29.860192524759285	0.40768989301862285	-1.9277964704681465
3.6708467469076164e10	38.01410880838752	0.03948048258344702	15.880226409961468	-0.3596474598766498	29.285455554101205	0.38081920245907686	-2.0045351674736995
3.670846746908566e10	38.16172766154371	0.03621780905630867	15.1774788088036	-0.3270762266699473	28.75762362560063	0.35487334197846576	-2.02307532468281
3.670846746909691e10	38.327972748466664	0.03274072300314797	14.369419415509025	-0.2913377302734594	28.21760794426747	0.3267130091884402	-2.015090380755704
3.670846746911165e10	38.53287782787628	0.02875080745030599	13.450634950370443	-0.2510339321336661	27.63173200709356	0.2937365964162859	-1.991931014541871
3.670846746913208e10	38.79666492737852	0.024105493951853244	12.441167967505182	-0.2059333924082832	26.996862589673825	0.25410813217921147	-1.9590007446314774
3.670846746915944e10	39.122580259498115	0.01913774261527946	11.443366587913438	-0.15945731586923723	26.36851947190668	0.20924591671814297	-1.9219031450656843
3.6708467469193375e10	39.49512269516313	0.014498012033165133	10.56504629089968	-0.11606951441068579	25.810979177855202	0.16285049681901778	-1.8860233376929207
3.67084674692342e10	39.910384017865766	0.010600227893411852	9.81356109777343	-0.07663159018297351	25.328328330296543	0.11625569494525702	-1.8528952272073784
3.670846746928293e10	40.3717150842785	0.0077804283152093055	9.155541001378417	-0.040710418620163225	24.899702364044074	0.06954387780553647	-1.8219824961275874
3.670846746934016e10	40.87778882776618	0.006419258733707875	8.558081176300597	-0.008292842358066209	24.504766862617785	0.023064718640344595	-1.7922653707134923
3.67084674694054e10	41.41739809970982	0.006844877112186245	7.998795286764056	0.02006488069365342	24.13014588910052	-0.02219791228608573	-1.7628213330908045
3.670846746947742e10	41.973656739891794	0.00918420403588816	7.4649526677848534	0.043788031725729586	23.768743400147756	-0.06508225330556863	-1.7329709183050175
3.670846746955412e10	42.5264599351848	0.01330072951886324	6.954631516629972	0.06255345060680113	23.420425681212706	-0.10442632147110668	-1.7025329699996046
3.6708467469634766e10	43.0671850088627	0.018949859255210838	6.4634297260807365	0.07672748024551619	23.08295970973269	-0.14003201051928485	-1.6711622053552615
3.670846746971961e10	43.59511706851415	0.025922105198139755	5.985763221190336	0.08689194066503333	22.75289359756188	-0.1721921839045597	-1.638372918192978
3.6708467469809e10	44.10904602347288	0.03401288594238262	5.519693793975283	0.0935387141796637	22.429002196345223	-0.20110800186613306	-1.6038431628998404
3.6708467469903366e10	44.60822576079117	0.04303406938783406	5.064355514405193	0.09711916278503457	22.110624507159187	-0.22698838639142835	-1.567268001497151
3.6708467470003365e10	45.09211768905562	0.052813449656285545	4.619338627769201	0.09804273800508355	21.797285245087394	-0.2500469726123934	-1.5283126241766316
3.670846747010982e10	45.56035459930744	0.06319543752829179	4.184300193303717	0.09667686673109158	21.48843667241887	-0.27050386750084876	-1.4865652654813681
3.6708467470223755e10	46.012576877035585	0.0740378776170582	3.7588975779235274	0.09334675501624404	21.18339720177643	-0.2885779999579334	-1.4415011691081905
3.670846747034659e10	46.44835083382145	0.08520922489273548	3.3427344090613773	0.088337006336898	20.881268733667653	-0.30448361134884	-1.3924301608395013
3.670846747048013e10	46.867037213156046	0.09658372076973826	2.935375486450163	0.08189429534800614	20.58086020180754	-0.31842603245017626	-1.338424062880561
3.670846747062677e10	47.267617499025626	0.108034533540255	2.5363852342530806	0.07423115875450148	20.280554779959928	-0.3305987127506383	-1.2782030597464398
3.67084674707897e10	47.648358198433385	0.11942114454105976	2.1454803417672923	0.065533010390925	19.978120556408456	-0.34117924908315916	-1.2099642250020097
3.670846747097317e10	48.00602088692894	0.13056071787271414	1.763109393150714	0.055978204035867306	19.670569546130608	-0.35031961194740485	-1.1311740064830935
3.670846747118075e10	48.332627529734864	0.1411149092912034	1.3939802830100754	0.04584911413907153	19.3560280007858	-0.358088406382352	-1.0390305409037466
3.670846747140898e10	48.61082216890593	0.1504096028868239	1.0545443966991297	0.0358042188297083	19.039883861976264	-0.36439193040962065	-0.9333599389843728
3.670846747164873e10	48.82739478768131	0.1578643786766777	0.7623495179979644	0.02662452077946379	18.727694005344247	-0.36923442570535986	-0.8167578893866047
3.670846747190501e10	48.98973035964253	0.16360638378173686	0.5153980826210655	0.018485641439944682	18.402131926464634	-0.3729428148628891	-0.685990960055532
3.6708467472199135e10	49.10938194463819	0.16795321783006187	0.31256505594334244	0.011518955310739563	18.035910674752486	-0.37565944237158083	-0.5323903768449004
3.670846747261226e10	49.20246422345964	0.1714307961354543	0.15968867383109397	0.006053335046298834	17.611654633606136	-0.37707001820179625	-0.3321577553782565
3.67084674733778e10	49.28156203824216	0.17446921179851202	0.06780453105128956	0.002639674354064114	17.170165532624267	-0.3770283811616593	-0.058000364814703324
3.670846747481028e10	49.34336260297332	0.17690078437703935	0.028385251040478524	0.0011287126280877134	16.79920189495415	-0.3762417069077722	0.24566452239762837
3.670846747744734e10	49.392286188983526	0.1788626632985364	0.01258728900209037	0.0005090350210251608	16.496638166687674	-0.375273380009508	0.5469779520389366
3.67084674822644e10	49.43308789423554	0.18052444456448036	0.005910600473124036	0.0002424437030349649	16.24001909496009	-0.37429733482194	0.8384827032380558
3.670846749139396e10	49.469785034317326	0.18203944780137996	0.002835825836016238	0.00011783352242328528	16.006318225879923	-0.3733183064145426	1.1295250130225019
3.670846750872494e10	49.503525308152796	0.18344986626983892	0.0013861989401553374	5.829637179967881e-5	15.789180156677062	-0.37234704680681324	1.4187959868859594
3.670846754182302e10	49.535217968961156	0.18479034406852254	0.0006859641908312923	2.9180569435950797e-5	15.583351252961975	-0.3713793617383469	1.7072511964597628
3.6708467605292015e10	49.5654200746252	0.18608224593646877	0.0003423382975833702	1.472495268804763e-5	15.385626273834944	-0.3704109660947121	1.9953725636928836
3.6708467727418755e10	49.5945070573693	0.1873401247646447	0.00017184753631872861	7.471897802128279e-6	15.19385435894857	-0.36943791168396095	2.2835030693016307
3.670846796301171e10	49.62273243530047	0.18857387881047535	8.662849577707156e-5	3.8067662925180486e-6	15.006601938799534	-0.36845722044703016	2.5717811674435365
3.670846841873774e10	49.65029211995179	0.18979130940147693	4.3790070540472686e-5	1.944577347544092e-6	14.82275796986535	-0.3674660058247778	2.860420943329359
3.670846930215169e10	49.67732199644164	0.190997875060891	2.2178359246372603e-5	9.951726780957692e-7	14.641568074867237	-0.3664622605186609	3.149470743248723
3.670847101827064e10	49.70393012146291	0.1921980127164806	1.1246228530814636e-5	5.098894528559191e-7	14.462432500969399	-0.36544413670375303	3.439007150980952
3.670847435842682e10	49.730198508174205	0.19339515716288996	5.706752904583629e-6	2.614271128890681e-7	14.284902351176768	-0.3644101269171475	3.7290641887002116
3.67084808717039e10	49.75619286116051	0.19459213361975317	2.8966505348617163e-6	1.3407627475372335e-7	14.108620370524719	-0.36335885339729085	4.019675746595686
3.670849359897818e10	49.781970826114886	0.1957915080109932	1.470039822913899e-6	6.875267171544538e-8	13.933269770169332	-0.36228881514056405	4.310924175121547
3.670851850882943e10	49.80756969861347	0.19699498976057742	7.458252954556429e-7	3.5246646035331694e-8	13.758662229927111	-0.36119892189133845	4.602768676603533
3.670856734623438e10	49.833024459510824	0.19820424546264406	3.782095826075186e-7	1.8061491923134086e-8	13.58462005582426	-0.3600876966700208	4.895223321642606
3.67086632755224e10	49.85836780351612	0.1994208952215279	1.9164882325251745e-7	9.248928593029244e-9	13.410981686482515	-0.3589530501521054	5.188340181805306
3.670885199499688e10	49.8836203598695	0.20064602864374215	9.704162897272633e-8	4.732940324958738e-9	13.237678508842478	-0.35779226433219286	5.482079241141584
3.670922387139057e10	49.90880436802772	0.20188084220684177	4.9097477061081626e-8	2.420135482471949e-9	13.064658895734695	-0.3566004444782133	5.77644893710274
3.670995788972531e10	49.933941454564355	0.20312651816148614	2.482029267873465e-8	1.2365268459035405e-9	12.891936970409816	-0.35536869469603277	6.071459760673966
3.6711409047272705e10	49.95905336062175	0.2043842280716698	1.253919372264915e-8	6.313416775961401e-10	12.719653488884731	-0.35408025530174764	6.367099794509077
3.671428180570662e10	49.984163049668176	0.20565512336373998	6.333924427184078e-9	3.2224845488505927e-10	12.54819817028455	-0.35270283999534285	6.663289360946497
3.671997740689039e10	50.00931384468539	0.2069411856478263	3.201592712717203e-9	1.645192573206591e-10	12.378336613113348	-0.3511724060069265	6.959996705009956
3.673128361508308e10	50.03457458061865	0.20824526475832816	1.6223451400105293e-9	8.412030902999227e-11	12.211688003616771	-0.34936248818023435	7.25708228867377
3.6753746342196144e10	50.06007318713205	0.20957231096997578	8.271949905317015e-10	4.31888097148211e-11	12.0515108290286	-0.3470219576543791	7.554258322068936
3.679838378631189e10	50.08606268963469	0.2109317256025569	4.274879334956092e-10	2.237857925709829e-11	11.90424974035075	-0.34365148575805343	7.850966161239373
3.688694480109522e10	50.11304780735952	0.2123414526752641	2.2719345442550027e-10	1.1820998653602926e-11	11.782499482269671	-0.33826302722414375	8.145954480382725
3.7061641229360695e10	50.14207392938279	0.21383661725342767	1.2770585856456787e-10	6.488343679975321e-12	11.709941395653189	-0.3289272577951711	8.436436071741932
3.7400350264414276e10	50.175350011635544	0.2154833955546231	7.993452592515797e-11	3.827884170476214e-12	11.727146330715428	-0.31204120596662793	8.715693276808507
3.8024724608694305e10	50.21745545331648	0.21738535723147476	6.032546303436686e-11	2.544537214938369e-12	11.885343728892352	-0.2818328753459047	8.967011198135879
3.904830501462874e10	50.27694480642261	0.2196212564432702	5.852887969067356e-11	1.933259599710215e-12	12.190657832334537	-0.23256173515374892	9.157312405382969
4.05193550843926e10	50.37072453106993	0.22211693754134515	7.055366870855453e-11	1.4636736358864415e-12	12.54529616112741	-0.1613908964044938	9.251398844644118
4.207298444419331e10	50.49531739236769	0.22391006026490212	9.077400223318898e-11	7.886884155038765e-13	12.773803316573051	-0.0863984390480989	9.236752683062525
4.332770562321183e10	50.62080714432457	0.22440778234496814	1.0910484668345599e-10	-3.893768560902604e-14	12.85455146965218	-0.02775062067060389	9.177735040791756
4.4736387330203926e10	50.78637314923156	0.22355977153726514	1.2430890038098964e-10	-1.1788196195914198e-12	12.849602534226861	0.03242999898298734	9.102225489283374
4.6317950270000244e10	50.987589445004275	0.2207361044185721	1.278789545725834e-10	-2.343956970394608e-12	12.78785904395609	0.09048347949979081	9.053557389977815
4.798400210599651e10	51.1968835862195	0.21601906596450823	1.2289058159396414e-10	-3.2827151574560986e-12	12.738479820703574	0.14501357168543713	9.049006921815632
4.887075916915946e10	51.30463431753932	0.21290904460510932	1.2031684332256588e-10	-3.733231769443977e-12	12.728577775140266	0.17322969667950158	9.05518328414573
4.917662049677284e10	51.34143973477626	0.21173751182110362	1.2077419606622297e-10	-3.948104719247179e-12	12.738210172792677	0.18447208366999798	9.057084559576369
4.936271070589641e10	51.36406438565031	0.21098493293945642	1.2256669968490354e-10	-4.1475695949687725e-12	12.75569507444466	0.1923583198436862	9.057138791140696
4.954727545097926e10	51.38691750777989	0.21019862463758202	1.2517963896973e-10	-4.376703662348178e-12	12.776523610770042	0.2000760711731294	9.055819205500981
4.973511997790713e10	51.41072350094568	0.20935316139255014	1.2835638124566544e-10	-4.627353459024793e-12	12.798013259039763	0.20761208227665115	9.052971199233738
4.992166840968225e10	51.434990905901415	0.2084657842347295	1.3186400113920553e-10	-4.887884821227017e-12	12.81831784042005	0.2147509889898601	9.048680012715122
5.010239468741507e10	51.45914612307217	0.20755896627566972	1.3547282635228298e-10	-5.148643321895052e-12	12.83621032960555	0.2213990886785326	9.043235612304647
5.037088764873086e10	51.496256573671744	0.2061233375168145	1.409661535562123e-10	-5.546770536345717e-12	12.858387406850412	0.23096176797182197	9.033139672234755
5.086361664804271e10	51.56811371250096	0.20321013033093774	1.5046973214836195e-10	-6.2715836911154044e-12	12.882746034954167	0.2475054321857447	9.010424237882122
5.138988453642758e10	51.649470223064164	0.19972388277136927	1.5816111764069542e-10	-6.954431824560195e-12	12.885397630980052	0.26350028908061823	8.984863865995704
5.165409058732057e10	51.69163975883148	0.19784585265099253	1.6112600756402971e-10	-7.271053125020867e-12	12.883136530607786	0.27171558781634325	8.973152070934018
5.1801099593090195e10	51.71550098709794	0.19675978996051793	1.6371173802235335e-10	-7.518815843889938e-12	12.889714746086455	0.27780932226195404	8.9667231954134
5.193827673150297e10	51.73819111912404	0.19570832661717577	1.6726877785542688e-10	-7.820524861896708e-12	12.902170299509478	0.2841358619346163	8.96018461346679
5.2074200091637405e10	51.76121423492663	0.19462244562969247	1.7160693492179882e-10	-8.162775435236329e-12	12.916978729311793	0.29032985989866805	8.952876311545738
5.2213155410645935e10	51.7854016515468	0.19346227716224754	1.7660349185562352e-10	-8.538894028342445e-12	12.932321383864021	0.29632989796332815	8.94444697607449
5.234157392961711e10	51.80839692851399	0.19234270016000482	1.8157074548705347e-10	-8.89863283757581e-12	12.945567260551016	0.30142373007719186	8.935811104040152
5.2467852102056305e10	51.83164434222151	0.19119648954875898	1.8664091924682336e-10	-9.254873723643707e-12	12.956981119554783	0.3059454159684813	8.926605377348494
5.260192362329492e10	51.857030261620615	0.18993055638115586	1.9203491096612973e-10	-9.62811461470686e-12	12.966679898268879	0.3102823999942626	8.916201951138738
5.282877560064036e10	51.90158491400705	0.18767760296343736	2.005986446070683e-10	-1.0224521974105092e-11	12.976087977617183	0.3167627216500489	8.897736081213099
5.3113732824442764e10	51.96005396346772	0.18467000904006697	2.093730954761938e-10	-1.0864315990521779e-11	12.975604838997427	0.3237343701688454	8.87474881733772
5.3248730283613815e10	51.98858201088137	0.1831827429348966	2.1345450816697622e-10	-1.1186085341529373e-11	12.976848692555862	0.32798233924653836	8.864382671184496
5.335240463466994e10	52.01092523059737	0.18200615309369383	2.1779733513973017e-10	-1.1527626317524218e-11	12.984535602621762	0.3325336702494626	8.856292103435123
5.345293335233074e10	52.03308521079535	0.18082708822019256	2.2326389019763392e-10	-1.1941405110608525e-11	12.996745944911495	0.3373822285540627	8.847908835209703
5.355256549337048e10	52.05564270088694	0.17961439990935044	2.2970089283505583e-10	-1.240980703534312e-11	13.011064144530124	0.3420861781770032	8.838825849197619
5.365245319370916e10	52.07894285618121	0.1783496988488773	2.3694062738547634e-10	-1.2917432789061533e-11	13.025807755653048	0.34641346669813294	8.828837558932413
5.374338458350453e10	52.10080859992328	0.17715335526496873	2.440583482114416e-10	-1.3397348792633092e-11	13.03852820879662	0.34981155955156923	8.8189723392612
5.383197246480458e10	52.12274893454719	0.1759456314195231	2.5131384318771257e-10	-1.3868333163806276e-11	13.04954066381795	0.3525242884173028	8.80870799459132
5.3920300347159996e10	52.14527109696614	0.17470016752723633	2.586504149275416e-10	-1.4330729264675438e-11	13.058556520241282	0.35469580948867707	8.797935043783564
5.404544776372129e10	52.178287085035656	0.1728664164942347	2.690274480716647e-10	-1.4978997845990214e-11	13.068504710942833	0.35748571208302765	8.782010818545043
5.41283986800934e10	52.20091476826481	0.17160381951843373	2.7680777394601325e-10	-1.5484254313648203e-11	13.077978169005647	0.36032788767415636	8.771020173887184
5.420184511126478e10	52.22155205190902	0.17044609835934632	2.8550473085954935e-10	-1.60652504914838e-11	13.092281562712131	0.36395060232428467	8.760667854811004
5.427180022318436e10	52.24187366958779	0.16929896181483953	2.9583017363128265e-10	-1.6752478874401245e-11	13.110862958619535	0.3678746246259883	8.74988652928814
5.433982220979299e10	52.262394642097846	0.16813333460710947	3.0785952581255824e-10	-1.7537790641225382e-11	13.132082724557236	0.3716567685864589	8.738245474941877
5.440520138310641e10	52.28295044585581	0.16695937471262337	3.2125859816321464e-10	-1.8389371807385143e-11	13.154031388150955	0.37492788415303235	8.725782029856804
5.446454910241452e10	52.302417190754376	0.16584319055504712	3.350347099640069e-10	-1.9238025371622287e-11	13.174545865678525	0.3773856751238601	8.713272068717282
5.451993577901477e10	52.32136870042868	0.16475381496947591	3.4966865668251033e-10	-2.011996135369555e-11	13.194978203761153	0.37945566941316783	8.700473038857902
5.45686086216e10	52.338751805864504	0.163752487794613	3.6519299441427585e-10	-2.1063851287586684e-11	13.217528747590123	0.3819495901082441	8.688131158980728
5.461310631566758e10	52.35538834825087	0.1627912891399859	3.83340700719561e-10	-2.218988637176156e-11	13.2458286657954	0.3853330256406033	8.675568412834068
5.465421588385036e10	52.37157535082222	0.16185232298671945	4.0510606749443325e-10	-2.355011693372886e-11	13.28044611987464	0.38927196090739763	8.662384481065368
5.469159853107748e10	52.38717720512927	0.16094341336902007	4.3071563603658157e-10	-2.5145250971003074e-11	13.320220925780191	0.39335498676259034	8.648571410664806
5.472196180456961e10	52.40065048460909	0.16015526275634245	4.5815131966663686e-10	-2.686097904368393e-11	13.362204189744048	0.39760384875715915	8.635607130602942
5.4743063914512856e10	52.41058097257305	0.1595717327343877	4.845355856888429e-10	-2.8548033875329422e-11	13.40375624947059	0.4023118771094639	8.6252599320944
5.47554370005436e10	52.41670241562265	0.15921024592620844	5.06062251977747e-10	-2.9963347227525875e-11	13.439052651480054	0.40678038149698703	8.618416679200703
5.476488739566179e10	52.42158672982268	0.15892022848824117	5.289211474066492e-10	-3.150895208800969e-11	13.477867063954719	0.4121373055627166	8.612595550049106
5.477274276207934e10	52.4258427592708	0.15866572402826953	5.565321836209803e-10	-3.3425290650368556e-11	13.52579393003829	0.4191222415187733	8.607153614153328
5.477896860751956e10	52.42940449421458	0.15845077272267064	5.902262531567628e-10	-3.581746711978233e-11	13.584463381095034	0.42789665263929505	8.6022201287122
5.478383149360334e10	52.43237066574065	0.1582696745207124	6.336098246788317e-10	-3.895656894038176e-11	13.658593999897747	0.4390246157285631	8.597725322694934
5.478716438714091e10	52.43456114344406	0.15813406510504455	6.860169397449466e-10	-4.2808618839755343e-11	13.744574486203206	0.4517951455640047	8.594070015890448
5.478941075482831e10	52.43616861440477	0.15803296705848507	7.527386195379157e-10	-4.777528098465376e-11	13.847479957633212	0.46675147860062993	8.591109603708846
5.479074359665889e10	52.437219152386625	0.15796574262983648	8.337283793220526e-10	-5.386593436220436e-11	13.962586636294944	0.4829844257352586	8.588975115628061
5.479149414824643e10	52.437877477142145	0.1579228475476958	9.346183834445606e-10	-6.151410904233982e-11	14.092351415045428	0.5006195592306958	8.587505957916218
5.479184046146818e10	52.43821718309411	0.15790032437553342	1.041638303652658e-9	-6.965997602769206e-11	14.215689972618307	0.5165922742889869	8.586681468556536
5.479201869969146e10	52.43841262575666	0.1578871631515008	1.1703144026060756e-9	-7.945800084151467e-11	14.347715612921505	0.5326934984158819	8.586171965366544
5.479209329762952e10	52.43850400746184	0.15788092615882932	1.2963126267562488e-9	-8.900930437046186e-11	14.462708258858825	0.5456475448380336	8.585918790656482
5.479212978752899e10	52.43855348332122	0.15787751459055746	1.4336966892374113e-9	-9.93304304179719e-11	14.574774128745574	0.5570668032164732	8.585774983328433
5.47921452479814e10	52.4385764892082	0.15787591634870599	1.5558410649472105e-9	-1.0840355114485164e-10	14.664670483290664	0.565238199453958	8.5857055189899
5.4792154935504906e10	52.438592225261175	0.1578748173674977	1.713592270522945e-9	-1.1997521976884592e-10	14.769568300499557	0.573618505634745	8.585656497108728
5.4792160583705376e10	52.438602433636675	0.15787410133375987	1.9392671631187325e-9	-1.3627895524357485e-10	14.902047429050825	0.5825376432597357	8.58562363641523
5.479216291834014e10	52.43860721709619	0.1578737649152428	2.2056482812718546e-9	-1.5522052608378297e-10	15.037944150481522	0.5900022173160354	8.5856077337465
5.479216381875651e10	52.438609314901186	0.15787361729332858	2.507331675244596e-9	-1.763707601485466e-10	15.171736140221427	0.5959696351302392	8.5856005661922
5.4792164165035324e10	52.43861023160767	0.1578735528556854	2.8469172767091225e-9	-1.9988611240958223e-10	15.303096470734559	0.6007385300119314	8.585597362426414
5.479216430042376e10	52.43861063867382	0.15787352430924184	3.2349313674732397e-9	-2.264579771804317e-10	15.434292223360174	0.6046021605285692	8.585595912663955
5.479216435307705e10	52.438610818603586	0.1578735117336141	3.6780005085699585e-9	-2.564811765156269e-10	15.565326013997336	0.607665585336593	8.585595261519286
5.479216437372507e10	52.4386108988979	0.1578735061454766	4.191035556646523e-9	-2.9087236003582283e-10	15.6979440102332	0.6099690783954663	8.585594966968921
5.4792164381945526e10	52.43861093541201	0.1578735036174603	4.804874763464106e-9	-3.315262155383107e-10	15.836067252416186	0.6114215722652878	8.58559483144824
5.4792164385317764e10	52.43861095269109	0.15787350242903825	5.594914082745782e-9	-3.830769596741624e-10	15.989039055033075	0.6117030313844614	8.585594766659222
5.479216438675903e10	52.43861096140592	0.15787350183505447	6.728392156163571e-9	-4.55670708228969e-10	16.17325884368519	0.6101371769935479	8.585594733682973
5.479216438743627e10	52.43861096646611	0.15787350149473886	8.596399112710594e-9	-5.728810600350963e-10	16.41669947215952	0.6061211875572642	8.585594714377969
5.479216438780111e10	52.43861097009954	0.15787350125502309	1.1954142739540663e-8	-7.794927772422245e-10	16.743876231944526	0.6003111619904024	8.585594700415449
5.4792164388052414e10	52.4386109738562	0.15787350101361963	1.9380852213582748e-8	-1.2265029714633704e-9	17.223928878296434	0.5933919255893371	8.58559468588872
5.479216438824863e10	52.4386109792267	0.1578735006807666	3.9761783047091865e-8	-2.417094806657969e-9	17.93953052092509	0.5864412000757541	8.585594665019629
5.479216438838991e10	52.43861098792539	0.15787350016408258	9.580456270667142e-8	-5.584717374773789e-9	18.8207205382612	0.5833274352975083	8.585594631081712
5.4792164388492485e10	52.43861100429375	0.15787349922798027	2.6365301397901416e-7	-1.487123900139521e-8	19.852397356544728	0.5900746567914138	8.585594566338655
5.479216438857721e10	52.43861104849643	0.15787349678711565	9.811904001707393e-7	-5.329808827646442e-8	21.188885764953866	0.5988680743709202	8.585594387090529
5.47921643886447e10	52.438611197683365	0.1578734889034558	4.460136942634249e-6	-2.3131613242963312e-7	22.71511327770402	0.6042196816700337	8.585593772185247
5.479216438868369e10	52.43861151220463	0.1578734729070956	1.3593716825677724e-5	-6.815217789889253e-7	23.833798405711335	0.6067038688029333	8.585592467339263
5.479216438870972e10	52.43861206705677	0.15787344549421142	3.1963055663660874e-5	-1.5609524092662172e-6	24.689787400488754	0.6075174236643018	8.5855901607131
5.4792164388729485e10	52.438612982346434	0.15787340134895161	6.49550909048357e-5	-3.100675759703793e-6	25.39770476130441	0.6068946212309158	8.585586357474627
5.479216438874727e10	52.43861463050253	0.15787332366304754	0.00012810070746657095	-5.9747678402124886e-6	26.073614056539682	0.6049921787572622	8.585579526628958
5.4792164388763626e10	52.4386175822632	0.15787318774558726	0.00024652225376515694	-1.123148437847196e-5	26.72355167007983	0.6023459022188485	8.585567346503355
5.479216438877894e10	52.43862283681484	0.15787295135703808	0.00046498666066151765	-2.0703335633414214e-5	27.35302692384984	0.5998899743085808	8.585545779782137
5.479216438879355e10	52.43863225736577	0.1578725369481559	0.0008689264624820122	-3.7852851302760445e-5	27.974004899405898	0.5984921487013147	8.585507312065596
5.479216438880799e10	52.43864979331322	0.1578717817927985	0.0016447927514602766	-7.018117912823827e-5	28.609268507897198	0.5985538069696451	8.585435997583316
5.479216438882191e10	52.438681774639164	0.15787043157220132	0.003107690835401215	-0.0001300958552161585	29.244085142789757	0.5999139768071858	8.585306318264035
5.4792164388836006e10	52.438743961237186	0.1578678551187615	0.006050780557189036	-0.00024863355677424076	29.90998016437284	0.6022901320282285	8.585054790229151
5.479216438885091e10	52.43887634518394	0.15786247310139645	0.012528477214294361	-0.0005051267924194801	30.638995763966378	0.6057070411445428	8.584520923653688
5.479216438886652e10	52.43917281167206	0.15785064857974243	0.027475296702363674	-0.0010868893423016382	31.42968187494212	0.6102841739488528	8.58333045594829
5.4792164388883194e10	52.439897988703564	0.15782227568332993	0.06484675521408736	-0.0025166562502811577	32.3054672141035	0.6163704986190232	8.580438796187124
5.479216438889983e10	52.44161033448076	0.15775649485026297	0.15315648497813147	-0.005839782547488387	33.20795857907588	0.623683327640767	8.573697321526101
5.479216438891902e10	52.446527594742506	0.1575710206980093	0.3926262937443006	-0.014696465207201725	34.26532766114248	0.633392777607172	8.554854214971437
5.479216438893821e10	52.45825460158177	0.15713620052326016	0.8767655285611012	-0.032282419314858146	35.293205476392146	0.6436056809547079	8.511861724817342
5.4792164388956795e10	52.48088330672046	0.15630964186819266	1.5962731289815126	-0.057936412336127834	36.19955028279249	0.6525726635132928	8.432709724454254
5.479216438897635e10	52.521027941016946	0.15486368796039332	2.5341097931609062	-0.0906866581482717	37.00824910428214	0.6596095151387669	8.29754016743264
5.4792164388999794e10	52.59472420544975	0.15224940476183949	3.763786356206506	-0.13248919213008833	37.751004353662736	0.6636678584871074	8.056441504762246
5.479216438902907e10	52.727622345581366	0.1476227909133599	5.317660614191742	-0.18325987386169418	38.33177251826881	0.6614255360244982	7.630698979895524
5.479216438906682e10	52.965187402704885	0.13956215985617842	7.262528446324173	-0.24278770548496154	38.571822478826064	0.6468300649366175	6.880626216517725
5.479216438909497e10	53.18953771043355	0.13216075334600216	8.669458256063093	-0.28226918441784155	38.426001148262415	0.6278789877752287	6.177777997765283
5.479216438911533e10	53.37619556713721	0.1261487552834827	9.662704895599541	-0.3078639433255441	38.15918347154344	0.6102191195940547	5.595122553072703
5.479216438913192e10	53.543066945179056	0.1208832532892565	10.449823323274078	-0.32654608270531965	37.84077265447236	0.5936223574129406	5.07528351460588
5.479216438914794e10	53.716460323553335	0.11551952993344174	11.187809843689163	-0.34256155546667577	37.44825332297678	0.5758275241700331	4.535870985691071
5.479216438916439e10	53.90659008377485	0.10976361986062311	11.925091108970722	-0.3568811746673786	36.96316340089045	0.5557747240457463	3.945016177394773
5.479216438918365e10	54.14449027027251	0.10274846167064966	12.770100304070828	-0.37090324885723847	36.29768352221954	0.5299992292271966	3.20635226219121
5.479216438920808e10	54.46936304489044	0.09351475836174235	13.828067268119069	-0.38426340337116666	35.31648777504519	0.4937781171047455	2.198441724233366
5.479216438923254e10	54.82058478063625	0.08400630920319835	14.884156276706486	-0.39201910471978463	34.18921833377051	0.4534632748310506	1.109742924843673
5.479216438924824e10	55.05957726518161	0.07783669467406283	15.548445328960806	-0.3930992931817084	33.38207429109379	0.42531701168734565	0.3704802491556179
5.479216438925956e10	55.23815947013006	0.07339509767677675	15.99790742867455	-0.39123958833945766	32.748468791785584	0.4039491921814985	-0.17849718867722128
5.479216438927028e10	55.41192628174561	0.06921738744733964	16.37377039576941	-0.3868126674281348	32.1013755531264	0.3829769465332056	-0.7027802533893689
5.479216438928085e10	55.58672064776973	0.06516336688445415	16.646550662257233	-0.3788131082563477	31.41946616498275	0.3616711323286827	-1.1996622444698377
5.479216438929129e10	55.76104991231924	0.06127465028868925	16.709280392714696	-0.36508979598307106	30.713633884062247	0.34018104149992157	-1.6147571528911067
5.479216438930079e10	55.91882125533665	0.05789491002554864	16.46059235998987	-0.3454612157093297	30.068877257461523	0.3207241403303554	-1.8642185865894068
5.4792164389310135e10	56.07007132882026	0.05478556319256338	15.92963726644016	-0.320534752620967	29.46908051460163	0.30237009597025877	-1.9809957703217915
5.479216438931933e10	56.21346930454594	0.05196096233738933	15.26839071693967	-0.2941935721783884	28.934662855163268	0.2854364754417717	-2.0176457038175246
5.4792164389328514e10	56.35068135296507	0.04937480454383506	14.598802856959454	-0.26895870366219776	28.462770239825616	0.2697274824246388	-2.01970823597248
5.479216438933893e10	56.498948944430616	0.04671257930360998	13.90191608103225	-0.24305275849456243	27.998979619019636	0.25330235008592067	-2.0072145197578366
5.479216438935217e10	56.677884046398404	0.04368801219711768	13.136143313515996	-0.21435335467917327	27.501628545077395	0.23421307023841162	-1.9856247629584578
5.47921643893703e10	56.90813002539484	0.04010719309858759	12.28522517214734	-0.1815850418352502	26.953594444836725	0.21075039787217256	-1.956662262544769
5.479216438939515e10	57.20181656324884	0.03605869594931479	11.398042085629266	-0.145728158747883	26.382129060104504	0.18242792809879044	-1.9228575953576292
5.479216438942664e10	57.54711127927483	0.032051052501967874	10.5794278379891	-0.11033148362270931	25.85226164010153	0.15107382116149343	-1.8888557520560056
5.4792164389464676e10	57.93529687770185	0.02851267785513228	9.864517600807964	-0.0770395566179905	25.385811183480385	0.11783411382474133	-1.8569789778032733
5.479216438951018e10	58.36908746702321	0.02574686052580242	9.232059575008781	-0.04576564081093504	24.968883131685814	0.08262767757824228	-1.8270629749323708
5.479216438956396e10	58.84941307099741	0.024101929487379273	8.65428129285808	-0.016555246812047127	24.583624029365083	0.04547567155307127	-1.7982646551034507
5.479216438962597e10	59.36874868325079	0.023932458741768352	8.110186423129205	0.010020228755012713	24.216858662374094	0.007046957969990684	-1.7697060732078438
5.479216438969516e10	59.91143180629664	0.02546029470511747	7.588050801171754	0.033152085827927384	23.86168202183974	-0.03140244472699195	-1.7407399582865122
5.479216438976995e10	60.45976353799605	0.02868822324069415	7.0834792738906565	0.05226975569880951	23.516004874116746	-0.06852289771083218	-1.7110037425302647
5.479216438984874e10	60.998367568018445	0.03342591824598419	6.59718675542669	0.06722371474959096	23.180960023605124	-0.1032261296650717	-1.6804182853066305
5.479216438993161e10	61.52522064702974	0.0394889126495433	6.1238789992933	0.07841195237737832	22.853243859055013	-0.13538036896936154	-1.6485183891428017
5.479216439001895e10	62.03955053031437	0.04670412322133134	5.660801956699058	0.08622694172950446	22.531041459806787	-0.16495718311622767	-1.6149307340912054
5.479216439011111e10	62.53998573369136	0.05489402804865755	5.2075010513518745	0.09102899620043434	22.213962720591624	-0.19193202760083714	-1.5793853296649696
5.479216439020867e10	63.026122474577576	0.06390142694635022	4.763432144103612	0.09317224539841923	21.90143206910473	-0.21637565148496998	-1.5415483485628314
5.479216439031242e10	63.4974085664903	0.07357617549320153	4.328475559275821	0.09298367530251306	21.593061692453617	-0.23838393832213892	-1.5010452730864399
5.4792164390423294e10	63.95335126171187	0.08377857037114655	3.9025019820349622	0.09076412238427024	21.288340235462	-0.25808345849792097	-1.4574034245203493
5.479216439054252e10	64.3933667346486	0.09437618164105398	3.485372829626715	0.08678635170128247	20.986599515866274	-0.2756181954867874	-1.4100134137255047
5.47921643906718e10	64.81705732214141	0.10525047755434105	3.0765663282005264	0.08128965654704184	20.686671292911015	-0.29115469510407094	-1.3580205562640302
5.479216439081319e10	65.22316542413824	0.11626913373093685	2.67606610318542	0.07449127864971977	20.387406863283346	-0.30484075828171125	-1.300334456997386
5.479216439096976e10	65.61073467331046	0.12731424163397526	2.2830687341288933	0.06656883022315478	20.086475637824165	-0.316848700424122	-1.2352881312540167
5.47921643911451e10	65.97652647736429	0.1382066890223319	1.8983553010913572	0.05770834058914081	19.781697695449466	-0.32729939507107336	-1.1607432576790486
5.479216439134342e10	66.31492845292318	0.14869109558667737	1.5243724398066523	0.04812873160249592	19.470350660205	-0.3362852771022949	-1.0738622192506628
5.479216439156552e10	66.61309681754672	0.15826700061794807	1.1714926430480441	0.03827957453096452	19.153416174124473	-0.3437675739912825	-0.9727074941788195
5.4792164391799484e10	66.85004910225346	0.16612444176889285	0.864169067557704	0.029098994457378086	18.843169325608656	-0.3495532855351778	-0.8610016288698775
5.479216439204959e10	67.03182210782863	0.17232764460199906	0.5999138051616592	0.02077000259905262	18.523841948230952	-0.35403362523708953	-0.7354799622829763
5.4792164392322395e10	67.16420142507587	0.17696983904866503	0.3829259329943076	0.013620518318151467	18.179653422793095	-0.35738432610672594	-0.5934156875328246
5.479216439267764e10	67.26588536308891	0.1806366812247633	0.20882060823059156	0.007644136548213373	17.772405447492943	-0.35965356655900943	-0.41295552308687616
5.479216439326864e10	67.34896928573055	0.18372037351475712	0.09483841810069593	0.0035699410199607636	17.33230407644716	-0.3604381676606711	-0.16855415888805153
5.479216439441703e10	67.41773658419986	0.18634011292611752	0.038934343589386154	0.0015010870659365261	16.927373047781558	-0.3601638253361498	0.1328692512416091
5.479216439651366e10	67.4705789536312	0.18839637587611802	0.016923992057948384	0.0006646873782089616	16.603375329355586	-0.3595069041650311	0.4355946394126213
5.479216440039668e10	67.51423407850608	0.19012418303856715	0.007752868671605581	0.0003092214952530193	16.33028938417364	-0.3587532078758388	0.7327779620356214
5.479216440765693e10	67.55233707771113	0.19165427061427667	0.003685977771143048	0.00014902693999868687	16.08864455784955	-0.357977750421357	1.0248479227556504
5.479216442139788e10	67.58700755389998	0.19306482320007687	0.001791474820409785	7.334384994810909e-5	15.866310773996034	-0.35719392590348037	1.3145831492164415
5.479216444758618e10	67.61935410212843	0.19439696227389375	0.0008831802225511436	3.658860381669415e-5	15.65688465580105	-0.356403539770965	1.603210596731865
5.479216449774145e10	67.65004123104976	0.19567552440401054	0.00043957761173946477	1.841943269694165e-5	15.45652951857916	-0.3556052933795108	1.8914007354224034
5.47921645941099e10	67.67948805425229	0.1969162596375172	0.00022028201407861466	9.333088342048991e-6	15.26284844985561	-0.3547975403632028	2.1794353207055295
5.479216477985498e10	67.70799551946622	0.19813064789800136	0.00011090178674330732	4.750020221606867e-6	15.074122000259436	-0.35397820234112704	2.4676125559833486
5.4792165138744415e10	67.73577082919707	0.19932666084587766	5.601826833126176e-5	2.4251115406374023e-6	14.889182945144185	-0.3531456611120904	2.7560544870931216
5.479216583385221e10	67.76297227708281	0.20051050057331596	2.835770949312411e-5	1.2407252356537299e-6	14.707141461947131	-0.352298336163882	3.0448968254770223
5.479216718311362e10	67.78971795001893	0.20168687109979014	1.4375452273457298e-5	6.356276001909227e-7	14.527340806030125	-0.3514349052128764	3.334219168488557
5.479216980758835e10	67.81609909168218	0.20285948453751343	7.2932466448009545e-6	3.2588660643380394e-7	14.349277708890227	-0.35055419541178007	3.6240790003527077
5.4792174921741684e10	67.8421838783311	0.20403117209715213	3.7017603705493274e-6	1.671536442419246e-7	14.172584163892694	-0.34965525796997027	3.9144791595642623
5.479218490583586e10	67.86802974237877	0.20520439530524298	1.8789885540379807e-6	8.57432016529491e-8	13.996949521392835	-0.3487370664546174	4.205453246644298
5.47922044336748e10	67.89368415956271	0.20638125966500356	9.535188322298379e-7	4.397298775283182e-8	13.822119344783133	-0.34779852292596186	4.497039827761089
5.4792242694737175e10	67.91918389200039	0.20756345782560567	4.836556649014928e-7	2.2541997059320877e-8	13.647905028365031	-0.34683845996837376	4.789246495702269
5.479231779079708e10	67.94456020314341	0.20875249038943847	2.451703016477912e-7	1.1549026193986003e-8	13.474153694651946	-0.3458553119002556	5.082087846043673
5.479246542937566e10	67.96983836779353	0.2099496284348634	1.241878638047098e-7	5.91291195187508e-9	13.300759642444078	-0.34484679043184613	5.375562401588965
5.479275614827946e10	67.99503970995507	0.21115599254079132	6.28568688653126e-8	3.0251083098481133e-9	13.127664547771033	-0.34380908288488915	5.6696592695391965
5.47933296484411e10	68.02018876938081	0.21237288066409946	3.1786307957668585e-8	1.5463504164363584e-9	12.95483470941305	-0.3427350699200222	5.964422834072695
5.479446263626148e10	68.04530237565488	0.21360121555990114	1.606322495723773e-8	7.899016661518952e-10	12.782387633450426	-0.3416118117770465	6.2597973309651405
5.479670443382939e10	68.07040577766291	0.21484227584352203	8.114299770487923e-9	4.032859231636146e-10	12.610582693548068	-0.3404139325292003	6.555768970205315
5.480114663292357e10	68.09553298517015	0.21609763084022837	4.100065377417636e-9	2.0588901229604494e-10	12.440020034824343	-0.3390917403726705	6.852283796778244
5.480995992080499e10	68.12073869624652	0.2173695531374043	2.0752937997573914e-9	1.0521467909002871e-10	12.271958126705059	-0.33754708113200577	7.149219459573206
5.4827464694968216e10	68.14612662738797	0.21866207419154707	1.0551997614812356e-9	5.3924618203729295e-11	12.108913316281601	-0.3355848749435885	7.446381807492162
5.486224746832131e10	68.17189211160148	0.21998235032024524	5.420575698913385e-10	2.7829267746782398e-11	11.95593115599651	-0.33281768919241433	7.743317491791267
5.49313082823745e10	68.19842628481713	0.22134416663439946	2.8453020917273843e-10	1.4575325246611388e-11	11.822908974498219	-0.328477001809557	8.039093730857278
5.506793671459318e10	68.22653332017435	0.22277457388138486	1.5601486863552863e-10	7.864253170833476e-12	11.72877035219598	-0.3210510771325836	8.331689746336064
5.533507488979625e10	68.25788941998978	0.22432495219150655	9.318080257973983e-11	4.494477571800191e-12	11.70749575772335	-0.30765618452174953	8.616219146086832
5.583980260306424e10	68.29604135554807	0.22608430223755807	6.503602176558149e-11	2.841592376764605e-12	11.809341300626457	-0.28329548370450736	8.880652037071892
5.671048401255738e10	68.3479061744035	0.22814961212329346	5.747611901756946e-11	2.0597711504186112e-12	12.06729887079156	-0.24172748811285674	9.097730891004696
